width,depth,curvature,point_count,label
0.0643,0.0110,28.0332,4,
0.0460,0.0020,9.2887,5,
0.0668,0.0328,30.3813,8,
0.3616,0.0155,5.4446,43,
0.6037,0.0548,1.3166,70,
0.6038,0.0279,0.9209,73,
0.6220,0.0334,0.8899,73,
0.6349,0.0371,0.8480,74,
0.6275,0.0335,0.8176,72,
0.6212,0.0259,0.7058,72,
0.6355,0.0371,0.7383,72,
0.6249,0.0291,0.8542,70,
0.6563,0.0346,0.7122,72,
0.6325,0.0303,0.7969,70,
0.6425,0.0304,0.6769,71,
0.6550,0.0373,0.8642,71,
0.6476,0.0358,0.7737,72,
0.6421,0.0287,0.8456,71,
0.6492,0.0346,0.9110,71,
0.0300,0.0027,22.1507,4,
0.6614,0.0390,0.9384,73,
0.0323,0.0024,17.9754,4,
0.6913,0.0453,0.8796,75,
0.0435,0.0058,25.2539,5,
0.6802,0.0303,0.7404,77,
0.0396,0.0046,24.1284,5,
0.7282,0.0303,1.1916,85,
0.7667,0.1537,2.5250,95,
0.0426,0.0195,52.2100,4,
0.4240,0.1303,4.3007,62,
0.2313,0.0185,3.1635,22,
0.4017,0.1306,4.6363,60,
0.0829,0.0055,6.1692,8,
0.0401,0.0027,12.3790,6,
0.3143,0.0119,8.1965,37,
0.0833,0.0044,5.0944,8,
0.0520,0.0022,6.8534,4,
0.2957,0.0130,4.2101,38,
0.0873,0.0030,3.3028,8,
0.0409,0.0033,16.9213,4,
0.3128,0.0242,2.0656,39,
0.0949,0.0031,2.8985,8,
0.0538,0.0057,16.8016,5,
0.3065,0.0198,1.8387,39,
0.1004,0.0025,1.9138,8,
0.0902,0.0011,1.0521,4,
0.0416,0.0064,26.9874,5,
0.0249,0.0002,1.9326,4,
0.3087,0.0217,1.9191,39,
0.0956,0.0013,1.4400,8,
0.0856,0.0013,1.4440,4,
0.0444,0.0038,17.9270,5,
0.0285,0.0013,13.2213,4,
0.3091,0.0174,1.5955,39,
0.0907,0.0017,1.8617,8,
0.0799,0.0010,1.3688,4,
0.0538,0.0063,17.7065,5,
0.0257,0.0008,9.2356,4,
0.3156,0.0178,1.7195,39,
0.1659,0.0070,2.0550,11,
0.0810,0.0003,0.6244,4,
0.0521,0.0065,18.9223,5,
0.0276,0.0001,1.4609,4,
0.3165,0.0211,1.7479,39,
0.2091,0.0119,2.0661,17,
0.0810,0.0003,0.4451,4,
0.0360,0.0044,28.8685,4,
0.0445,0.0153,45.8533,5,
0.3105,0.0119,1.4521,37,
0.2190,0.0140,2.2611,20,
0.0613,0.0113,21.8457,6,
0.0258,0.0001,1.4621,4,
0.3262,0.0145,1.6201,38,
0.2090,0.0150,3.6117,18,
0.0488,0.0055,18.8216,5,
0.0308,0.0009,8.0483,4,
0.3265,0.0122,1.8313,41,
0.1888,0.0150,4.5579,15,
0.0844,0.0010,1.1475,4,
0.0417,0.0070,28.3850,5,
0.0357,0.0172,57.7089,4,
0.3138,0.0087,2.7551,40,
0.0837,0.0078,8.5702,7,
0.0929,0.0011,1.0183,4,
0.0421,0.0067,27.0732,5,
0.3249,0.0090,10.2788,40,
0.0713,0.0035,7.5695,8,
0.0422,0.0030,15.0282,4,
0.3279,0.0078,2.9082,39,
0.0732,0.0035,7.0951,10,
0.0490,0.0022,8.4764,4,
0.0327,0.0040,29.7999,4,
0.3407,0.0152,2.6277,43,
0.0848,0.0036,4.2635,12,
0.0527,0.0067,19.0243,5,
0.3833,0.1335,5.4404,51,
0.0928,0.0032,3.1595,13,
0.0551,0.0067,17.9100,5,
0.3856,0.1296,5.1151,56,
0.0884,0.0037,3.6235,13,
0.0330,0.0052,38.9837,4,
0.3881,0.1296,5.0746,56,
0.0835,0.0028,3.5610,12,
0.0806,0.0103,15.7151,6,
0.3871,0.1230,4.8665,57,
0.0820,0.0028,3.9794,12,
0.0798,0.0062,18.7837,6,
0.3907,0.1241,4.7750,59,
0.0728,0.0033,10.8750,11,
0.0915,0.0067,18.0941,7,
0.3893,0.1212,4.7535,60,
0.0733,0.0041,9.1085,11,
0.1054,0.0092,8.4733,8,
0.3909,0.1153,4.5968,60,
0.0794,0.0020,9.1909,12,
0.0853,0.0124,15.0835,7,
0.3917,0.1175,4.5053,61,
0.0756,0.0031,41.4615,11,
0.1038,0.0091,9.9289,8,
0.3903,0.1131,4.4207,61,
0.0748,0.0035,40.0847,11,
0.1004,0.0109,10.1316,8,
0.3884,0.1138,4.4727,61,
0.0679,0.0036,16.3671,10,
0.0968,0.0104,10.1217,8,
0.3910,0.1138,4.4351,61,
0.0753,0.0040,25.8316,11,
0.1039,0.0106,8.6678,8,
0.3885,0.1149,4.5027,61,
0.0820,0.0036,32.3805,12,
0.1035,0.0147,13.8467,8,
0.3908,0.1113,4.3582,60,
0.0744,0.0027,31.6416,11,
0.1040,0.0135,11.0327,8,
0.3914,0.1124,4.3607,60,
0.0748,0.0023,26.2496,11,
0.1084,0.0141,11.2028,8,
0.3938,0.1153,4.4317,61,
0.0743,0.0025,34.6108,11,
0.1161,0.0135,12.1105,8,
0.3948,0.1171,4.5180,62,
0.0739,0.0030,10.6988,11,
0.1084,0.0130,9.5610,8,
0.3921,0.1167,4.5318,61,
0.0723,0.0022,29.5456,11,
0.1125,0.0152,12.4309,8,
0.3918,0.1158,4.5485,61,
0.0735,0.0029,9.2369,11,
0.1151,0.0159,12.0679,8,
0.3917,0.1171,4.5585,61,
0.0749,0.0021,24.2360,11,
0.1319,0.0170,10.3615,9,
0.3918,0.1165,4.5653,61,
0.0736,0.0035,7.3312,11,
0.1210,0.0119,7.8935,8,
0.3927,0.1153,4.5216,61,
0.0731,0.0020,10.9352,11,
0.1140,0.0172,14.3846,8,
0.3893,0.1159,4.6147,59,
0.0709,0.0021,4.7318,10,
0.1267,0.0149,10.1674,9,
0.3915,0.1150,4.6031,60,
0.0790,0.0028,5.0749,12,
0.1011,0.0166,14.1910,7,
0.3922,0.1211,4.6605,57,
0.0786,0.0014,4.1682,12,
0.0999,0.0136,12.7447,7,
0.3911,0.1215,4.6202,55,
0.0733,0.0008,5.1219,11,
0.1126,0.0161,11.7065,8,
0.1233,0.0031,10.7839,6,
0.0507,0.0061,23.6829,7,
0.3187,0.0392,3.6988,44,
0.0761,0.0023,4.1302,11,
0.0989,0.0220,17.6073,8,
0.1869,0.0199,4.8746,9,
0.1167,0.0092,5.8941,4,
0.0520,0.0084,21.3637,7,
0.2853,0.0152,3.4791,36,
0.0704,0.0027,18.5029,10,
0.0899,0.0247,25.6030,8,
0.2252,0.0266,4.1228,11,
0.1272,0.0194,9.0881,4,
0.0395,0.0013,23.7769,6,
0.2894,0.0131,3.7241,37,
0.0697,0.0048,8.4676,10,
0.0686,0.0216,26.4676,8,
0.2693,0.0340,3.9971,13,
0.1161,0.0288,13.9408,4,
0.0476,0.0026,13.5688,7,
0.3082,0.0124,4.2009,36,
0.0702,0.0044,7.8112,10,
0.0651,0.0192,27.4703,8,
0.2709,0.0275,2.7687,13,
0.1185,0.0112,6.4400,4,
0.0583,0.0069,19.3319,7,
0.3359,0.0273,2.4714,44,
0.0619,0.0047,12.8028,9,
0.0678,0.0188,25.1206,8,
0.3173,0.0385,2.8797,15,
0.1664,0.0312,7.8810,4,
0.0535,0.0085,26.1958,7,
0.3301,0.0266,3.1830,43,
0.0584,0.0019,35.1794,8,
0.0662,0.0183,25.2418,8,
0.3051,0.0478,3.5298,14,
0.1621,0.0397,9.7701,4,
0.0557,0.0055,18.3368,7,
0.3347,0.0210,2.7025,43,
0.0665,0.0021,14.7393,9,
0.0571,0.0151,28.6370,7,
0.2987,0.0455,3.7179,14,
0.1132,0.0186,21.5238,4,
0.0334,0.0165,61.6014,4,
0.0550,0.0052,15.3691,7,
0.3203,0.0150,3.2468,38,
0.0592,0.0029,6.7766,8,
0.0721,0.0205,23.6211,8,
0.2795,0.0414,3.8816,13,
0.1164,0.0433,16.7703,4,
0.0384,0.0041,20.3288,6,
0.3288,0.0132,2.8544,38,
0.0633,0.0016,5.4694,8,
0.0935,0.0060,5.8708,4,
0.0664,0.0196,26.1074,8,
0.2768,0.0454,4.3430,12,
0.1457,0.0144,5.8399,5,
0.0434,0.0024,17.1205,6,
0.3265,0.0115,2.5924,38,
0.0698,0.0034,5.8267,8,
0.1329,0.0095,4.4573,5,
0.0749,0.0251,25.0562,9,
0.2145,0.0230,4.1643,10,
0.1542,0.0173,16.4567,6,
0.0330,0.0016,41.4875,5,
0.3250,0.0135,2.1848,38,
0.0773,0.0050,7.4019,8,
0.1528,0.0043,1.6464,6,
0.0676,0.0196,26.0280,8,
0.1513,0.0104,3.7700,7,
0.3338,0.0096,3.7657,41,
0.0825,0.0044,5.8189,8,
0.1747,0.0031,0.9043,7,
0.0748,0.0253,25.0952,9,
0.1325,0.0033,1.9410,6,
0.0261,0.0138,76.8529,4,
0.3286,0.0116,2.7548,39,
0.2167,0.0131,2.3095,21,
0.2142,0.0032,0.5489,8,
0.0646,0.0208,28.7663,8,
0.1604,0.0008,0.3731,6,
0.6428,0.0409,0.8906,77,
0.2116,0.0023,0.4679,8,
0.0737,0.0255,25.7770,9,
0.1592,0.0032,1.0940,4,
0.0960,0.0149,19.0637,4,
0.6377,0.0325,0.8866,74,
0.1863,0.0047,1.1570,8,
0.0563,0.0123,26.4164,7,
0.0275,0.0008,8.2361,4,
0.6356,0.0371,1.2665,74,
0.1988,0.0020,9.2317,8,
0.0655,0.0202,27.0405,8,
0.0348,0.0037,23.5329,5,
0.0448,0.0049,18.8300,4,
0.6367,0.0279,2.0280,74,
0.1968,0.0023,9.8777,8,
0.0558,0.0139,27.8702,7,
0.0360,0.0046,27.3042,5,
0.0355,0.0020,12.9933,4,
0.6296,0.0338,5.0868,72,
0.1977,0.0014,0.4161,8,
0.0712,0.0167,21.6046,8,
0.0473,0.0063,19.9492,6,
0.0574,0.0024,5.7793,6,
0.6145,0.0303,4.5339,70,
0.2043,0.0030,0.5303,8,
0.0677,0.0194,25.2533,8,
0.0579,0.0079,16.9729,7,
0.0571,0.0017,4.2273,5,
0.6072,0.0281,5.8192,70,
0.2011,0.0052,1.1147,8,
0.0681,0.0199,25.9469,8,
0.0547,0.0050,19.5828,7,
0.0577,0.0035,9.1589,6,
0.6039,0.0200,0.7523,70,
0.1985,0.0021,0.4877,8,
0.0624,0.0193,28.7375,8,
0.0392,0.0129,46.8065,5,
0.0769,0.0022,6.1837,6,
0.6092,0.0375,1.3542,72,
0.1981,0.0020,0.3871,8,
0.0737,0.0250,25.6907,9,
0.0265,0.0009,19.4066,4,
0.0710,0.0023,6.8853,6,
0.2691,0.0311,3.1713,32,
0.0648,0.0090,30.8824,40,
0.1981,0.0014,0.3572,8,
0.0731,0.0212,23.7695,8,
0.0343,0.0082,46.8367,5,
0.0580,0.0018,4.3982,5,
0.3265,0.0252,2.9952,37,
0.1783,0.0316,19.8022,74,
0.0423,0.0194,47.5682,6,
0.0402,0.0015,8.0238,4,
0.1009,0.0563,23.4474,169,
0.0359,0.0047,28.0344,5,
0.1000,0.0418,25.7658,174,
0.0438,0.0013,13.0561,6,
0.0846,0.0400,29.9732,171,
0.1396,0.0527,16.9073,5,
0.1135,0.0115,12.4270,4,
0.0452,0.0056,21.6084,6,
0.0645,0.0079,15.6728,6,
0.0752,0.0458,31.2574,168,
0.0445,0.0008,3.8207,6,
0.0773,0.0477,31.1034,171,
0.0333,0.0019,22.7499,8,
0.0527,0.0068,51.6588,6,
0.0781,0.0499,30.8015,174,
0.2219,0.0490,13.0930,188,
0.1147,0.0056,3.6264,4,
0.0061,0.0006,137.1580,4,
0.0337,0.0054,36.2699,5,
0.2272,0.0463,13.3739,184,
0.1474,0.0691,15.2461,5,
0.1385,0.0641,16.8353,7,
0.0100,0.0049,233.6721,6,
0.2348,0.0199,4.9848,13,
0.0480,0.0010,3.9640,6,
0.0834,0.0108,12.1500,9,
0.2485,0.0582,13.8950,198,
0.1472,0.0658,14.6617,5,
0.1288,0.0678,17.8456,7,
0.0316,0.0065,83.4059,4,
0.0136,0.0073,157.5344,6,
0.2311,0.0201,3.7260,12,
0.0398,0.0026,28.3422,5,
0.0658,0.0009,47.2954,13,
0.1734,0.0562,10.8564,6,
0.1222,0.0515,17.7062,5,
0.1203,0.0144,14.9006,4,
0.0136,0.0018,73.4193,5,
0.2396,0.0132,4.3537,13,
0.0844,0.0453,25.1161,7,
0.2115,0.0289,5.2389,23,
0.1050,0.0444,25.8437,63,
0.0588,0.0018,5.4640,13,
0.1396,0.0136,10.0351,5,
0.1259,0.0563,17.4695,7,
0.0154,0.0051,151.7241,6,
0.2326,0.0261,5.1982,13,
0.0504,0.0097,30.6004,6,
0.6009,0.0505,1.4514,73,
0.2202,0.0028,0.5225,9,
0.0601,0.0013,5.7808,13,
0.2017,0.0763,9.8153,6,
0.1314,0.0670,16.9300,7,
0.0343,0.0159,61.3583,4,
0.0234,0.0073,118.3839,6,
0.2401,0.0209,4.5438,12,
0.0456,0.0022,52.0368,6,
0.6354,0.0385,1.5768,73,
0.2440,0.0027,0.3525,10,
0.0657,0.0016,3.4657,13,
0.1801,0.0728,12.0860,6,
0.1303,0.0648,17.3506,6,
0.0247,0.0077,95.1547,4,
0.0120,0.0066,172.5464,6,
0.2311,0.0195,3.6219,12,
0.0667,0.0135,23.5404,8,
0.6433,0.0354,5.4778,73,
0.2805,0.0012,0.2276,11,
0.0600,0.0008,8.0672,13,
0.1506,0.0691,14.1849,5,
0.1282,0.0654,17.9759,8,
0.0362,0.0186,63.5200,4,
0.0190,0.0039,79.1939,6,
0.2320,0.0132,4.4745,12,
0.0994,0.0180,17.0400,11,
0.6645,0.0634,1.9360,72,
0.2563,0.0010,0.2726,10,
0.0805,0.0018,3.6240,13,
0.1401,0.0346,12.5796,5,
0.1308,0.0700,17.6341,8,
0.1072,0.0193,14.6299,4,
0.0102,0.0027,163.3327,5,
0.2321,0.0132,4.3483,12,
0.1031,0.0235,16.7844,11,
0.6515,0.0651,1.4450,71,
0.2370,0.0009,0.2801,9,
0.0560,0.0030,8.8970,13,
0.1410,0.0108,14.4434,5,
0.1152,0.0485,19.5963,7,
0.0633,0.0039,19.3946,4,
0.0132,0.0019,87.5792,7,
0.2390,0.0194,3.5725,12,
0.1153,0.0223,12.7703,11,
0.6477,0.0500,1.4631,72,
0.1931,0.0020,0.5310,8,
0.0579,0.0017,6.0153,13,
0.1458,0.0593,14.1926,5,
0.1315,0.0682,17.5828,7,
0.0398,0.0125,55.6437,4,
0.0238,0.0078,104.5272,7,
0.2273,0.0203,4.1161,12,
0.1079,0.0232,14.8457,11,
0.6613,0.0497,2.9239,74,
0.1119,0.0022,1.6737,5,
0.0727,0.0009,1.7670,14,
0.1541,0.0353,15.8730,4,
0.1173,0.0029,1.6889,4,
0.1253,0.0415,16.6028,5,
0.0555,0.0113,47.1015,4,
0.0078,0.0007,359.7404,5,
0.2347,0.0196,4.6705,13,
0.1138,0.0212,12.4225,11,
0.6635,0.0524,3.3733,76,
0.0828,0.0003,0.6226,4,
0.0627,0.0013,19.1394,13,
0.1465,0.0141,5.6887,5,
0.1165,0.0492,18.2308,5,
0.0181,0.0051,141.6672,6,
0.2253,0.0187,5.3303,12,
0.1201,0.0241,26.6459,11,
0.6759,0.0542,2.7681,76,
0.0569,0.0017,4.9451,13,
0.1431,0.0140,7.7060,5,
0.1226,0.0516,17.2633,5,
0.0172,0.0075,129.3287,7,
0.2291,0.0135,5.0819,12,
0.0941,0.0238,18.6736,10,
0.6813,0.0544,2.7230,76,
0.0564,0.0021,8.9496,13,
0.1793,0.0790,11.9235,6,
0.1237,0.0534,17.4212,5,
0.0208,0.0041,87.1812,7,
0.2408,0.0132,5.1558,13,
0.0924,0.0266,19.8979,10,
0.6819,0.0578,2.0665,74,
0.1116,0.0003,0.3645,5,
0.0669,0.0015,3.1819,13,
0.1426,0.0223,9.7955,5,
0.1607,0.0733,13.6443,6,
0.0158,0.0038,117.2636,6,
0.2366,0.0176,4.3664,13,
0.1184,0.0200,20.3464,11,
0.6786,0.0518,1.5934,72,
0.1672,0.0004,0.2252,7,
0.0659,0.0011,5.1346,13,
0.1419,0.0105,6.2968,5,
0.1224,0.0502,17.7661,5,
0.0143,0.0014,53.7697,5,
0.2396,0.0133,4.6933,13,
0.1245,0.0304,27.1770,11,
0.6590,0.0398,1.5443,69,
0.2210,0.0018,0.3237,9,
0.0678,0.0015,2.6662,13,
0.1818,0.0597,11.3190,6,
0.1198,0.0484,17.9557,5,
0.1003,0.0206,19.0676,4,
0.0272,0.0130,91.9508,8,
0.2312,0.0198,5.1461,12,
0.1514,0.0456,16.8664,11,
0.6476,0.0352,1.8287,67,
0.2698,0.0043,0.4856,10,
0.0551,0.0012,54.4857,13,
0.1511,0.0021,2.9038,5,
0.1227,0.0600,18.2837,6,
0.0192,0.0040,72.9237,6,
0.2410,0.0263,4.7270,13,
0.1134,0.0140,12.5513,11,
0.1157,0.0736,19.2782,6,
0.6148,0.0463,1.1176,62,
0.2986,0.0013,1.0952,11,
0.0599,0.0005,18.4544,13,
0.2053,0.0849,10.0212,6,
0.1336,0.0671,16.8075,6,
0.0417,0.0197,50.3311,4,
0.0154,0.0040,139.0538,6,
0.2284,0.0192,3.9151,12,
0.1112,0.0181,12.6889,11,
0.2674,0.0725,11.5862,14,
0.5845,0.0610,1.3729,57,
0.3442,0.0011,0.4431,13,
0.0707,0.0014,2.9933,13,
0.1575,0.0233,14.2508,4,
0.1490,0.0562,13.4694,5,
0.1261,0.0461,17.3533,5,
0.0341,0.0121,62.8419,7,
0.2303,0.0135,4.8576,12,
0.0915,0.0263,19.8484,10,
0.2351,0.0688,10.5659,13,
0.5502,0.0658,1.5458,54,
0.3474,0.0090,0.6542,13,
0.0643,0.0017,7.1746,12,
0.1381,0.0074,6.6889,5,
0.1203,0.0494,19.0932,6,
0.0207,0.0039,122.9811,6,
0.2223,0.0135,5.2799,12,
0.1250,0.0302,27.1380,11,
0.2366,0.0741,10.3475,13,
0.5270,0.0657,1.6292,52,
0.3665,0.0055,0.3689,14,
0.0589,0.0009,4.2799,13,
0.1408,0.0615,15.8450,5,
0.1243,0.0626,18.5137,7,
0.0385,0.0047,36.3471,4,
0.0136,0.0080,167.9482,6,
0.2356,0.0196,4.7342,13,
0.1134,0.0249,13.9854,11,
0.2543,0.0592,11.6712,14,
0.5494,0.0927,1.9306,52,
0.3399,0.0019,0.8883,13,
0.0596,0.0024,5.8732,13,
0.1517,0.0723,14.3433,5,
0.1234,0.0465,17.3267,5,
0.0331,0.0113,58.0239,7,
0.2242,0.0181,5.3588,12,
0.0933,0.0266,19.6850,10,
0.2269,0.0731,11.2441,13,
0.5179,0.0754,1.8552,51,
0.3265,0.0020,0.1964,12,
0.0736,0.0011,2.0189,13,
0.1509,0.0497,14.6836,4,
0.1223,0.0027,20.9057,4,
0.1276,0.0517,16.6387,5,
0.0115,0.0042,170.9824,5,
0.2302,0.0181,4.6732,12,
0.0922,0.0278,20.8828,10,
0.2290,0.0630,10.5593,13,
0.5295,0.0685,1.6313,52,
0.3136,0.0016,0.3299,12,
0.0561,0.0018,7.5051,13,
0.1850,0.0545,11.1767,6,
0.1209,0.0482,17.9769,5,
0.0309,0.0037,85.2206,7,
0.2271,0.0133,4.7518,12,
0.1252,0.0286,26.9113,11,
0.2297,0.0795,11.1170,13,
0.5208,0.0611,1.5432,52,
0.3117,0.0078,0.6888,12,
0.0586,0.0011,3.1791,12,
0.1406,0.0048,12.1320,5,
0.1189,0.0564,18.5604,6,
0.0190,0.0081,132.4399,7,
0.2339,0.0190,3.6130,12,
0.1127,0.0146,13.0899,11,
0.2663,0.0735,11.5211,14,
0.5298,0.0671,1.6368,53,
0.2669,0.0012,1.0144,10,
0.0618,0.0017,44.5739,13,
0.1261,0.0648,18.1585,8,
0.0535,0.0131,38.2725,4,
0.0088,0.0049,261.5860,5,
0.2372,0.0205,4.4532,12,
0.1054,0.0239,16.7522,11,
0.2504,0.0400,11.2203,14,
0.5439,0.0728,1.6174,54,
0.2563,0.0010,0.3357,10,
0.0579,0.0024,8.5573,13,
0.1479,0.0531,13.8387,5,
0.1326,0.0747,17.7247,7,
0.0224,0.0057,74.0262,4,
0.0133,0.0076,169.4325,6,
0.2372,0.0203,4.8820,12,
0.1111,0.0259,15.4332,11,
0.2711,0.0689,11.2930,14,
0.5209,0.0622,1.5313,54,
0.2678,0.0070,0.8771,10,
0.0650,0.0027,5.4589,14,
0.1437,0.0146,6.6726,5,
0.1279,0.0483,16.6166,6,
0.0148,0.0085,162.0785,7,
0.2302,0.0132,4.3248,12,
0.1477,0.0425,16.7583,11,
0.2342,0.0747,10.8105,13,
0.5484,0.0822,1.7202,56,
0.2212,0.0002,0.5563,9,
0.0655,0.0010,3.3927,13,
0.1490,0.0234,8.1501,5,
0.1269,0.0569,17.3024,5,
0.0336,0.0069,63.9298,7,
0.2302,0.0132,5.0038,12,
0.1401,0.0400,20.2554,11,
0.2288,0.0633,10.7527,13,
0.5447,0.0696,1.5719,58,
0.1957,0.0009,0.8114,8,
0.0589,0.0011,4.0013,13,
0.2592,0.0450,8.9907,7,
0.1639,0.0744,13.5222,8,
0.0209,0.0043,102.1367,6,
0.2263,0.0137,5.6484,12,
0.1305,0.0347,25.2561,11,
0.2390,0.0704,10.0397,13,
0.5392,0.0666,1.5077,60,
0.1674,0.0037,1.1184,7,
0.0688,0.0013,4.5301,13,
0.1783,0.0786,13.1851,6,
0.1246,0.0722,18.5664,7,
0.0140,0.0030,113.0900,6,
0.2425,0.0132,4.3422,13,
0.0940,0.0259,19.6105,10,
0.2241,0.0669,10.8690,13,
0.5399,0.0628,1.5224,61,
0.1119,0.0005,0.3758,5,
0.0599,0.0014,5.9656,13,
0.1769,0.0664,11.8170,6,
0.1218,0.0508,17.5835,5,
0.0174,0.0053,134.7406,7,
0.2251,0.0132,4.9517,12,
0.0924,0.0263,20.2652,10,
0.2259,0.0666,10.6109,13,
0.5478,0.0711,1.6131,64,
0.0511,0.0037,18.0856,14,
0.1422,0.0164,7.2245,5,
0.1257,0.0551,17.3070,5,
0.0144,0.0081,136.1372,7,
0.2272,0.0135,5.3522,12,
0.0909,0.0283,21.2093,10,
0.2270,0.0745,11.0073,13,
0.5454,0.0702,1.6607,63,
0.0525,0.0028,8.8655,13,
0.1560,0.0365,14.2428,4,
0.1463,0.0615,14.5740,5,
0.1282,0.0473,16.2742,5,
0.0164,0.0048,188.2337,7,
0.2272,0.0206,4.1219,12,
0.1102,0.0298,17.2198,11,
0.2483,0.0411,10.9501,14,
0.2788,0.0378,3.5747,36,
0.1914,0.0253,5.0443,17,
0.0563,0.0021,7.9996,13,
0.1756,0.0818,12.9189,6,
0.1716,0.0779,12.5720,6,
0.0208,0.0114,117.3446,7,
0.2214,0.0116,3.8557,11,
0.1260,0.0296,27.0367,11,
0.2315,0.0726,10.7321,13,
0.2792,0.0411,3.9773,38,
0.1597,0.0137,4.4566,13,
0.0592,0.0020,7.4841,14,
0.1578,0.0320,14.2547,4,
0.1410,0.0826,15.8567,5,
0.1208,0.0490,17.7981,5,
0.0248,0.0126,95.2276,7,
0.2254,0.0171,4.7371,12,
0.0925,0.0261,20.2133,10,
0.2310,0.0815,10.7589,13,
0.2868,0.0513,4.4310,38,
0.0954,0.0057,4.9668,5,
0.0580,0.0006,47.7208,13,
0.1815,0.0626,11.7740,6,
0.0665,0.0265,29.8292,3,
0.1187,0.0513,18.1437,5,
0.0128,0.0055,177.9177,6,
0.2398,0.0133,4.5145,13,
0.1104,0.0141,16.2326,11,
0.1319,0.0009,0.4716,4,
0.2328,0.0676,11.0917,13,
0.2623,0.0408,4.3446,37,
0.0590,0.0007,49.5289,13,
0.1451,0.0100,6.4713,5,
0.1450,0.0348,15.9561,4,
0.1200,0.0510,17.9093,5,
0.0080,0.0024,226.9998,5,
0.2234,0.0136,5.6960,12,
0.1223,0.0215,21.4916,11,
0.1330,0.0034,1.6101,4,
0.2328,0.0716,11.1737,13,
0.2489,0.0359,4.2099,36,
0.0808,0.0039,5.2144,4,
0.0524,0.0017,26.7802,13,
0.1353,0.0498,15.7973,5,
0.1262,0.0510,16.8813,5,
0.0361,0.0081,63.5568,7,
0.2282,0.0132,4.8641,12,
0.0913,0.0293,21.5406,10,
0.2308,0.0669,10.1617,13,
0.2451,0.0338,4.1390,35,
0.0685,0.0013,3.5789,13,
0.1431,0.0548,14.7460,5,
0.1263,0.0649,18.2038,7,
0.0302,0.0032,33.1152,4,
0.0106,0.0064,198.0960,6,
0.2310,0.0206,4.1530,12,
0.1006,0.0204,16.9788,11,
0.2573,0.0480,9.9279,14,
0.2353,0.0298,3.9125,33,
0.0658,0.0075,12.8683,5,
0.0638,0.0009,3.3030,13,
0.1745,0.0599,11.9367,6,
0.1199,0.0426,18.3948,5,
0.1063,0.0139,17.7605,4,
0.0550,0.0030,8.6775,6,
0.2301,0.0159,4.3470,12,
0.1373,0.0405,20.5852,11,
0.2234,0.0619,10.8187,13,
0.2341,0.0292,3.8295,34,
0.0753,0.0080,10.9519,6,
0.0548,0.0020,11.2672,14,
0.1424,0.0077,3.9130,5,
0.1224,0.0511,17.7148,5,
0.0117,0.0078,181.8114,6,
0.2358,0.0185,4.9647,13,
0.1338,0.0370,22.6578,11,
0.2260,0.0834,11.1225,13,
0.2405,0.0320,3.9638,35,
0.0733,0.0081,11.3928,6,
0.0461,0.0043,16.5379,4,
0.0551,0.0019,14.1598,13,
0.1411,0.0208,9.1642,5,
0.1218,0.0522,17.5861,5,
0.0181,0.0055,126.5040,6,
0.2276,0.0132,3.5839,11,
0.1209,0.0273,27.9056,11,
0.2259,0.0739,11.4928,13,
0.2342,0.0326,4.0424,35,
0.0908,0.0101,10.0508,7,
0.0557,0.0037,9.3045,4,
0.0966,0.0030,3.3683,14,
0.1404,0.0119,6.2036,5,
0.1193,0.0488,18.1919,5,
0.0181,0.0059,133.8706,6,
0.2436,0.0133,4.4433,13,
0.1251,0.0291,26.9271,11,
0.2244,0.0773,11.3719,13,
0.2253,0.0253,3.7151,33,
0.0775,0.0088,11.4179,6,
0.0438,0.0046,18.8630,4,
0.0751,0.0019,3.7862,14,
0.1490,0.0159,6.1891,4,
0.1227,0.0534,17.6506,5,
0.0452,0.0090,38.3741,6,
0.2292,0.0191,5.1511,12,
0.1254,0.0284,26.6174,11,
0.2301,0.0735,11.0359,13,
0.2300,0.0268,3.7819,36,
0.0503,0.0036,11.6201,4,
0.0449,0.0035,13.5236,4,
0.0629,0.0008,1.9530,13,
0.1486,0.0029,1.7766,5,
0.1350,0.0700,16.6514,6,
0.0278,0.0046,47.9688,4,
0.0137,0.0025,161.1430,5,
0.2329,0.0209,3.9192,12,
0.1038,0.0293,18.1119,11,
0.2487,0.0476,10.7790,14,
0.2318,0.0265,3.5804,35,
0.0478,0.0045,15.2407,4,
0.0398,0.0017,9.1213,4,
0.0698,0.0015,2.7289,14,
0.1477,0.0038,1.5462,4,
0.1257,0.0696,18.4858,8,
0.0294,0.0079,80.4300,7,
0.2283,0.0165,4.6839,12,
0.1087,0.0302,16.8658,11,
0.2355,0.0653,9.7222,13,
0.2419,0.0292,3.5196,35,
0.0609,0.0032,7.7907,4,
0.0609,0.0009,2.8140,13,
0.1378,0.0229,10.0196,4,
0.1248,0.0537,17.2903,5,
0.0258,0.0061,84.1768,6,
0.2302,0.0135,4.7826,12,
0.0927,0.0256,19.8469,10,
0.2349,0.0642,9.9599,13,
0.2619,0.0392,3.9336,35,
0.0452,0.0016,6.6842,4,
0.0630,0.0028,5.5521,13,
0.1591,0.0318,13.4293,4,
0.1185,0.0037,2.2971,4,
0.1245,0.0510,17.0623,6,
0.0089,0.0008,200.0917,5,
0.2292,0.0134,4.6974,12,
0.0895,0.0290,22.1379,10,
0.2331,0.0751,11.0090,13,
0.2656,0.0393,3.8752,34,
0.0494,0.0033,11.3669,4,
0.0532,0.0028,10.7519,13,
0.1417,0.0681,16.5091,5,
0.1285,0.0443,16.0153,5,
0.0352,0.0138,66.6557,7,
0.2341,0.0137,4.3748,12,
0.1526,0.0473,16.4792,11,
0.2299,0.0815,10.6393,13,
0.2697,0.0355,3.5338,34,
0.1200,0.0103,5.9328,8,
0.0666,0.0006,18.8292,13,
0.1825,0.0724,12.1761,6,
0.1341,0.0666,16.5619,6,
0.0544,0.0138,36.0445,4,
0.0106,0.0059,207.8537,6,
0.2359,0.0165,4.1532,12,
0.1147,0.0284,15.1216,11,
0.2434,0.0734,10.4294,14,
0.2763,0.0370,3.6919,36,
0.1303,0.0124,6.7776,13,
0.0726,0.0018,3.4464,13,
0.1573,0.0232,13.6090,4,
0.1234,0.0045,2.3389,4,
0.1182,0.0362,18.1926,5,
0.0734,0.0118,35.3816,4,
0.0113,0.0065,187.0112,6,
0.2291,0.0153,4.1517,12,
0.0922,0.0243,18.9699,10,
0.2250,0.0744,11.1977,13,
0.2860,0.0288,3.0239,38,
0.1440,0.0152,6.6677,14,
0.0504,0.0026,8.9648,4,
0.0620,0.0011,3.2828,13,
0.1382,0.0760,16.5214,5,
0.1311,0.0704,17.5542,8,
0.1202,0.0128,11.4859,4,
0.0126,0.0085,172.1940,7,
0.2293,0.0133,4.8860,12,
0.1105,0.0292,15.8395,11,
0.2454,0.0467,11.2000,14,
0.5448,0.0724,1.5584,55,
0.0820,0.0007,3.9176,4,
0.0410,0.0024,12.9142,4,
0.0699,0.0007,5.6716,13,
0.1758,0.0443,12.4934,6,
0.1200,0.0494,17.6336,5,
0.0181,0.0065,129.4889,6,
0.2427,0.0130,4.4580,13,
0.1541,0.0463,15.2155,11,
0.2261,0.0594,10.7046,13,
0.5520,0.0658,1.4572,57,
0.1104,0.0003,0.3616,5,
0.0542,0.0018,9.4277,13,
0.1854,0.0792,12.2503,6,
0.1371,0.0734,16.6954,7,
0.0221,0.0122,97.5935,4,
0.0144,0.0034,111.5598,6,
0.2329,0.0191,3.6186,12,
0.1106,0.0210,14.8299,11,
0.2457,0.0507,10.8088,14,
0.5475,0.0662,1.4300,54,
0.1361,0.0008,0.7500,6,
0.0749,0.0016,4.8076,14,
0.1584,0.0382,13.7157,4,
0.1569,0.0662,13.2548,5,
0.1253,0.0708,18.0106,7,
0.1231,0.0185,10.5268,4,
0.0227,0.0019,37.8118,6,
0.2292,0.0168,4.4642,12,
0.0917,0.0257,21.0017,10,
0.2307,0.0739,10.4799,13,
0.5489,0.0683,1.5480,58,
0.1702,0.0011,0.3144,7,
0.0590,0.0017,46.9472,13,
0.1185,0.0032,1.7637,4,
0.1263,0.0475,17.1126,7,
0.1023,0.0141,20.5923,4,
0.0352,0.0074,67.7936,7,
0.2281,0.0167,4.6613,12,
0.0925,0.0293,21.2877,10,
0.2210,0.0727,11.1365,13,
0.5383,0.0665,1.5820,58,
0.1963,0.0010,0.3023,8,
0.0528,0.0038,11.5880,4,
0.0745,0.0012,2.1776,13,
0.1368,0.0228,10.2959,5,
0.1178,0.0348,18.3005,6,
0.0224,0.0115,99.9177,4,
0.0128,0.0004,68.8500,5,
0.2311,0.0156,4.2601,12,
0.1089,0.0284,16.0531,11,
0.2478,0.0549,10.5809,14,
0.5274,0.0643,1.6083,58,
0.2453,0.0025,6.8095,9,
0.0629,0.0016,5.1686,13,
0.1582,0.0376,13.4768,4,
0.1275,0.0469,16.6994,5,
0.0094,0.0031,196.7230,5,
0.2320,0.0172,4.3985,12,
0.1154,0.0355,16.1130,11,
0.2295,0.0640,10.7678,13,
0.5408,0.0771,1.7101,60,
0.2833,0.0043,0.6127,11,
0.0817,0.0003,0.4478,4,
0.0445,0.0027,12.1040,4,
0.0522,0.0023,16.7748,13,
0.1401,0.0395,14.0765,5,
0.1235,0.0604,18.6637,7,
0.0476,0.0171,42.5477,4,
0.0102,0.0040,197.4471,6,
0.2350,0.0131,4.0511,12,
0.1069,0.0233,15.4014,11,
0.2446,0.0679,10.3475,14,
0.5391,0.0718,1.6511,62,
0.3124,0.0030,0.3791,12,
0.0791,0.0020,2.6264,4,
0.0504,0.0036,11.6979,4,
0.0532,0.0023,19.6077,13,
0.1796,0.0758,12.5411,6,
0.1254,0.0771,18.3236,7,
0.0172,0.0034,86.7597,6,
0.2407,0.0175,4.2490,13,
0.0917,0.0258,20.2331,10,
0.2218,0.0672,10.9917,13,
0.5466,0.0855,1.8261,63,
0.3429,0.0083,0.6142,13,
0.0816,0.0026,3.1191,4,
0.0513,0.0044,12.9832,4,
0.0598,0.0013,3.4941,13,
0.1477,0.0778,15.0680,5,
0.1238,0.0439,17.5144,5,
0.0334,0.0047,67.4098,4,
0.0135,0.0064,165.1601,6,
0.2321,0.0133,4.4889,12,
0.1175,0.0309,14.9951,11,
0.2404,0.0654,10.9867,14,
0.5295,0.0633,1.6118,64,
0.3678,0.0068,0.4524,14,
0.0778,0.0023,3.3952,4,
0.0666,0.0003,6.0193,13,
0.1919,0.0881,11.5627,6,
0.1232,0.0659,18.6132,7,
0.0247,0.0092,81.6860,4,
0.0085,0.0004,137.7097,5,
0.2349,0.0146,3.6745,12,
0.1142,0.0219,12.8048,11,
0.2435,0.0675,10.9684,14,
0.5372,0.0671,1.6093,63,
0.3919,0.0047,0.3955,15,
0.0617,0.0013,15.7797,13,
0.1389,0.0087,14.9390,5,
0.1217,0.0605,18.1283,5,
0.0198,0.0086,118.9098,7,
0.2386,0.0133,4.6936,13,
0.1245,0.0129,14.2127,11,
0.2226,0.0752,11.8414,13,
0.5684,0.0689,1.4347,64,
0.3664,0.0031,0.3235,14,
0.0572,0.0017,8.8304,13,
0.1451,0.0727,15.0651,5,
0.1214,0.0684,18.8201,7,
0.0361,0.0131,67.9740,4,
0.0169,0.0099,147.0103,7,
0.2331,0.0218,4.0369,12,
0.1133,0.0246,14.0289,11,
0.2430,0.0643,10.5821,14,
0.5765,0.0521,1.3550,67,
0.2949,0.0047,0.4842,11,
0.0658,0.0008,2.4680,13,
0.1378,0.0470,14.9991,5,
0.1305,0.0692,17.1625,7,
0.0230,0.0012,55.2967,4,
0.0203,0.0052,104.8432,7,
0.2361,0.0171,4.3345,12,
0.1021,0.0266,18.0623,11,
0.2464,0.0621,10.6272,14,
0.6150,0.0401,3.9010,73,
0.1309,0.0022,0.9633,6,
0.0439,0.0029,13.3232,4,
0.0580,0.0010,8.3953,13,
0.1377,0.0339,14.9460,5,
0.1295,0.0645,17.5028,6,
0.0365,0.0074,57.4933,8,
0.2214,0.0188,3.9711,11,
0.1145,0.0118,15.8398,11,
0.2552,0.0515,10.3350,14,
0.6514,0.0738,3.2682,78,
0.0460,0.0035,14.7275,4,
0.0669,0.0012,4.4305,14,
0.1793,0.0672,11.4777,6,
0.1238,0.0494,17.8731,7,
0.0221,0.0115,104.4351,7,
0.2301,0.0133,4.8308,12,
0.0920,0.0270,21.3305,10,
0.2313,0.0656,10.0318,13,
0.6390,0.0626,4.3991,77,
0.0780,0.0104,12.5987,4,
0.0562,0.0008,34.7941,13,
0.2017,0.0894,10.7166,6,
0.1175,0.0516,18.7282,6,
0.0274,0.0102,85.9962,8,
0.2369,0.0130,3.3628,12,
0.1171,0.0216,22.5229,11,
0.1352,0.0147,6.1176,4,
0.2307,0.0790,11.3956,13,
0.6550,0.0560,4.9259,75,
0.0860,0.0019,2.0840,4,
0.0560,0.0022,5.8988,13,
0.1447,0.0537,14.5391,5,
0.1222,0.0603,18.9699,7,
0.0340,0.0107,59.1074,4,
0.0115,0.0053,173.1454,6,
0.2301,0.0210,4.4613,12,
0.1103,0.0292,16.6056,11,
0.2472,0.0810,10.7884,14,
0.6390,0.0465,3.3632,75,
0.1127,0.0012,0.7884,5,
0.0714,0.0088,13.1222,4,
0.0657,0.0006,46.0411,13,
0.1455,0.0755,15.6057,5,
0.1253,0.0654,18.5423,7,
0.0416,0.0013,26.8725,4,
0.0118,0.0049,166.9296,6,
0.2274,0.0196,3.7777,12,
0.1034,0.0278,18.7503,11,
0.2434,0.0674,10.5170,14,
0.6435,0.0490,2.1488,74,
0.1338,0.0019,1.2297,6,
0.1033,0.0408,19.5069,4,
0.1069,0.0123,9.2859,6,
0.0553,0.0007,9.2889,13,
0.1239,0.0654,18.5442,7,
0.0217,0.0028,82.7564,6,
0.2281,0.0134,4.8336,12,
0.1336,0.0362,24.5126,11,
0.2220,0.0778,11.2671,13,
0.6723,0.0565,1.6427,75,
0.1677,0.0040,1.5789,7,
0.0896,0.0273,20.7998,4,
0.1435,0.0705,14.4081,8,
0.0527,0.0006,11.8885,12,
0.1780,0.0727,12.4812,6,
0.1226,0.0532,17.4154,6,
0.0081,0.0024,242.2953,5,
0.2320,0.0135,4.9487,12,
0.1377,0.0371,22.8878,11,
0.2250,0.0787,11.5276,13,
0.6684,0.0705,1.4248,74,
0.1941,0.0016,13.7581,8,
0.0547,0.0070,17.9901,5,
0.1473,0.0223,20.1808,8,
0.0675,0.0014,4.7571,13,
0.1423,0.0137,16.5980,5,
0.1238,0.0543,18.1282,7,
0.0079,0.0010,134.7233,5,
0.2387,0.0120,3.3484,12,
0.1151,0.0188,21.6570,11,
0.2492,0.0644,10.1577,14,
0.6739,0.0616,1.3190,73,
0.1977,0.0045,1.0616,8,
0.0628,0.0089,17.1376,5,
0.0592,0.0013,39.4481,13,
0.1371,0.0375,16.3947,5,
0.1562,0.0753,14.3693,6,
0.0079,0.0014,165.4486,5,
0.2396,0.0133,4.5806,13,
0.1510,0.0450,18.1235,11,
0.2258,0.0613,11.0407,13,
0.6688,0.0528,1.2216,73,
0.1708,0.0016,7.1783,7,
0.0564,0.0051,36.0227,5,
0.0648,0.0015,3.3358,13,
0.1860,0.0814,11.6335,6,
0.1572,0.0755,14.1906,6,
0.0104,0.0031,170.4632,6,
0.2262,0.0131,5.1564,12,
0.1547,0.0471,16.2422,11,
0.2287,0.0821,10.7116,13,
0.7057,0.0630,1.0803,74,
0.1766,0.0012,14.5750,7,
0.0693,0.0100,15.4732,5,
0.0783,0.0070,9.4309,4,
0.0661,0.0014,21.0918,13,
0.1443,0.0617,15.6280,5,
0.1286,0.0685,17.3480,7,
0.0146,0.0080,158.6116,6,
0.2301,0.0135,4.4848,12,
0.1179,0.0303,14.5608,11,
0.2334,0.0617,10.0965,13,
0.6912,0.0549,1.0332,73,
0.1702,0.0013,0.8565,7,
0.0853,0.0153,15.6718,6,
0.1059,0.0104,6.7826,5,
0.1349,0.0111,9.0491,5,
0.0637,0.0006,4.5326,13,
0.1809,0.0662,11.4596,6,
0.1170,0.0549,18.6199,5,
0.0209,0.0082,111.8988,7,
0.2283,0.0177,4.7542,12,
0.1367,0.0376,22.8320,11,
0.2263,0.0829,11.2745,13,
0.7021,0.0633,1.1187,75,
0.1782,0.0022,0.7451,7,
0.0615,0.0094,18.5192,5,
0.1109,0.0028,2.1213,5,
0.1451,0.0091,4.5764,6,
0.0668,0.0010,2.7803,13,
0.1497,0.0600,14.0521,5,
0.1269,0.0677,17.6975,6,
0.0365,0.0090,45.9520,4,
0.0156,0.0063,146.7862,6,
0.2329,0.0203,3.9545,12,
0.1051,0.0246,16.8541,11,
0.2513,0.0591,10.7409,14,
0.7240,0.0574,1.0094,74,
0.1433,0.0035,1.6417,6,
0.0945,0.0381,21.1718,7,
0.1209,0.0074,4.0138,6,
0.1890,0.0278,6.2136,9,
0.0647,0.0013,22.8164,13,
0.1245,0.0469,17.3964,5,
0.0130,0.0071,173.9812,7,
0.2263,0.0177,5.1774,12,
0.0924,0.0279,21.2040,10,
0.2333,0.0671,10.8702,13,
0.6990,0.0395,1.2006,76,
0.1422,0.0043,1.6563,6,
0.0805,0.0287,24.2844,7,
0.0973,0.0060,4.8948,5,
0.2144,0.0189,5.8686,11,
0.0670,0.0027,5.0825,14,
0.1463,0.0173,7.2954,5,
0.1234,0.0529,17.2723,6,
0.0135,0.0059,171.3938,6,
0.2409,0.0118,3.4271,12,
0.1207,0.0299,28.3037,11,
0.2329,0.0736,10.9209,13,
0.6798,0.0514,1.0765,73,
0.1419,0.0025,3.8842,6,
0.0967,0.0365,20.5383,8,
0.1004,0.0042,4.7302,5,
0.2612,0.0281,8.0476,13,
0.0606,0.0022,6.3273,13,
0.1950,0.0595,13.9245,6,
0.1271,0.0721,18.0340,6,
0.0651,0.0172,26.7867,4,
0.0122,0.0036,177.7616,6,
0.2346,0.0196,5.2745,13,
0.1126,0.0271,15.2060,11,
0.2469,0.0593,10.4360,14,
0.6442,0.0460,0.9249,69,
0.0839,0.0004,0.4492,4,
0.1397,0.0017,1.3868,6,
0.0982,0.0436,20.5247,8,
0.1200,0.0051,2.8392,6,
0.2490,0.0344,12.5725,14,
0.0844,0.0034,3.7455,13,
0.1812,0.0675,11.6419,6,
0.1729,0.0779,12.3779,7,
0.0208,0.0036,60.1074,6,
0.2396,0.0135,4.9034,13,
0.1133,0.0138,16.0432,11,
0.1388,0.0143,5.9089,4,
0.2228,0.0732,11.7855,13,
0.5924,0.0363,0.9185,65,
0.1954,0.0008,0.3321,8,
0.1372,0.0010,0.4482,6,
0.0985,0.0434,20.3015,8,
0.1190,0.0016,0.9862,6,
0.2695,0.0347,12.0359,16,
0.0589,0.0010,32.0615,13,
0.1485,0.0093,6.1950,5,
0.1254,0.0566,17.5231,7,
0.0109,0.0068,197.5739,6,
0.2367,0.0194,4.6993,13,
0.1097,0.0160,15.5726,11,
0.2519,0.0630,10.4723,14,
0.5609,0.0365,0.9144,63,
0.2933,0.0064,0.6906,11,
0.1296,0.0018,1.2249,6,
0.0923,0.0423,22.1509,8,
0.1174,0.0061,3.7888,6,
0.2744,0.0463,11.4594,17,
0.0650,0.0014,6.0441,13,
0.1513,0.0078,3.8856,4,
0.1402,0.0487,14.8836,5,
0.1348,0.0708,16.5847,7,
0.0553,0.0201,36.2438,4,
0.0191,0.0023,60.2879,6,
0.2311,0.0155,4.3516,12,
0.1091,0.0294,16.1525,11,
0.2421,0.0671,10.9199,14,
0.5503,0.0682,1.4340,61,
0.3311,0.0010,0.1520,12,
0.1644,0.0022,1.1667,7,
0.0870,0.0368,23.5151,8,
0.1485,0.0034,17.1885,7,
0.2982,0.0470,4.0541,19,
0.0612,0.0012,4.5136,13,
0.1481,0.0610,14.0729,5,
0.1277,0.0731,17.9507,7,
0.0232,0.0024,115.5362,7,
0.2283,0.0195,4.8840,12,
0.1165,0.0348,15.5375,11,
0.2254,0.0754,10.8719,13,
0.5605,0.0711,1.4738,61,
0.3219,0.0045,0.5134,12,
0.1649,0.0022,0.6627,7,
0.0927,0.0395,21.9390,8,
0.1457,0.0023,4.3651,7,
0.2975,0.0409,3.6116,19,
0.0644,0.0012,8.0050,14,
0.1346,0.0116,5.9808,4,
0.1288,0.0700,17.4311,7,
0.0090,0.0009,98.4206,5,
0.2320,0.0160,4.3718,12,
0.1070,0.0255,16.5920,11,
0.2388,0.0570,10.8939,14,
0.5462,0.0648,1.4932,61,
0.2891,0.0014,0.2153,11,
0.1648,0.0025,1.1000,7,
0.0726,0.0158,20.9916,6,
0.1923,0.0555,9.5877,8,
0.3077,0.0243,2.4721,19,
0.0480,0.0040,57.4325,13,
0.1417,0.0231,9.8313,5,
0.1269,0.0732,17.7362,6,
0.0309,0.0138,73.3787,8,
0.2408,0.0113,3.0416,12,
0.1532,0.0454,15.6497,11,
0.2329,0.0772,10.7737,13,
0.5469,0.0604,1.4351,62,
0.2867,0.0041,0.5950,11,
0.1676,0.0016,1.1943,7,
0.0963,0.0395,21.0161,7,
0.1564,0.0081,2.7590,7,
0.3102,0.0348,4.3524,21,
0.0628,0.0007,9.0671,13,
0.2016,0.0882,10.3662,6,
0.1215,0.0546,18.2532,6,
0.0458,0.0029,16.1186,4,
0.0078,0.0010,185.8306,5,
0.2311,0.0192,3.7756,12,
0.1123,0.0338,16.8319,11,
0.2490,0.0619,10.7722,14,
0.5622,0.0629,1.4301,62,
0.2423,0.0095,1.5230,10,
0.1314,0.0009,0.4482,6,
0.0959,0.0340,20.1110,8,
0.1226,0.0067,5.8917,6,
0.2894,0.0238,3.9881,20,
0.0698,0.0012,2.6089,13,
0.1743,0.0748,12.1950,6,
0.1249,0.0511,17.4865,5,
0.1023,0.0191,15.0068,4,
0.0174,0.0059,123.2231,6,
0.2329,0.0165,4.4129,12,
0.0944,0.0268,20.0252,10,
0.2264,0.0724,10.8726,13,
0.5592,0.0656,1.6038,61,
0.2194,0.0065,1.1253,9,
0.1420,0.0024,4.0347,6,
0.0813,0.0267,23.0967,7,
0.1239,0.0009,2.8017,6,
0.3085,0.0447,6.0994,20,
0.0865,0.0042,4.0249,13,
0.1450,0.0230,9.6504,5,
0.1258,0.0446,16.2516,5,
0.0501,0.0084,36.0239,7,
0.2273,0.0198,4.9096,12,
0.1145,0.0336,16.0357,11,
0.2371,0.0659,9.6744,13,
0.5670,0.0731,1.6869,59,
0.1949,0.0008,0.2611,8,
0.1395,0.0097,4.3249,6,
0.0815,0.0260,23.0780,7,
0.1179,0.0039,2.4933,6,
0.3116,0.0493,8.3832,20,
0.0588,0.0011,4.2865,13,
0.1421,0.0571,15.5186,5,
0.1233,0.0674,18.5657,7,
0.0269,0.0099,73.7903,4,
0.0223,0.0019,72.7318,6,
0.2326,0.0272,5.2419,13,
0.1150,0.0285,15.6780,11,
0.2420,0.0656,10.5574,14,
0.3910,0.0220,1.6659,42,
0.0919,0.0082,7.4775,8,
0.1898,0.0004,1.7229,8,
0.1410,0.0007,0.3579,6,
0.0960,0.0404,21.1006,8,
0.1472,0.0055,2.2161,7,
0.2619,0.0301,6.7634,19,
0.0656,0.0009,2.9831,13,
0.1489,0.0160,6.6466,5,
0.1202,0.0525,18.0731,5,
0.0181,0.0059,116.0177,6,
0.2222,0.0162,4.7835,12,
0.1489,0.0458,16.4209,11,
0.2285,0.0600,10.6769,13,
0.3761,0.0161,1.3691,43,
0.0849,0.0051,6.0756,6,
0.1649,0.0007,0.3391,7,
0.1226,0.0018,1.0088,5,
0.1025,0.0335,18.5680,8,
0.1478,0.0037,1.5684,7,
0.2816,0.0475,9.2286,20,
0.0956,0.0029,2.6415,14,
0.1852,0.0491,10.8614,6,
0.1221,0.0581,18.1632,5,
0.0162,0.0081,146.9465,6,
0.2261,0.0137,5.2815,12,
0.1258,0.0277,26.9529,11,
0.2274,0.0834,11.2513,13,
0.3774,0.0199,1.4379,44,
0.1363,0.0022,0.9136,6,
0.1388,0.0153,6.7257,6,
0.0808,0.0250,22.9691,7,
0.1166,0.0033,1.9898,6,
0.2760,0.0737,6.7142,20,
0.0667,0.0008,3.7834,13,
0.1426,0.0084,3.8729,5,
0.1227,0.0538,17.6131,5,
0.0226,0.0110,110.4891,7,
0.2283,0.0132,5.0020,12,
0.1350,0.0367,23.3278,11,
0.2258,0.0799,11.1261,13,
0.3669,0.0153,1.5167,44,
0.1111,0.0017,1.2554,5,
0.1418,0.0056,2.2838,6,
0.0805,0.0250,22.6492,7,
0.1497,0.0057,2.0667,7,
0.2494,0.0879,8.3726,19,
0.0591,0.0007,25.7349,13,
0.1368,0.0205,14.3681,5,
0.1532,0.0720,14.4202,6,
0.0108,0.0039,177.0472,5,
0.2359,0.0125,3.7698,12,
0.1185,0.0256,27.7940,11,
0.1384,0.0099,4.0328,4,
0.2299,0.0786,11.2376,13,
0.3503,0.0172,1.5529,43,
0.0827,0.0007,1.2157,4,
0.1422,0.0010,0.4261,6,
0.0957,0.0339,20.5607,8,
0.1211,0.0034,1.8489,6,
0.2090,0.0920,10.4745,18,
0.0686,0.0008,2.2181,13,
0.1454,0.0312,10.5357,5,
0.1314,0.0751,17.2940,6,
0.0318,0.0088,62.8054,7,
0.2322,0.0199,4.6270,12,
0.1084,0.0326,17.8011,11,
0.2264,0.0739,10.8790,13,
0.3473,0.0209,1.7205,42,
0.1381,0.0089,4.2045,6,
0.0808,0.0270,23.5772,7,
0.1524,0.0040,2.6836,6,
0.1626,0.0371,11.3665,16,
0.0667,0.0009,7.8568,13,
0.1417,0.0447,15.4253,5,
0.1238,0.0591,18.5439,7,
0.0407,0.0201,52.0152,4,
0.0106,0.0074,184.3373,6,
0.2330,0.0129,3.6133,12,
0.1102,0.0145,16.8860,11,
0.2580,0.0573,10.4071,14,
0.3548,0.0235,1.7624,42,
0.1417,0.0016,1.4009,6,
0.0951,0.0377,21.3707,8,
0.1202,0.0037,2.0386,6,
0.2502,0.0492,6.3438,18,
0.0658,0.0014,3.6674,13,
0.1997,0.1112,11.5599,6,
0.1236,0.0623,18.5514,7,
0.0290,0.0135,68.3050,4,
0.0151,0.0050,148.5129,7,
0.2205,0.0192,4.0730,11,
0.1105,0.0151,14.3458,11,
0.2547,0.0958,10.2251,14,
0.3474,0.0197,1.8647,40,
0.1152,0.0012,1.7274,5,
0.0989,0.0438,20.3409,8,
0.1190,0.0016,0.9875,6,
0.2538,0.0291,8.8433,20,
0.0591,0.0010,11.8713,13,
0.1499,0.0783,14.8050,5,
0.1251,0.0677,18.2802,6,
0.0596,0.0129,29.2617,4,
0.0085,0.0043,270.5297,5,
0.2310,0.0163,4.4039,12,
0.1086,0.0278,16.4307,11,
0.2549,0.0629,9.7889,14,
0.3441,0.0133,1.7203,39,
0.1414,0.0020,1.1848,6,
0.1016,0.0494,20.0359,7,
0.0756,0.0055,8.3039,4,
0.3317,0.0474,5.5611,22,
0.0649,0.0019,3.9251,13,
0.1597,0.0198,13.6174,4,
0.1231,0.0516,17.3600,5,
0.0198,0.0058,110.7565,7,
0.2233,0.0185,5.4314,12,
0.1296,0.0306,26.4396,11,
0.2264,0.0807,11.6409,13,
0.3540,0.0177,1.8752,39,
0.1417,0.0016,1.4009,6,
0.0962,0.0389,20.8415,8,
0.3261,0.0325,7.3150,26,
0.0582,0.0030,8.4899,14,
0.1434,0.0163,7.0892,5,
0.1245,0.0720,18.5257,7,
0.0209,0.0041,71.5565,6,
0.2310,0.0214,4.2213,12,
0.1073,0.0245,15.6372,11,
0.2433,0.0623,10.5169,14,
0.3518,0.0183,1.9396,39,
0.1408,0.0009,0.4000,6,
0.0955,0.0400,20.9989,8,
0.3272,0.0264,8.6066,28,
0.0541,0.0020,7.0411,13,
0.1412,0.0641,15.4113,5,
0.1325,0.0750,17.1358,7,
0.0430,0.0142,43.5101,4,
0.0128,0.0033,126.5128,5,
0.2320,0.0155,4.2809,12,
0.1084,0.0258,15.3854,11,
0.2476,0.0564,10.4503,14,
0.3423,0.0174,1.9308,38,
0.1511,0.0015,1.7198,6,
0.0998,0.0325,18.5821,7,
0.3193,0.0341,10.1488,28,
0.0845,0.0017,2.6111,13,
0.1401,0.0073,4.3352,5,
0.1227,0.0512,17.3106,5,
0.0138,0.0036,142.5163,6,
0.2233,0.0137,5.4366,12,
0.1370,0.0366,22.0171,11,
0.2263,0.0698,10.8449,13,
0.3497,0.0185,1.7718,39,
0.1426,0.0019,0.8435,6,
0.0995,0.0435,20.1078,8,
0.3194,0.0385,8.5970,29,
0.0748,0.0007,24.4185,14,
0.1401,0.0859,16.3540,5,
0.1293,0.0761,17.4750,7,
0.0315,0.0070,87.1391,7,
0.2322,0.0196,4.3478,12,
0.1071,0.0314,18.1074,11,
0.2325,0.0696,10.2455,13,
0.3445,0.0176,1.9660,36,
0.1390,0.0032,1.3961,6,
0.0806,0.0243,23.2890,7,
0.2814,0.0362,11.2452,28,
0.0706,0.0016,11.7341,13,
0.1510,0.0649,13.9861,5,
0.1189,0.0596,18.5545,7,
0.0233,0.0082,97.7386,4,
0.0123,0.0030,240.9357,6,
0.2312,0.0130,4.4397,12,
0.0930,0.0247,20.1636,10,
0.2281,0.0680,10.6727,13,
0.3388,0.0172,1.9034,38,
0.1381,0.0137,6.1173,6,
0.0809,0.0307,24.2744,7,
0.2813,0.0306,10.2460,28,
0.0887,0.0031,2.9036,14,
0.1424,0.0155,8.2283,5,
0.1217,0.0563,18.3851,6,
0.0208,0.0042,76.2546,6,
0.2302,0.0135,4.8486,12,
0.0926,0.0245,19.7005,10,
0.2301,0.0670,10.6434,13,
0.3407,0.0179,1.9654,38,
0.1669,0.0172,5.3665,7,
0.0806,0.0232,22.2892,7,
0.2897,0.0256,11.3893,28,
0.0637,0.0010,7.5877,13,
0.1466,0.0113,4.8956,5,
0.1530,0.0705,15.2318,7,
0.0083,0.0019,178.9587,5,
0.2407,0.0122,3.1608,12,
0.1178,0.0226,13.4586,11,
0.2388,0.0639,10.8309,14,
0.3414,0.0139,1.8115,39,
0.1415,0.0018,1.1346,6,
0.0971,0.0421,21.2657,8,
0.2935,0.0251,5.1390,28,
0.0609,0.0014,6.6126,13,
0.1372,0.0321,13.8339,5,
0.1260,0.0448,16.5349,5,
0.0093,0.0055,209.8002,5,
0.2271,0.0134,5.2964,12,
0.0927,0.0244,19.7687,10,
0.2376,0.0623,9.8043,13,
0.3394,0.0160,1.7614,38,
0.1397,0.0081,3.7540,6,
0.0814,0.0252,22.6565,7,
0.3053,0.0345,8.4526,28,
0.0618,0.0017,4.6916,13,
0.1830,0.0674,11.0139,6,
0.1161,0.0481,18.9605,6,
0.0238,0.0085,84.0839,6,
0.2365,0.0261,4.8874,13,
0.1074,0.0221,15.6373,11,
0.2437,0.0840,10.3423,14,
0.3491,0.0199,1.8104,39,
0.1635,0.0066,2.0425,7,
0.0801,0.0258,23.3799,7,
0.3088,0.0558,8.7820,27,
0.0466,0.0030,50.2044,13,
0.1497,0.0083,3.5219,5,
0.1872,0.0818,11.4468,6,
0.0086,0.0051,222.9605,5,
0.2445,0.0136,4.4846,13,
0.1336,0.0335,25.1950,11,
0.2245,0.0824,11.5132,13,
0.3480,0.0198,1.8405,39,
0.1396,0.0019,1.1553,6,
0.1020,0.0449,19.7407,8,
0.3568,0.0935,7.2109,27,
0.0799,0.0025,3.0917,13,
0.1422,0.0144,9.8237,5,
0.1475,0.0679,14.9792,6,
0.0234,0.0057,73.6567,6,
0.2387,0.0194,4.8168,13,
0.1236,0.0228,22.6852,11,
0.1411,0.0030,1.2246,4,
0.2290,0.0814,11.4164,13,
0.3429,0.0142,1.6934,39,
0.1148,0.0012,1.7857,5,
0.0968,0.0354,20.4987,8,
0.3742,0.1470,6.8661,26,
0.0545,0.0023,9.6838,13,
0.1555,0.0346,14.7261,4,
0.1185,0.0082,4.8647,4,
0.1231,0.0543,17.4370,5,
0.0184,0.0065,121.7845,7,
0.2407,0.0195,4.5387,13,
0.1232,0.0266,24.8972,11,
0.2279,0.0825,10.9149,13,
0.3387,0.0152,1.7341,39,
0.1166,0.0016,1.3589,5,
0.0994,0.0370,19.9114,8,
0.1049,0.0019,24.8261,5,
0.3360,0.1585,7.5471,23,
0.0648,0.0008,3.1031,13,
0.1489,0.0841,14.9908,5,
0.1328,0.0718,16.9177,7,
0.0221,0.0166,83.6809,4,
0.0104,0.0028,157.1905,5,
0.2311,0.0132,4.2011,12,
0.1070,0.0321,17.8450,11,
0.2476,0.0603,10.7693,14,
0.3362,0.0202,1.9130,36,
0.1426,0.0017,0.6913,6,
0.0946,0.0299,19.3713,7,
0.0986,0.0057,7.7233,5,
0.3299,0.0986,7.5697,22,
0.0571,0.0016,13.5805,13,
0.1456,0.0747,15.0549,5,
0.1199,0.0474,17.8506,5,
0.0157,0.0051,182.8554,6,
0.2427,0.0136,4.4926,13,
0.1372,0.0369,20.4977,11,
0.2343,0.0697,10.4308,13,
0.3443,0.0185,1.7529,39,
0.1680,0.0019,0.7066,7,
0.0811,0.0261,23.2474,7,
0.1198,0.0037,4.5772,5,
0.3198,0.0933,7.5432,22,
0.0648,0.0008,10.5229,13,
0.1379,0.0319,13.8591,5,
0.1245,0.0604,18.5554,7,
0.0298,0.0056,61.2350,6,
0.2396,0.0135,4.5642,13,
0.1177,0.0141,14.4152,11,
0.2546,0.0772,10.4484,14,
0.3432,0.0192,1.8628,39,
0.1419,0.0013,1.0410,6,
0.0993,0.0432,20.3603,8,
0.0753,0.0013,2.1841,4,
0.3371,0.0852,6.2217,23,
0.0608,0.0020,7.0702,13,
0.1519,0.0626,13.7203,5,
0.1246,0.0548,17.4026,5,
0.0126,0.0012,78.4832,7,
0.2398,0.0133,4.7291,13,
0.1542,0.0456,15.7313,11,
0.2292,0.0816,10.7978,13,
0.3437,0.0163,1.6410,39,
0.1413,0.0011,0.4472,6,
0.0710,0.0144,19.2400,6,
0.1010,0.0045,11.2127,5,
0.3522,0.0588,5.7638,22,
0.0578,0.0030,7.1224,13,
0.1430,0.0577,15.3068,5,
0.1209,0.0431,18.0073,5,
0.0514,0.0210,41.7131,4,
0.0425,0.0061,41.1414,7,
0.2311,0.0133,4.3717,12,
0.1050,0.0252,17.0548,11,
0.2390,0.0632,10.8896,14,
0.3333,0.0175,2.2145,37,
0.1412,0.0011,0.4476,6,
0.0965,0.0402,21.1267,8,
0.0999,0.0088,8.8406,5,
0.3638,0.0730,4.4973,22,
0.0591,0.0018,20.1319,13,
0.1447,0.0707,15.1074,5,
0.1228,0.0508,17.7642,5,
0.0207,0.0083,123.7653,7,
0.2320,0.0136,4.7076,12,
0.1609,0.0515,15.5301,11,
0.2262,0.0734,11.2587,13,
0.3540,0.0216,1.8247,39,
0.1526,0.0035,1.2123,6,
0.0860,0.0262,21.1784,7,
0.0770,0.0036,11.6359,4,
0.0651,0.0030,5.9533,4,
0.1960,0.0542,8.6121,19,
0.0703,0.0008,5.0931,14,
0.1802,0.0738,11.8851,6,
0.1233,0.0505,17.4231,5,
0.0210,0.0058,99.9970,6,
0.2232,0.0165,5.0335,12,
0.1281,0.0306,26.5171,11,
0.2280,0.0774,11.3806,13,
0.3478,0.0177,1.7332,39,
0.1397,0.0012,0.5535,6,
0.0934,0.0307,20.8137,8,
0.3428,0.0562,4.7249,25,
0.0583,0.0009,7.1810,13,
0.1398,0.0496,15.8916,5,
0.1321,0.0677,17.0125,7,
0.0575,0.0189,31.8664,4,
0.0229,0.0031,92.5958,5,
0.2348,0.0190,3.3950,12,
0.1027,0.0277,18.8226,11,
0.2426,0.0687,10.7204,14,
0.3469,0.0188,1.7744,39,
0.1458,0.0022,0.7765,6,
0.1015,0.0338,18.5175,7,
0.3392,0.0482,4.3468,28,
0.0878,0.0026,3.2181,14,
0.1422,0.0156,8.4546,5,
0.1190,0.0514,18.6468,5,
0.0155,0.0098,135.4237,7,
0.2427,0.0198,4.6276,13,
0.1380,0.0381,21.9406,11,
0.2313,0.0836,11.1703,13,
0.3381,0.0189,1.9198,39,
0.1429,0.0017,0.7061,6,
0.0954,0.0347,21.0027,8,
0.3415,0.0524,4.7058,32,
0.0533,0.0020,11.6779,13,
0.1732,0.0606,11.7041,6,
0.1253,0.0680,18.2044,6,
0.0825,0.0166,17.0117,4,
0.0102,0.0021,168.8428,5,
0.2300,0.0151,4.0837,12,
0.0925,0.0291,20.8454,10,
0.2290,0.0695,10.7969,13,
0.3405,0.0162,1.8826,37,
0.1422,0.0043,1.6563,6,
0.0808,0.0280,24.2433,7,
0.3268,0.0438,6.5996,34,
0.0532,0.0020,15.2765,13,
0.1412,0.0647,15.5490,5,
0.1201,0.0587,19.1377,7,
0.0544,0.0096,35.7698,4,
0.0083,0.0059,245.2127,5,
0.2373,0.0207,4.9093,12,
0.1194,0.0242,12.4292,11,
0.2477,0.0576,10.5855,14,
0.3525,0.0227,1.9291,38,
0.1316,0.0033,1.9560,6,
0.0944,0.0304,19.9959,8,
0.2903,0.0322,7.5462,33,
0.0531,0.0020,36.6584,14,
0.1853,0.0675,13.2666,6,
0.1578,0.0525,13.1033,5,
0.0117,0.0048,180.5799,6,
0.2424,0.0135,4.2877,13,
0.1251,0.0302,27.3343,11,
0.2347,0.0678,10.2187,13,
0.3499,0.0215,1.8700,37,
0.1408,0.0028,1.1287,6,
0.0809,0.0318,24.5610,7,
0.2943,0.0351,4.2035,33,
0.0571,0.0022,12.2366,13,
0.2050,0.0899,10.3633,6,
0.1252,0.0605,18.6405,7,
0.0511,0.0100,30.2113,4,
0.0103,0.0065,205.7131,6,
0.2328,0.0257,5.1239,13,
0.1178,0.0188,12.6882,11,
0.2414,0.0749,10.7197,14,
0.3447,0.0128,1.9268,39,
0.1489,0.0048,1.8176,6,
0.1027,0.0492,19.5817,7,
0.2825,0.0623,5.3428,33,
0.0598,0.0011,5.5987,13,
0.1365,0.0487,14.5234,4,
0.1252,0.0761,18.4946,7,
0.0146,0.0069,153.3498,6,
0.2247,0.0174,6.6379,13,
0.1144,0.0301,15.6726,11,
0.2461,0.0585,11.0811,14,
0.3416,0.0146,1.9899,37,
0.1310,0.0027,1.2386,6,
0.0919,0.0383,22.1998,8,
0.2828,0.0564,5.4855,32,
0.0669,0.0021,3.6734,13,
0.1514,0.0133,5.4804,5,
0.1196,0.0513,17.9787,5,
0.0080,0.0017,182.1031,5,
0.2445,0.0134,3.9005,13,
0.1395,0.0387,21.7446,11,
0.2252,0.0803,11.3277,13,
0.3458,0.0174,1.7538,39,
0.1407,0.0024,1.0427,6,
0.0810,0.0231,22.0775,7,
0.2746,0.0489,5.3830,32,
0.0620,0.0013,7.1185,13,
0.1377,0.0212,10.6542,5,
0.1205,0.0710,18.9802,7,
0.0105,0.0030,194.5608,6,
0.2367,0.0133,4.7611,13,
0.1318,0.0352,25.3497,11,
0.2295,0.0804,11.2907,13,
0.3475,0.0187,1.8231,39,
0.1153,0.0007,0.4310,5,
0.1043,0.0474,19.1962,8,
0.2847,0.0549,5.1933,32,
0.0933,0.0037,4.2413,13,
0.1466,0.0111,5.0356,5,
0.1213,0.0550,18.4721,5,
0.0191,0.0064,124.5772,7,
0.2406,0.0133,4.6697,13,
0.1242,0.0268,25.6734,11,
0.2278,0.0844,11.4731,13,
0.3448,0.0174,1.8675,39,
0.1436,0.0055,2.3079,6,
0.0832,0.0241,21.2974,7,
0.2551,0.0459,6.0169,30,
0.0589,0.0014,3.5810,13,
0.1833,0.0685,11.1383,6,
0.1287,0.0659,17.5393,6,
0.0268,0.0076,63.7495,4,
0.0137,0.0074,154.2145,6,
0.2331,0.0193,3.6894,12,
0.1167,0.0257,13.7853,11,
0.2428,0.0631,10.8536,14,
0.3401,0.0156,1.7792,39,
0.1463,0.0033,1.3352,6,
0.0690,0.0142,21.0462,6,
0.2539,0.0481,6.8670,28,
0.0590,0.0015,4.0709,13,
0.1474,0.0657,15.0038,5,
0.1173,0.0521,19.0614,6,
0.0301,0.0102,63.3696,4,
0.0077,0.0010,332.7287,5,
0.2362,0.0197,3.8419,12,
0.1072,0.0196,16.0266,11,
0.2438,0.0644,11.0145,14,
0.3377,0.0174,1.8803,39,
0.1321,0.0024,1.2555,6,
0.0963,0.0384,20.6819,8,
0.2441,0.0457,8.3036,27,
0.0601,0.0023,8.6565,14,
0.1241,0.0610,18.5396,7,
0.0332,0.0179,62.2697,4,
0.0179,0.0030,106.8158,6,
0.2359,0.0131,3.6297,12,
0.1128,0.0162,12.4059,11,
0.2459,0.0747,10.5433,14,
0.3401,0.0203,2.0308,39,
0.1416,0.0017,1.4680,6,
0.0962,0.0391,21.3234,8,
0.2172,0.0508,9.1496,25,
0.0638,0.0012,51.8986,13,
0.1903,0.0480,13.8029,6,
0.1248,0.0530,17.9052,5,
0.0175,0.0095,138.4060,7,
0.2311,0.0135,4.8027,12,
0.1098,0.0279,16.2606,11,
0.2462,0.0674,10.6877,14,
0.3509,0.0206,1.7643,39,
0.1422,0.0037,1.5724,6,
0.0825,0.0277,22.9846,7,
0.0753,0.0099,13.4967,4,
0.2208,0.0380,9.3945,24,
0.0693,0.0016,4.2612,13,
0.1406,0.0471,14.1969,5,
0.1269,0.0626,18.1246,7,
0.0320,0.0210,63.8225,4,
0.0191,0.0097,130.1694,7,
0.2327,0.0198,5.0457,13,
0.1169,0.0129,15.8339,11,
0.2394,0.0666,10.7388,14,
0.3314,0.0177,2.0451,38,
0.1536,0.0027,1.0091,7,
0.0917,0.0392,22.2873,8,
0.0746,0.0013,3.0317,4,
0.2287,0.0455,8.6419,24,
0.1005,0.0041,3.0251,14,
0.1513,0.0264,8.9781,5,
0.1573,0.0728,13.8283,6,
0.0216,0.0057,115.8380,7,
0.2232,0.0136,5.7940,12,
0.1243,0.0296,26.4544,11,
0.2259,0.0694,11.0050,13,
0.3321,0.0167,1.8157,38,
0.1306,0.0059,2.8113,6,
0.0773,0.0299,25.7302,7,
0.1004,0.0023,2.0696,5,
0.2141,0.0448,10.1991,23,
0.0647,0.0007,7.3422,13,
0.1222,0.0492,17.8800,5,
0.0323,0.0104,59.4165,7,
0.2312,0.0136,5.3418,12,
0.1371,0.0395,21.4074,11,
0.2275,0.0833,11.4942,13,
0.3087,0.0117,2.1903,37,
0.1416,0.0026,1.3829,6,
0.0961,0.0398,21.4698,8,
0.0963,0.0020,2.5463,5,
0.2161,0.0508,9.2331,22,
0.0611,0.0015,5.6703,13,
0.1819,0.0647,11.6118,6,
0.0564,0.0042,10.2722,3,
0.1172,0.0529,18.9713,5,
0.0824,0.0194,18.9373,4,
0.0093,0.0003,105.3780,5,
0.2367,0.0252,4.4450,13,
0.1145,0.0208,14.2336,11,
0.2434,0.0712,10.6719,14,
0.2912,0.0164,2.3079,34,
0.0661,0.0022,4.6255,5,
0.1183,0.0016,0.9111,5,
0.1060,0.0453,19.0771,7,
0.1272,0.0029,4.4396,6,
0.2065,0.0397,9.7715,22,
0.0600,0.0007,3.6487,13,
0.1442,0.0639,15.4748,5,
0.1234,0.0608,17.9809,7,
0.0982,0.0180,14.9573,4,
0.0396,0.0068,45.7330,6,
0.2312,0.0196,4.5835,12,
0.1390,0.0413,20.9489,11,
0.2250,0.0713,10.9893,13,
0.2668,0.0190,3.1710,32,
0.0851,0.0067,7.2638,8,
0.1811,0.0048,1.2303,7,
0.0638,0.0088,16.4597,5,
0.1223,0.0073,4.8193,6,
0.2298,0.0476,8.4791,22,
0.0583,0.0029,9.9749,14,
0.1431,0.0113,6.1880,5,
0.1290,0.0721,17.4397,7,
0.0109,0.0011,193.7485,6,
0.2281,0.0130,4.6978,12,
0.0915,0.0285,21.2170,10,
0.2320,0.0690,10.2302,13,
0.2424,0.0173,3.5427,29,
0.0885,0.0099,9.9790,10,
0.0879,0.0041,4.2163,4,
0.0806,0.0247,22.5881,7,
0.1209,0.0075,4.1048,6,
0.2177,0.0393,9.1258,21,
0.0629,0.0015,3.3974,13,
0.1808,0.0593,10.5851,6,
0.1268,0.0619,17.6520,6,
0.0102,0.0033,197.5912,6,
0.2360,0.0131,3.4872,12,
0.1123,0.0285,16.5261,11,
0.2475,0.0653,10.5281,14,
0.2412,0.0178,4.1895,29,
0.0767,0.0111,13.6659,11,
0.0964,0.0315,19.5073,8,
0.0989,0.0034,20.9457,5,
0.2119,0.0444,10.2490,22,
0.0627,0.0007,3.0865,13,
0.1882,0.0770,11.3604,6,
0.1240,0.0594,18.7798,7,
0.0350,0.0184,58.3549,4,
0.0248,0.0087,102.8072,7,
0.2337,0.0136,4.8160,13,
0.1086,0.0247,16.3331,11,
0.2498,0.0653,10.4371,14,
0.1522,0.0028,1.0888,4,
0.2396,0.0155,5.5143,26,
0.0735,0.0095,12.9225,11,
0.0968,0.0426,21.2519,8,
0.1007,0.0061,5.9242,5,
0.2042,0.0437,9.6740,22,
0.0687,0.0012,4.9919,13,
0.1792,0.0643,12.8667,6,
0.1275,0.0746,18.1608,7,
0.0210,0.0051,83.5845,7,
0.2233,0.0172,5.0102,12,
0.1245,0.0223,22.2174,11,
0.2167,0.0825,11.8510,13,
0.2432,0.0073,1.0828,6,
0.2122,0.0082,4.8851,24,
0.0834,0.0085,10.0655,13,
0.0672,0.0163,22.7628,6,
0.0952,0.0027,2.5907,5,
0.2029,0.0464,10.0698,22,
0.0575,0.0009,3.2648,12,
0.1366,0.0297,16.4568,5,
0.1193,0.0514,18.1235,5,
0.0172,0.0096,132.9769,7,
0.2261,0.0135,5.0192,12,
0.1209,0.0246,23.3129,11,
0.1450,0.0007,1.0604,4,
0.2255,0.0829,11.5397,13,
0.3382,0.0065,0.8017,8,
0.2070,0.0089,6.2104,22,
0.0809,0.0055,12.1648,13,
0.0493,0.0039,13.3912,4,
0.1011,0.0020,4.9571,5,
0.2115,0.0451,9.1647,21,
0.0603,0.0008,24.4419,14,
0.1370,0.0387,13.7328,4,
0.1251,0.0744,18.3559,7,
0.0106,0.0013,187.3627,5,
0.2291,0.0142,3.9958,12,
0.1119,0.0304,16.2850,11,
0.2417,0.0599,10.6706,14,
0.3283,0.0017,4.0597,8,
0.2124,0.0130,9.9223,22,
0.0796,0.0009,5.1718,13,
0.1268,0.0072,3.3956,6,
0.2314,0.0339,7.3489,21,
0.0621,0.0006,4.0261,13,
0.1387,0.0469,14.8435,5,
0.1208,0.0630,18.4330,7,
0.0674,0.0113,38.5221,4,
0.3684,0.0179,1.4141,18,
0.1100,0.0288,16.1290,11,
0.2413,0.0704,10.5273,14,
0.4730,0.0031,0.1897,11,
0.1967,0.0093,10.8998,21,
0.0688,0.0019,3.9138,11,
0.1277,0.0060,2.9895,6,
0.2018,0.0298,11.3740,20,
0.0582,0.0008,18.4232,13,
0.1717,0.0637,12.4896,6,
0.1262,0.0757,18.2978,8,
0.0244,0.0020,31.8142,6,
0.2262,0.0130,5.0356,12,
0.0931,0.0257,20.5162,10,
0.2276,0.0754,11.0630,13,
0.4895,0.0036,0.6723,12,
0.1833,0.0115,13.5024,19,
0.0696,0.0009,3.9033,11,
0.1244,0.0027,5.2227,6,
0.2209,0.0337,8.9965,19,
0.0895,0.0015,2.3973,14,
0.1840,0.0596,10.7042,6,
0.1234,0.0668,18.4671,8,
0.0193,0.0047,121.3202,7,
0.2284,0.0198,5.1849,12,
0.1399,0.0411,21.4486,11,
0.2316,0.0780,10.5508,13,
0.5684,0.0017,0.5328,14,
0.4624,0.0360,1.3615,42,
0.1367,0.0051,2.6015,6,
0.2093,0.0285,9.7909,19,
0.0637,0.0013,4.5658,13,
0.1908,0.0657,13.7550,6,
0.1266,0.0543,17.5947,6,
0.0180,0.0061,144.0751,6,
0.2301,0.0133,4.7604,12,
0.0909,0.0296,21.7576,10,
0.2300,0.0686,10.1864,13,
0.6375,0.0031,0.1942,16,
0.4391,0.0302,1.4827,49,
0.1003,0.0038,3.1908,5,
0.2202,0.0282,7.6883,19,
0.0599,0.0006,7.0231,13,
0.1387,0.0403,15.8931,5,
0.1280,0.0641,18.1726,7,
0.0477,0.0202,42.6248,4,
0.0297,0.0090,73.3125,7,
0.2332,0.0197,3.9748,12,
0.0995,0.0206,16.8508,11,
0.2564,0.0682,10.2165,14,
0.8499,0.0038,2.8190,21,
0.4151,0.0281,1.6348,47,
0.1232,0.0105,5.0661,6,
0.1903,0.0267,12.2827,19,
0.0627,0.0008,3.5852,13,
0.1434,0.0681,15.7732,5,
0.1224,0.0692,18.7983,7,
0.0459,0.0150,46.2159,4,
0.0143,0.0076,150.5123,6,
0.2320,0.0206,3.8107,12,
0.1129,0.0241,13.9715,11,
0.2444,0.0703,10.3744,14,
0.9598,0.0048,0.9259,24,
0.4067,0.0296,1.8172,46,
0.1236,0.0085,5.9511,6,
0.2071,0.0187,14.7668,19,
0.0531,0.0019,7.9106,13,
0.1397,0.0194,8.7056,5,
0.1219,0.0517,18.3335,5,
0.1313,0.0443,14.9200,4,
0.0121,0.0024,109.6254,5,
0.2396,0.0134,4.6229,13,
0.1437,0.0437,20.8127,11,
0.2198,0.0751,11.8292,13,
1.0761,0.0081,0.0568,27,
0.4050,0.0266,1.6581,45,
0.0596,0.0026,6.6684,4,
0.1257,0.0028,3.0270,6,
0.2273,0.0085,9.0868,20,
0.0628,0.0011,6.5360,13,
0.1430,0.0088,16.2751,5,
0.1194,0.0526,18.5848,5,
0.0101,0.0051,227.6387,6,
0.2276,0.0132,3.6454,11,
0.1144,0.0206,24.6655,11,
0.2255,0.0836,11.4512,13,
1.0865,0.0044,0.0775,28,
0.4013,0.0317,1.7495,43,
0.0627,0.0028,6.2096,4,
0.1273,0.0048,3.7175,6,
0.2024,0.0117,5.5604,19,
0.0658,0.0012,4.7592,13,
0.1442,0.0118,5.4337,4,
0.1217,0.0777,18.2811,6,
0.0135,0.0066,152.1115,7,
0.2264,0.0197,5.3175,12,
0.1508,0.0484,17.4811,11,
0.2260,0.0704,10.8447,13,
1.2276,0.0073,0.0601,32,
0.3865,0.0317,1.8447,40,
0.0752,0.0077,10.4437,5,
0.1275,0.0060,2.8475,6,
0.1898,0.0114,5.1819,18,
0.0905,0.0032,3.0334,13,
0.1394,0.0057,7.8897,4,
0.1207,0.0572,18.2369,5,
0.0136,0.0032,117.0750,6,
0.2397,0.0119,3.2087,12,
0.1182,0.0274,25.6274,11,
0.1393,0.0034,1.3911,4,
0.2260,0.0783,11.4348,13,
1.2770,0.0059,0.0515,34,
0.3833,0.0344,2.0334,38,
0.0664,0.0057,10.2654,5,
0.1534,0.0059,9.0741,7,
0.1943,0.0134,4.9627,18,
0.0579,0.0007,9.5789,13,
0.1239,0.0120,6.4080,4,
0.1229,0.0611,18.2311,6,
0.0884,0.0195,15.8374,4,
0.0193,0.0047,88.0693,6,
0.2186,0.0197,4.1269,11,
0.1167,0.0218,12.8741,11,
0.2386,0.0642,11.1296,14,
1.2742,0.0065,0.0620,35,
0.3631,0.0258,2.0453,35,
0.0794,0.0082,10.0666,6,
0.1221,0.0030,2.4774,6,
0.1886,0.0161,6.9629,18,
0.0627,0.0013,3.2939,13,
0.1592,0.0056,6.4889,4,
0.1198,0.0012,1.3815,4,
0.1271,0.0724,18.3463,7,
0.0351,0.0129,54.0355,7,
0.2310,0.0132,4.5002,12,
0.1087,0.0284,16.6569,11,
0.2322,0.0701,10.3118,13,
1.3493,0.0108,0.0620,37,
0.3522,0.0316,2.2297,33,
0.0978,0.0094,7.6268,6,
0.1188,0.0041,2.6829,5,
0.1871,0.0121,4.1669,17,
0.0571,0.0009,8.7217,13,
0.1462,0.0044,2.3552,5,
0.1254,0.0514,18.2704,7,
0.0124,0.0045,160.4813,6,
0.2416,0.0136,4.8633,13,
0.1017,0.0329,20.6739,11,
0.1345,0.0045,2.0618,4,
0.2286,0.0800,11.4787,13,
1.3933,0.0086,0.0350,38,
0.3326,0.0244,2.3031,31,
0.0854,0.0083,9.0590,6,
0.1195,0.0039,11.7512,6,
0.1919,0.0154,5.2267,18,
0.0580,0.0008,11.9080,13,
0.1432,0.0511,14.1923,5,
0.1289,0.0643,17.7065,7,
0.0643,0.0144,32.7610,4,
0.0419,0.0067,55.3585,7,
0.2329,0.0264,5.5730,13,
0.1148,0.0349,16.8062,11,
0.2469,0.0629,10.3941,14,
1.4585,0.0029,0.0274,40,
0.3444,0.0315,2.3406,31,
0.0816,0.0056,6.9738,6,
0.1027,0.0035,2.8059,5,
0.2013,0.0124,5.1148,18,
0.0588,0.0018,5.2061,13,
0.1425,0.0683,16.1266,5,
0.1343,0.0674,16.5961,8,
0.0507,0.0082,39.9672,4,
0.0196,0.0085,139.3100,6,
0.2325,0.0257,4.7990,13,
0.1167,0.0205,13.9857,11,
0.2430,0.0622,10.7573,14,
1.5260,0.0062,0.0382,42,
0.3188,0.0287,2.6084,29,
0.0749,0.0047,6.9579,5,
0.1255,0.0052,3.5475,6,
0.2015,0.0112,4.0467,19,
0.0588,0.0021,8.0060,13,
0.1432,0.0619,14.9397,5,
0.1236,0.0493,17.2952,5,
0.0175,0.0070,136.5124,6,
0.2407,0.0135,4.4570,13,
0.1371,0.0388,22.1632,11,
0.2272,0.0829,11.0687,13,
1.5273,0.0094,0.0381,43,
0.3064,0.0254,2.4637,27,
0.0890,0.0075,7.5193,6,
0.0970,0.0031,10.0474,5,
0.1994,0.0100,4.1090,19,
0.0627,0.0020,4.3887,13,
0.1198,0.0036,2.2102,4,
0.1563,0.0387,12.7637,4,
0.1525,0.0839,15.1535,8,
0.0101,0.0047,211.6648,5,
0.2213,0.0134,5.5612,12,
0.1232,0.0285,25.6126,11,
0.2282,0.0824,10.9163,13,
1.6093,0.0107,0.0499,45,
0.5680,0.0696,1.4616,41,
0.1247,0.0068,3.2428,6,
0.2029,0.0469,13.2796,20,
0.0576,0.0014,6.7463,12,
0.1815,0.0652,11.8334,6,
0.1174,0.0468,19.3960,7,
0.1083,0.0196,11.4179,4,
0.0104,0.0009,96.8927,6,
0.2244,0.0130,3.6005,11,
0.1031,0.0274,18.4286,11,
0.2484,0.0887,10.3685,14,
1.6245,0.0069,0.1138,46,
0.5601,0.0699,1.4789,41,
0.1583,0.0047,17.2873,7,
0.1943,0.0114,5.7128,19,
0.0637,0.0016,3.7578,13,
0.1454,0.0067,12.0411,5,
0.1199,0.0617,18.5371,6,
0.0154,0.0035,128.4391,6,
0.2397,0.0122,3.3954,12,
0.1199,0.0260,25.7024,11,
0.1325,0.0037,1.6627,4,
0.2320,0.0755,11.1695,13,
1.7069,0.0094,0.0429,48,
0.5407,0.0593,1.3913,43,
0.1250,0.0040,2.5887,6,
0.2029,0.0133,5.5023,19,
0.0629,0.0022,5.9089,14,
0.1415,0.0124,5.6966,4,
0.1225,0.0568,18.1098,6,
0.1347,0.0424,13.2657,4,
0.0258,0.0106,86.5555,7,
0.2215,0.0199,5.3651,12,
0.1220,0.0193,11.3979,11,
0.2482,0.0645,10.1869,14,
1.6430,0.0066,0.0378,46,
0.5612,0.0638,1.3764,44,
0.0989,0.0089,7.3974,5,
0.1863,0.0138,5.3685,18,
0.0628,0.0006,4.1973,13,
0.1376,0.0484,14.4310,4,
0.1259,0.0691,18.1128,6,
0.0596,0.0137,38.9613,4,
0.0162,0.0112,135.0679,7,
0.2312,0.0199,4.9431,12,
0.1094,0.0273,15.5504,11,
0.2548,0.0518,10.5444,14,
1.5357,0.0095,0.0414,44,
0.5681,0.0646,1.3410,44,
0.1005,0.0042,4.7204,5,
0.1907,0.0129,4.5178,18,
0.0610,0.0007,17.7478,13,
0.1583,0.0094,3.3331,4,
0.1185,0.0036,2.2672,4,
0.1756,0.0119,8.0917,4,
0.1221,0.0542,17.7534,6,
0.0126,0.0060,177.9878,6,
0.2273,0.0201,5.2333,12,
0.1305,0.0340,25.1196,11,
0.2365,0.0751,10.2811,13,
1.5612,0.0048,0.0527,44,
0.5586,0.0527,1.2589,42,
0.1010,0.0050,4.1539,5,
0.2046,0.0105,4.4987,19,
0.0686,0.0013,3.4894,13,
0.1462,0.0091,4.3446,5,
0.1213,0.0499,17.9563,5,
0.0171,0.0040,98.2920,7,
0.2284,0.0118,3.9781,11,
0.0867,0.0292,23.7745,10,
0.2223,0.0655,11.4458,13,
1.6369,0.0046,0.0255,46,
0.5388,0.0600,1.4400,40,
0.1001,0.0028,2.3898,5,
0.2121,0.0099,5.0007,20,
0.0629,0.0009,3.4929,13,
0.1835,0.0650,12.1268,6,
0.1775,0.0118,8.7062,4,
0.1189,0.0487,18.1469,6,
0.0182,0.0043,105.0247,6,
0.2416,0.0201,4.7222,13,
0.1542,0.0476,15.8163,11,
0.2235,0.0718,11.0317,13,
1.6883,0.0070,0.1036,47,
0.5517,0.0614,1.4256,40,
0.1239,0.0042,5.8683,6,
0.2079,0.0127,5.1917,19,
0.0527,0.0012,11.8165,12,
0.1390,0.0133,9.2905,5,
0.1671,0.0736,12.9518,6,
0.0080,0.0034,254.6936,5,
0.2226,0.0119,4.0776,11,
0.1200,0.0256,27.4077,11,
0.1444,0.0010,0.3823,4,
0.2269,0.0844,11.4268,13,
1.6370,0.0043,0.0435,46,
0.5443,0.0699,1.5783,40,
0.1031,0.0095,7.4797,4,
0.1202,0.0026,16.2294,6,
0.2054,0.0210,6.9896,20,
0.0648,0.0007,2.5138,13,
0.1556,0.0271,13.8172,4,
0.1257,0.0058,3.2456,4,
0.1231,0.0492,17.1697,5,
0.0129,0.0055,187.9769,6,
0.2405,0.0137,4.3944,13,
0.1229,0.0213,20.4473,11,
0.2431,0.0728,10.8973,14,
1.6543,0.0051,0.1785,47,
0.5547,0.0582,1.2791,41,
0.0920,0.0028,2.8649,4,
0.1209,0.0026,4.4947,6,
0.2117,0.0157,5.6096,20,
0.0826,0.0022,2.5513,13,
0.1201,0.0050,2.8263,4,
0.1249,0.0597,17.8018,7,
0.0136,0.0079,149.0359,6,
0.2367,0.0153,3.8032,12,
0.1131,0.0249,13.8781,11,
0.2464,0.0676,10.3690,14,
1.6509,0.0050,0.0647,47,
0.5463,0.0447,1.1522,40,
0.0898,0.0037,3.8379,4,
0.1262,0.0094,6.8896,6,
0.1947,0.0151,10.4025,20,
0.0658,0.0005,6.6085,13,
0.1458,0.0448,13.2190,5,
0.1251,0.0623,17.9835,6,
0.0155,0.0082,147.9509,6,
0.2330,0.0198,3.9680,12,
0.1119,0.0219,14.8008,11,
0.2418,0.0750,10.5017,14,
1.6723,0.0052,0.0454,47,
0.5635,0.0603,1.3890,41,
0.1178,0.0040,2.9130,6,
0.2090,0.0201,8.9302,20,
0.0559,0.0019,5.4689,13,
0.1448,0.0200,9.2342,5,
0.1528,0.0697,14.4743,8,
0.0089,0.0010,129.2711,5,
0.2397,0.0135,4.8296,13,
0.1173,0.0135,16.2432,11,
0.2582,0.0841,9.6721,14,
1.6627,0.0077,0.2036,48,
0.5376,0.0573,1.4204,41,
0.0866,0.0024,2.5980,4,
0.1292,0.0030,15.5428,6,
0.2094,0.0255,12.7995,20,
0.0571,0.0009,8.7683,13,
0.1749,0.0648,12.0685,6,
0.1194,0.0582,18.8996,7,
0.0309,0.0126,69.0821,4,
0.0093,0.0013,123.3500,5,
0.2322,0.0132,4.1918,12,
0.0945,0.0271,22.7187,11,
0.2668,0.0523,10.2302,14,
1.6434,0.0101,0.0390,47,
0.5281,0.0576,1.4660,40,
0.0825,0.0045,5.5940,4,
0.1012,0.0043,4.8708,5,
0.1984,0.0171,8.7087,19,
0.0538,0.0011,8.0001,12,
0.1771,0.0649,11.4731,6,
0.1294,0.0611,16.9305,7,
0.0099,0.0020,178.9496,6,
0.2358,0.0135,5.0017,13,
0.1231,0.0216,21.0693,11,
0.1345,0.0028,1.8239,4,
0.2303,0.0726,11.0803,13,
1.6480,0.0049,0.0429,47,
0.5345,0.0584,1.4056,42,
0.1142,0.0038,2.3212,5,
0.1220,0.0034,22.1735,6,
0.2103,0.0194,8.3776,20,
0.0581,0.0009,19.2764,13,
0.2050,0.0899,10.4074,6,
0.1234,0.0617,18.4222,7,
0.0329,0.0208,62.7663,4,
0.0113,0.0035,199.9986,6,
0.2346,0.0197,4.8527,13,
0.1154,0.0225,12.9721,11,
0.2405,0.0652,10.5432,14,
1.7291,0.0069,0.0389,48,
0.5287,0.0520,1.3694,42,
0.1420,0.0062,2.4952,6,
0.1248,0.0103,4.9679,6,
0.2053,0.0183,9.5202,19,
0.0639,0.0007,8.0684,13,
0.1829,0.0696,11.8305,6,
0.1242,0.0598,17.3040,6,
0.0137,0.0047,136.9243,6,
0.2408,0.0123,3.2901,12,
0.1062,0.0141,17.7199,11,
0.2244,0.0863,11.3936,13,
1.6396,0.0071,0.0655,47,
0.5333,0.0597,1.4881,42,
0.1475,0.0080,3.2573,6,
0.1255,0.0058,3.0143,6,
0.2009,0.0274,13.3053,20,
0.0749,0.0010,11.0105,14,
0.1387,0.0154,8.9511,4,
0.1203,0.0535,18.0592,5,
0.0226,0.0082,112.7169,7,
0.2190,0.0192,4.1741,11,
0.1165,0.0122,16.7867,11,
0.2236,0.0788,11.6585,13,
1.7424,0.0047,1.6135,49,
0.5435,0.0630,1.4909,43,
0.1385,0.0070,3.1773,6,
0.1258,0.0096,4.7008,6,
0.1979,0.0240,11.9938,19,
0.0928,0.0041,3.3741,14,
0.1812,0.0641,11.5058,6,
0.1445,0.0675,15.3468,6,
0.0123,0.0019,193.0579,6,
0.2192,0.0186,5.6499,12,
0.1136,0.0185,14.2593,11,
0.2418,0.0794,10.7498,14,
1.6857,0.0049,0.1234,48,
0.5412,0.0584,1.3930,42,
0.1291,0.0034,2.1740,6,
0.1257,0.0068,3.2063,6,
0.2042,0.0307,10.0313,20,
0.0542,0.0023,9.0232,13,
0.1387,0.0245,10.3443,4,
0.1302,0.0752,17.7762,8,
0.0136,0.0011,46.6970,6,
0.2339,0.0157,3.8201,12,
0.1084,0.0288,16.9242,11,
0.2442,0.0695,10.0630,14,
1.6930,0.0053,0.1410,48,
0.5268,0.0559,1.4293,40,
0.1415,0.0063,2.6459,6,
0.1210,0.0048,3.3910,6,
0.2409,0.0496,7.6134,22,
0.0609,0.0009,5.2533,13,
0.1821,0.0730,11.7397,6,
0.1212,0.0712,19.1203,7,
0.0207,0.0029,63.7650,7,
0.2320,0.0133,4.7571,12,
0.1350,0.0347,24.7769,11,
0.2314,0.0801,10.8303,13,
1.6373,0.0107,0.0470,47,
0.5478,0.0604,1.3816,43,
0.1342,0.0018,1.3373,6,
0.0980,0.0036,8.9629,5,
0.2676,0.0447,5.4678,23,
0.0637,0.0009,13.9967,13,
0.1848,0.0620,10.6429,6,
0.1220,0.0738,18.7705,7,
0.0133,0.0012,64.1456,5,
0.2253,0.0133,5.2834,12,
0.1506,0.0472,17.1813,11,
0.2326,0.0801,10.8151,13,
1.6459,0.0096,0.0510,47,
0.5516,0.0667,1.4739,43,
0.1168,0.0066,3.7773,5,
0.1199,0.0043,5.8079,6,
0.2625,0.0493,6.3494,22,
0.0637,0.0008,10.8871,13,
0.1950,0.0773,10.5144,6,
0.1129,0.0465,20.1737,7,
0.0183,0.0054,106.6475,6,
0.2264,0.0200,4.1120,12,
0.1081,0.0201,15.3268,11,
0.2527,0.0709,10.4201,14,
1.7040,0.0055,0.0456,48,
0.5382,0.0683,1.6120,43,
0.1096,0.0043,2.7993,5,
0.1227,0.0033,19.6844,6,
0.2852,0.0555,5.6523,22,
0.0634,0.0008,47.2158,12,
0.1401,0.0298,16.1485,5,
0.1227,0.0551,18.4842,7,
0.0226,0.0057,110.4087,7,
0.2397,0.0200,4.5046,13,
0.1223,0.0210,21.4781,11,
0.2528,0.0691,10.0002,14,
1.7748,0.0101,0.0409,49,
0.5338,0.0605,1.5122,42,
0.1132,0.0031,1.8916,5,
0.1325,0.0071,2.9766,6,
0.2674,0.0572,5.9774,21,
0.0610,0.0008,8.0952,13,
0.1408,0.0123,7.8221,5,
0.1211,0.0544,18.0777,6,
0.0129,0.0020,119.6069,6,
0.2317,0.0192,4.8898,13,
0.1129,0.0291,16.6896,11,
0.2373,0.0951,10.9271,14,
1.6949,0.0080,0.0335,48,
0.5477,0.0715,1.5743,43,
0.1115,0.0048,3.1101,5,
0.1168,0.0043,3.3716,6,
0.1990,0.0433,7.8072,20,
0.0599,0.0008,21.2881,13,
0.1990,0.0882,10.9413,6,
0.1286,0.0466,16.2885,5,
0.0156,0.0079,143.7084,7,
0.2320,0.0133,4.5095,12,
0.1096,0.0245,15.6061,11,
0.2283,0.0790,10.8793,13,
1.6630,0.0044,0.0528,47,
0.5473,0.0672,1.5525,43,
0.1114,0.0007,1.8435,5,
0.0960,0.0020,15.9444,5,
0.2355,0.0406,6.7274,21,
0.0658,0.0008,11.7117,13,
0.1798,0.0733,11.9830,6,
0.1213,0.0511,17.3420,5,
0.0102,0.0037,266.2029,6,
0.2238,0.0128,5.1006,12,
0.1163,0.0205,21.1423,11,
0.2273,0.0781,11.4495,13,
1.6631,0.0053,0.0573,47,
0.5532,0.0625,1.4025,41,
0.1159,0.0061,4.0905,5,
0.1024,0.0051,3.9461,5,
0.2730,0.0345,6.1777,23,
0.0638,0.0022,10.1918,13,
0.1423,0.0073,17.3116,5,
0.1429,0.0706,15.8353,6,
0.1133,0.0134,17.0721,4,
0.0216,0.0043,112.8157,6,
0.2232,0.0134,5.4084,12,
0.1101,0.0196,16.0034,11,
0.2263,0.0847,11.3790,13,
1.5844,0.0049,0.0320,45,
0.5595,0.0665,1.4859,37,
0.1109,0.0018,1.2485,5,
0.2847,0.0462,5.4874,24,
0.0629,0.0009,11.8252,13,
0.1778,0.0700,11.8465,6,
0.1216,0.0503,18.0595,6,
0.0253,0.0046,53.4022,6,
0.2233,0.0121,3.8955,11,
0.1199,0.0229,23.4451,11,
0.1396,0.0067,2.7144,4,
0.2262,0.0767,11.4699,13,
1.6318,0.0052,0.0366,45,
0.3230,0.0230,1.9644,28,
0.1146,0.0157,8.7696,9,
0.1394,0.0051,2.0350,6,
0.3136,0.0485,4.9875,26,
0.0648,0.0012,3.3610,13,
0.1823,0.0719,11.4626,6,
0.1113,0.0337,19.7327,6,
0.0236,0.0060,103.3729,7,
0.2340,0.0194,3.6459,12,
0.1077,0.0249,17.7076,11,
0.2417,0.0788,10.9533,14,
1.5546,0.0049,0.2817,43,
0.3317,0.0186,2.4058,29,
0.1342,0.0215,8.6048,10,
0.1695,0.0076,4.8881,7,
0.3343,0.1740,8.9680,28,
0.0720,0.0010,31.5337,14,
0.1436,0.0089,4.5796,5,
0.1193,0.0484,18.4599,6,
0.0161,0.0045,122.8538,6,
0.2293,0.0122,3.5775,11,
0.1267,0.0339,25.6406,11,
0.2348,0.0812,10.6205,13,
1.4064,0.0115,0.0536,39,
0.3421,0.0095,2.5994,32,
0.0930,0.0097,8.4710,8,
0.2228,0.0042,1.9614,9,
0.3146,0.2165,8.9090,30,
0.0903,0.0042,3.6665,13,
0.1812,0.0730,11.9755,6,
0.1295,0.0622,17.9554,7,
0.0233,0.0029,107.6414,7,
0.2388,0.0188,3.4167,12,
0.1141,0.0136,16.7018,11,
0.2535,0.0789,10.2053,14,
1.3456,0.0069,0.0402,36,
0.3789,0.0181,2.1340,35,
0.0834,0.0063,7.1154,7,
0.2256,0.0068,1.9134,9,
0.4189,0.0495,6.8446,32,
0.0754,0.0011,10.2771,13,
0.1427,0.0069,3.3852,5,
0.1258,0.0778,17.9748,6,
0.0153,0.0027,145.7170,6,
0.2284,0.0120,3.6836,11,
0.1351,0.0376,21.0083,11,
0.2374,0.0759,10.6379,13,
1.2957,0.0050,0.0934,34,
0.3840,0.0151,8.2168,37,
0.0618,0.0036,7.6780,5,
0.2679,0.0159,1.9141,10,
0.2205,0.0534,6.7508,25,
0.0652,0.0044,8.7199,5,
0.0608,0.0019,5.2205,13,
0.1412,0.0070,3.2087,5,
0.1786,0.0120,6.9964,4,
0.1660,0.0745,13.0161,7,
0.0108,0.0023,138.6455,6,
0.2390,0.0193,3.5248,12,
0.1045,0.0289,18.7029,11,
0.2424,0.0735,10.6124,14,
1.2273,0.0059,0.0600,32,
0.3899,0.0164,4.1686,39,
0.0545,0.0020,6.0750,4,
0.2947,0.0206,1.9856,11,
0.3668,0.0916,5.4939,35,
0.0656,0.0005,2.8574,13,
0.1363,0.0735,15.6644,5,
0.1208,0.0598,18.2370,6,
0.1167,0.0654,17.6077,4,
0.0309,0.0073,63.5790,7,
0.2359,0.0188,3.4086,12,
0.1146,0.0171,16.1336,11,
0.2423,0.0834,10.8163,14,
1.1314,0.0058,0.0519,29,
0.4078,0.0153,2.4617,41,
0.3483,0.0187,1.3745,13,
0.4020,0.0706,3.7245,36,
0.0835,0.0020,2.9906,13,
0.1164,0.0035,1.9495,4,
0.1273,0.0581,17.2692,7,
0.0268,0.0101,94.8373,7,
0.2387,0.0129,3.5922,12,
0.1065,0.0269,17.8081,11,
0.2431,0.0791,10.7920,14,
0.9840,0.0077,0.0708,25,
0.4297,0.0209,4.7634,42,
0.3752,0.0206,1.3949,14,
0.4670,0.0922,3.0082,40,
0.0885,0.0015,4.0963,14,
0.1405,0.0057,18.4770,5,
0.1231,0.0734,18.6781,8,
0.0244,0.0015,31.1130,6,
0.2427,0.0199,4.9906,13,
0.1253,0.0299,26.9290,11,
0.2271,0.0789,11.3314,13,
0.9320,0.0056,0.0924,23,
0.4403,0.0148,2.9664,44,
0.3794,0.0151,1.8869,15,
0.5672,0.1270,3.0310,41,
0.0542,0.0014,8.3258,13,
0.1434,0.0550,14.8606,5,
0.1356,0.0698,16.6370,6,
0.0405,0.0144,50.1673,4,
0.0181,0.0055,128.4076,6,
0.2421,0.0204,4.0906,12,
0.1152,0.0273,14.6335,11,
0.2490,0.0688,10.4266,14,
0.8651,0.0070,1.1357,21,
0.4633,0.0165,2.6819,45,
0.3867,0.0308,5.8167,16,
0.5389,0.1171,3.7938,40,
0.0513,0.0020,8.9073,13,
0.1443,0.0126,5.4806,5,
0.1285,0.0530,16.9160,5,
0.0248,0.0106,90.9718,7,
0.2438,0.0200,4.1980,13,
0.0906,0.0277,21.7930,10,
0.2316,0.0766,10.5316,13,
0.7523,0.0092,0.1985,18,
0.4863,0.0202,3.5971,45,
0.4002,0.0367,7.5153,17,
0.4434,0.0925,6.5729,35,
0.0608,0.0006,12.0122,13,
0.1422,0.0073,17.3180,5,
0.1545,0.0726,14.2019,7,
0.0205,0.0013,86.5005,6,
0.2233,0.0136,5.7525,12,
0.1181,0.0190,19.9272,11,
0.1326,0.0035,1.8026,4,
0.2380,0.0768,10.4746,13,
0.5972,0.0034,0.9299,14,
0.2783,0.0157,1.7526,28,
0.0823,0.0101,11.3935,13,
0.4040,0.0364,7.5720,17,
0.2335,0.0999,8.6098,19,
0.1639,0.0390,10.0953,11,
0.0687,0.0010,3.6111,13,
0.1770,0.0112,10.9172,4,
0.1269,0.0680,18.0896,7,
0.0245,0.0096,99.1154,7,
0.2271,0.0133,4.8397,12,
0.1539,0.0481,16.1015,11,
0.2235,0.0850,11.4207,13,
0.4232,0.0020,3.1470,10,
0.2309,0.0132,1.9443,23,
0.0877,0.0132,12.8219,13,
0.1164,0.0033,1.8783,5,
0.4005,0.0420,6.5844,17,
0.2728,0.0981,7.8845,23,
0.0623,0.0015,3.2070,5,
0.0607,0.0007,5.5472,13,
0.1394,0.0055,12.1589,5,
0.1200,0.0529,18.3911,5,
0.0261,0.0029,38.6390,6,
0.2367,0.0189,4.6682,13,
0.1070,0.0225,17.1859,11,
0.2462,0.0774,10.6007,14,
0.2962,0.0021,0.2794,7,
0.2483,0.0162,1.9154,25,
0.0921,0.0136,11.4432,13,
0.1664,0.0058,1.7695,7,
0.3811,0.0374,7.8651,16,
0.3105,0.0823,7.7118,26,
0.1005,0.0053,3.7979,13,
0.1798,0.0631,11.0504,6,
0.1162,0.0526,19.3867,7,
0.0165,0.0043,102.8466,6,
0.2222,0.0132,5.2820,12,
0.1289,0.0317,25.9704,11,
0.2249,0.0848,11.6269,13,
0.2529,0.0176,2.1040,26,
0.0899,0.0077,7.8064,11,
0.2322,0.0027,0.4165,9,
0.3946,0.0367,7.7474,16,
0.0727,0.0036,5.5924,4,
0.2879,0.0529,10.2003,23,
0.0549,0.0018,5.0992,12,
0.1381,0.0207,9.1424,4,
0.1371,0.0796,16.4238,7,
0.0132,0.0049,166.5196,6,
0.2266,0.0133,3.9564,11,
0.1292,0.0298,26.5626,11,
0.1478,0.0023,0.8724,4,
0.2284,0.0875,11.2916,13,
0.2637,0.0156,2.1899,29,
0.0910,0.0077,7.3496,10,
0.2680,0.0013,0.1633,10,
0.3967,0.0373,7.5192,17,
0.1262,0.0066,3.1704,6,
0.3030,0.0337,7.3303,20,
0.0754,0.0009,26.0264,13,
0.1387,0.0439,13.9049,5,
0.1280,0.0690,17.5504,7,
0.0358,0.0082,44.2381,4,
0.0130,0.0039,145.8870,6,
0.2342,0.0192,4.3231,12,
0.1116,0.0336,16.8472,11,
0.2464,0.0626,10.5966,14,
0.2757,0.0139,1.9076,31,
0.0707,0.0042,6.6332,7,
0.3419,0.0057,0.3888,12,
0.4009,0.0498,6.4624,17,
0.1471,0.0077,2.7739,7,
0.2815,0.0546,8.9346,17,
0.0629,0.0013,2.5939,13,
0.1422,0.0065,4.2332,5,
0.1292,0.0774,17.9184,8,
0.0203,0.0063,100.8221,7,
0.2332,0.0196,3.9498,12,
0.1096,0.0251,15.5574,11,
0.2432,0.0567,10.7238,14,
0.2973,0.0150,1.8463,35,
0.0542,0.0010,4.5052,5,
0.3502,0.0107,0.9370,13,
0.3910,0.0259,4.1193,16,
0.1210,0.0044,3.3524,6,
0.3004,0.0262,7.8729,17,
0.0746,0.0022,5.8091,14,
0.1244,0.0080,4.6534,4,
0.1269,0.0697,18.0907,7,
0.0127,0.0057,162.5191,6,
0.2263,0.0171,4.9535,12,
0.1142,0.0317,15.9626,11,
0.2352,0.0687,10.2037,13,
0.2966,0.0099,1.9943,38,
0.3184,0.0011,0.3810,12,
0.3983,0.0515,7.2678,17,
0.1182,0.0035,14.0832,5,
0.3031,0.0377,9.7634,16,
0.0609,0.0006,8.0072,13,
0.1432,0.0562,14.7523,5,
0.1264,0.0497,16.6722,5,
0.0425,0.0042,46.0491,6,
0.2291,0.0132,4.6256,12,
0.1143,0.0358,16.9059,11,
0.2296,0.0780,10.7336,13,
0.3358,0.0262,2.3940,41,
0.3180,0.0010,0.2471,12,
0.4050,0.0425,7.3716,17,
0.1243,0.0083,4.9676,6,
0.3217,0.0628,8.5146,16,
0.0784,0.0018,2.6936,13,
0.1881,0.0594,13.6933,6,
0.1347,0.0619,16.9333,7,
0.0128,0.0020,94.3951,5,
0.2233,0.0182,5.0618,12,
0.1227,0.0244,23.0293,11,
0.2487,0.0799,10.5266,14,
0.3722,0.0290,1.9495,45,
0.3419,0.0036,0.2821,13,
0.3925,0.0345,5.7253,17,
0.1471,0.0076,3.1400,7,
0.3571,0.0885,5.8935,16,
0.0814,0.0026,3.5526,13,
0.1373,0.0379,15.4374,5,
0.1658,0.0725,12.7565,7,
0.0168,0.0058,124.7617,5,
0.2397,0.0136,4.6036,13,
0.1284,0.0299,26.5890,11,
0.2307,0.0820,10.9827,13,
0.3693,0.0233,1.8474,46,
0.1378,0.0026,1.1403,6,
0.3404,0.0029,0.2538,13,
0.4016,0.0428,6.6197,17,
0.1454,0.0078,3.7545,7,
0.1610,0.0286,7.9294,12,
0.1071,0.0042,3.4339,13,
0.2033,0.0957,11.1602,6,
0.1252,0.0592,18.0224,7,
0.0262,0.0036,47.1043,7,
0.2350,0.0196,3.8125,12,
0.1058,0.0270,17.9991,11,
0.2395,0.0700,10.8316,14,
0.4126,0.0213,1.5496,50,
0.1943,0.0032,0.7188,8,
0.3263,0.0111,0.8821,13,
0.3937,0.0289,3.8863,16,
0.1583,0.0109,4.0264,8,
0.2461,0.0950,8.2322,14,
0.0570,0.0008,6.1737,13,
0.1813,0.0618,11.0698,6,
0.1259,0.0763,18.2731,7,
0.0271,0.0065,70.1360,6,
0.2232,0.0173,4.9407,12,
0.1544,0.0487,16.0246,11,
0.2230,0.0715,11.0594,13,
0.4506,0.1236,6.7790,53,
0.2425,0.0007,0.1705,10,
0.3390,0.0024,0.2484,13,
0.4102,0.0378,7.3791,17,
0.1859,0.0141,3.2705,9,
0.2360,0.0872,8.2135,14,
0.0570,0.0012,5.4455,13,
0.1900,0.0791,11.1286,6,
0.1308,0.0640,17.0392,7,
0.0366,0.0090,52.0181,4,
0.0238,0.0072,102.7440,7,
0.2344,0.0199,3.8733,12,
0.1057,0.0214,16.9075,11,
0.2483,0.0747,10.3653,14,
0.3591,0.1368,7.4220,61,
0.2746,0.0013,0.3275,11,
0.3217,0.0020,8.2557,13,
0.3930,0.0326,4.5670,16,
0.1933,0.0153,3.4333,9,
0.2657,0.0800,7.7565,16,
0.0611,0.0008,19.1762,13,
0.1372,0.0393,15.8202,5,
0.1306,0.0677,17.1946,7,
0.0152,0.0087,148.1312,6,
0.2316,0.0265,5.2164,13,
0.1185,0.0173,14.2455,11,
0.1894,0.0891,12.6008,11,
0.0609,0.0255,44.7956,11,
0.3911,0.0248,7.3515,50,
0.3423,0.0020,0.9058,13,
0.3394,0.0019,0.2115,13,
0.3990,0.0490,6.7387,17,
0.1892,0.0187,7.0494,9,
0.3116,0.0620,5.1777,18,
0.0856,0.0019,3.6799,14,
0.1194,0.0073,4.3241,4,
0.1262,0.0736,18.0892,8,
0.3736,0.0131,1.4978,21,
0.0924,0.0251,20.0918,10,
0.1169,0.0030,6.1968,6,
0.1431,0.0067,17.2735,7,
0.4436,0.0527,2.0918,58,
0.3846,0.0081,0.4848,14,
0.3248,0.0041,0.5691,13,
0.3797,0.0380,7.7199,16,
0.2126,0.0336,8.2001,10,
0.3515,0.0626,3.9246,20,
0.0618,0.0010,9.1652,13,
0.1781,0.0691,11.8873,6,
0.1220,0.0555,18.9103,7,
0.0154,0.0096,148.8112,6,
0.2349,0.0182,4.4908,13,
0.1122,0.0195,15.6438,11,
0.4619,0.0532,1.8151,62,
0.3884,0.0019,0.2822,14,
0.3266,0.0035,0.5030,13,
0.4052,0.0434,7.2762,17,
0.2122,0.0237,6.1629,10,
0.3917,0.0903,3.9607,21,
0.0627,0.0010,3.2003,13,
0.2722,0.0418,9.6880,7,
0.1226,0.0702,18.4642,9,
0.0579,0.0124,29.3275,4,
0.0093,0.0017,190.7890,5,
0.2301,0.0190,3.6793,12,
0.1120,0.0234,13.8141,11,
0.1321,0.0085,3.8409,4,
0.4564,0.0450,1.6566,62,
0.4123,0.0125,0.6921,15,
0.3357,0.0029,0.2583,13,
0.3877,0.0403,7.4324,16,
0.1813,0.0110,14.4862,9,
0.4092,0.0987,3.9641,21,
0.0668,0.0012,3.2379,13,
0.1416,0.0082,3.9913,5,
0.1207,0.0549,18.1291,5,
0.0126,0.0055,161.7033,6,
0.2408,0.0135,4.4753,13,
0.1551,0.0483,17.3697,11,
0.3990,0.0391,2.2245,52,
0.3952,0.0067,0.5891,15,
0.3405,0.0034,1.0255,13,
0.3942,0.0432,7.6282,17,
0.1914,0.0170,15.4948,9,
0.4306,0.1000,3.6522,22,
0.0619,0.0010,6.8810,13,
0.1808,0.0655,11.8206,6,
0.1225,0.0548,17.4480,6,
0.0216,0.0043,115.0545,6,
0.2387,0.0135,4.8049,13,
0.1148,0.0137,17.8435,11,
0.3794,0.0294,2.2041,50,
0.3790,0.0102,0.6305,14,
0.3241,0.0012,0.7484,13,
0.3865,0.0408,7.8516,16,
0.1622,0.0089,4.5391,8,
0.4071,0.0928,3.9990,22,
0.0774,0.0019,2.9321,13,
0.1832,0.0726,12.5163,6,
0.1250,0.0537,17.0886,5,
0.1300,0.0190,9.9075,4,
0.0145,0.0028,117.9355,6,
0.2301,0.0134,4.3703,12,
0.1135,0.0244,14.3311,11,
0.3700,0.0231,2.3737,48,
0.3687,0.0152,1.0773,14,
0.3172,0.0018,0.5959,13,
0.4103,0.0372,6.9853,17,
0.1945,0.0303,9.3959,9,
0.3955,0.0765,3.8593,22,
0.0756,0.0017,2.3800,13,
0.1846,0.0712,12.3898,6,
0.1619,0.0779,13.8039,7,
0.0137,0.0035,124.5402,7,
0.2266,0.0176,4.9975,12,
0.0950,0.0148,22.0258,10,
0.3573,0.0177,2.6257,44,
0.3412,0.0044,0.3763,13,
0.3232,0.0022,1.2864,13,
0.4151,0.0368,5.9566,17,
0.1918,0.0092,7.1520,9,
0.4108,0.0865,3.8898,22,
0.1006,0.0049,3.3934,14,
0.1375,0.0357,13.6763,4,
0.1133,0.0485,19.9990,7,
0.0354,0.0025,51.8935,6,
0.2382,0.0198,3.9274,12,
0.1083,0.0200,14.1493,11,
0.3490,0.0173,3.3295,43,
0.3344,0.0079,0.6261,12,
0.3264,0.0022,3.7422,13,
0.4086,0.0388,4.7817,17,
0.2126,0.0119,6.2398,10,
0.3956,0.0974,4.0824,21,
0.0896,0.0022,4.0259,14,
0.2767,0.0504,6.5003,7,
0.1257,0.0613,17.9009,6,
0.0226,0.0108,113.0727,7,
0.2329,0.0195,3.5951,12,
0.1088,0.0218,15.4593,11,
0.3403,0.0154,5.2624,42,
0.3044,0.0015,3.1212,11,
0.3642,0.0072,0.6224,14,
0.3872,0.0339,7.2504,16,
0.1894,0.0082,7.6969,9,
0.3275,0.0576,4.5430,18,
0.0544,0.0014,47.3460,13,
0.1278,0.0529,16.8960,5,
0.0216,0.0081,117.0164,7,
0.2322,0.0135,4.5665,12,
0.0925,0.0263,20.6333,10,
0.3256,0.0128,5.3132,40,
0.2923,0.0013,0.2504,11,
0.3393,0.0021,0.2179,13,
0.4022,0.0418,7.4037,17,
0.2093,0.0125,9.6828,10,
0.2816,0.1027,8.1641,16,
0.0703,0.0013,4.8672,13,
0.1945,0.0748,10.6385,6,
0.1320,0.0648,17.4394,7,
0.0129,0.0054,161.9167,6,
0.2350,0.0249,4.8900,13,
0.1068,0.0226,15.2275,11,
0.3240,0.0127,9.2689,40,
0.2992,0.0057,0.5277,11,
0.3357,0.0034,0.2941,13,
0.3780,0.0332,6.8011,16,
0.1811,0.0247,9.4027,9,
0.1567,0.0080,2.5546,4,
0.2430,0.0414,6.3952,12,
0.0580,0.0011,16.7264,13,
0.1858,0.0809,11.9013,6,
0.1260,0.0643,18.0924,7,
0.0193,0.0041,73.3963,7,
0.2408,0.0125,3.3340,12,
0.1094,0.0137,16.5382,11,
0.3231,0.0127,9.8159,39,
0.2814,0.0096,1.1252,11,
0.3213,0.0017,0.2627,12,
0.3948,0.0481,6.8660,17,
0.1647,0.0201,7.3982,8,
0.3262,0.0671,7.4143,14,
0.0706,0.0012,15.5714,13,
0.1854,0.0709,12.6950,6,
0.1258,0.0560,17.0151,6,
0.0190,0.0033,78.9018,6,
0.2301,0.0135,4.9921,12,
0.1360,0.0423,22.2233,11,
0.3256,0.0148,8.1548,40,
0.2808,0.0039,0.4035,11,
0.3408,0.0016,0.2107,13,
0.4049,0.0478,7.1750,17,
0.1383,0.0406,13.6224,7,
0.3013,0.0147,9.8479,12,
0.0735,0.0010,3.8059,13,
0.1273,0.0545,16.8293,5,
0.0262,0.0045,74.8048,6,
0.2281,0.0135,5.1003,12,
0.0899,0.0278,22.2535,10,
0.3265,0.0136,8.2420,40,
0.2796,0.0036,0.4269,11,
0.3375,0.0031,0.3803,13,
0.3986,0.0491,7.5669,17,
0.1530,0.0198,10.3681,8,
0.2342,0.0155,2.9566,10,
0.0649,0.0009,39.3633,13,
0.1831,0.0735,12.5769,6,
0.1253,0.0742,18.3525,7,
0.0142,0.0020,126.1959,6,
0.2271,0.0134,5.0455,12,
0.0935,0.0280,20.7070,10,
0.3261,0.0141,8.7669,40,
0.2784,0.0048,0.5750,11,
0.3449,0.0029,0.2430,13,
0.4007,0.0375,7.4412,17,
0.1980,0.0304,9.5539,10,
0.1946,0.0117,2.4235,9,
0.0600,0.0009,4.5691,13,
0.1807,0.0705,11.1870,6,
0.1197,0.0578,18.6729,8,
0.0124,0.0028,147.7798,7,
0.2369,0.0194,3.6419,12,
0.1030,0.0204,15.1495,11,
0.3309,0.0173,4.3283,40,
0.2845,0.0025,0.5526,11,
0.3333,0.0069,0.5765,13,
0.3901,0.0353,4.4821,16,
0.2171,0.0277,6.7979,11,
0.1770,0.0094,2.2983,8,
0.0554,0.0019,12.3159,13,
0.1478,0.0751,15.5227,5,
0.1339,0.0783,16.8071,7,
0.0311,0.0040,35.0823,4,
0.0263,0.0081,79.8624,6,
0.2370,0.0189,3.4602,12,
0.1154,0.0247,13.5462,11,
0.3284,0.0164,6.1936,40,
0.2784,0.0057,0.6391,11,
0.3252,0.0025,0.2412,13,
0.4068,0.0482,5.7253,17,
0.2417,0.0410,6.5209,12,
0.1283,0.0108,7.2675,6,
0.0776,0.0029,4.2317,13,
0.1207,0.0029,1.7844,4,
0.1597,0.0765,13.9664,6,
0.0190,0.0028,110.2860,6,
0.2415,0.0136,4.2889,13,
0.1447,0.0416,20.7285,11,
0.3322,0.0182,4.6411,40,
0.2848,0.0011,0.9479,11,
0.3337,0.0019,0.7203,13,
0.3803,0.0386,7.5790,16,
0.2428,0.0445,7.1716,12,
0.1163,0.0059,5.8213,5,
0.0581,0.0007,15.2004,13,
0.1484,0.0174,7.1144,5,
0.1221,0.0522,17.8188,5,
0.0200,0.0047,78.5527,6,
0.2301,0.0135,5.2579,12,
0.1537,0.0460,15.8288,11,
0.3295,0.0175,3.6346,40,
0.2884,0.0036,0.5493,11,
0.3384,0.0027,0.2706,13,
0.4113,0.0384,7.4880,17,
0.2516,0.0323,5.8238,12,
0.1115,0.0050,2.8405,14,
0.1834,0.0618,11.3622,6,
0.1171,0.0526,19.4870,6,
0.0196,0.0018,40.3082,7,
0.2416,0.0133,4.6597,13,
0.1097,0.0287,17.4090,11,
0.3326,0.0185,4.4496,41,
0.2824,0.0011,0.2732,11,
0.3402,0.0026,0.2979,13,
0.4087,0.0417,7.4887,17,
0.2784,0.0426,4.5626,13,
0.0571,0.0004,14.7554,13,
0.1499,0.0101,5.9632,5,
0.1192,0.0528,18.4976,6,
0.0087,0.0019,167.7498,5,
0.2445,0.0133,4.3790,13,
0.1418,0.0396,20.5267,11,
0.3344,0.0223,3.7830,40,
0.2801,0.0018,0.2911,11,
0.3421,0.0030,0.8924,13,
0.3978,0.0479,7.5633,17,
0.2659,0.0338,4.4902,13,
0.0553,0.0010,9.5195,13,
0.1434,0.0138,6.2805,5,
0.1235,0.0492,17.3928,5,
0.0238,0.0103,93.7454,7,
0.2397,0.0183,4.5394,13,
0.0919,0.0285,22.0023,10,
0.3322,0.0197,3.2745,41,
0.2843,0.0095,1.1003,11,
0.3021,0.0022,0.3317,12,
0.4013,0.0593,7.2224,17,
0.2578,0.0220,7.9428,13,
0.0660,0.0015,4.3429,13,
0.1408,0.0072,3.4337,5,
0.1236,0.0545,17.2073,6,
0.0153,0.0034,128.2373,6,
0.2446,0.0135,4.2833,13,
0.1158,0.0210,21.6866,11,
0.3325,0.0207,4.3490,40,
0.2552,0.0035,0.4862,10,
0.3298,0.0018,5.8366,13,
0.3875,0.0373,6.1628,16,
0.2802,0.0482,5.3091,14,
0.0707,0.0013,2.4159,13,
0.1872,0.0515,10.8911,6,
0.1233,0.0504,17.4914,5,
0.0201,0.0051,97.4045,6,
0.2302,0.0199,4.7411,12,
0.1155,0.0260,15.9409,11,
0.3287,0.0167,4.8418,40,
0.2814,0.0055,0.5729,11,
0.3403,0.0025,0.2133,13,
0.3953,0.0525,7.5359,17,
0.2684,0.0398,5.4768,13,
0.0637,0.0013,3.5641,13,
0.1417,0.0416,17.4558,5,
0.1269,0.0689,18.2075,7,
0.0330,0.0198,62.5265,4,
0.0117,0.0055,176.3792,6,
0.2329,0.0132,4.2482,12,
0.1045,0.0318,19.4400,11,
0.3284,0.0179,4.3626,40,
0.2811,0.0107,1.2260,11,
0.3389,0.0017,0.2513,13,
0.3949,0.0545,7.0043,17,
0.2286,0.0287,8.8517,12,
0.0501,0.0026,9.5679,13,
0.1390,0.0137,8.1143,5,
0.1181,0.0530,19.4112,7,
0.0144,0.0091,140.7177,7,
0.2385,0.0135,4.5318,13,
0.1162,0.0150,14.4250,11,
0.3319,0.0187,3.2768,41,
0.3104,0.0032,0.4785,12,
0.3410,0.0030,0.4383,13,
0.3859,0.0377,7.2533,16,
0.2452,0.0521,8.0911,12,
0.0601,0.0007,12.3445,13,
0.1439,0.0619,15.3696,5,
0.2106,0.0787,11.5404,11,
0.0154,0.0039,113.1497,5,
0.2408,0.0271,5.7366,13,
0.0949,0.0182,15.9673,10,
0.3307,0.0190,3.7667,41,
0.2978,0.0112,1.2105,12,
0.3351,0.0086,0.6529,13,
0.3889,0.0294,4.9235,16,
0.1914,0.0303,15.0225,11,
0.0613,0.0028,5.7855,13,
0.1344,0.0681,15.2345,4,
0.1275,0.0736,17.5398,6,
0.0273,0.0077,86.9442,7,
0.2320,0.0163,4.3295,12,
0.0882,0.0230,20.9517,10,
0.3286,0.0190,4.7398,40,
0.2795,0.0092,1.0023,11,
0.3018,0.0014,1.8502,12,
0.4109,0.0431,6.7332,17,
0.1770,0.0386,13.7651,10,
0.0760,0.0013,40.6822,14,
0.1496,0.0765,14.4001,5,
0.1804,0.0795,11.9152,6,
0.0238,0.0102,101.5065,7,
0.2328,0.0127,4.7770,13,
0.1041,0.0335,19.6459,11,
0.3303,0.0198,5.0382,40,
0.3102,0.0071,0.7024,12,
0.3373,0.0075,0.6080,13,
0.3918,0.0325,5.8079,16,
0.1810,0.0418,14.0807,11,
0.0658,0.0007,3.0900,13,
0.1473,0.0590,13.9610,5,
0.1283,0.0729,17.5876,7,
0.0152,0.0039,109.4109,6,
0.2435,0.0200,4.5011,13,
0.0916,0.0316,22.4929,10,
0.3293,0.0179,3.4349,39,
0.2767,0.0041,0.7594,11,
0.3155,0.0015,4.5705,12,
0.4069,0.0432,7.3753,17,
0.1891,0.0433,11.9653,11,
0.0887,0.0018,2.3604,14,
0.1809,0.0622,11.2979,6,
0.1218,0.0570,17.8086,5,
0.1250,0.0652,16.9334,4,
0.0176,0.0058,112.3774,6,
0.2349,0.0252,4.8471,13,
0.1212,0.0206,20.2775,11,
0.3256,0.0180,4.3258,39,
0.2973,0.0212,2.2482,11,
0.3336,0.0042,0.4095,13,
0.3920,0.0377,6.9892,16,
0.1969,0.0279,14.3493,11,
0.0638,0.0012,2.4468,13,
0.1439,0.0538,15.2634,5,
0.1268,0.0659,18.2206,7,
0.0328,0.0185,64.3175,4,
0.0156,0.0095,139.3045,7,
0.2331,0.0192,3.5087,12,
0.1181,0.0247,13.2889,11,
0.3301,0.0206,3.3903,40,
0.2859,0.0033,0.3803,11,
0.3409,0.0025,0.2117,13,
0.4115,0.0467,6.6252,17,
0.1880,0.0393,13.6818,11,
0.0677,0.0006,4.7801,13,
0.1382,0.0263,10.7005,4,
0.1309,0.0685,17.2009,6,
0.0220,0.0090,89.2742,4,
0.0099,0.0011,290.7297,6,
0.2311,0.0132,4.1020,12,
0.1057,0.0259,17.8298,11,
0.3277,0.0178,4.8322,40,
0.2846,0.0080,0.8730,11,
0.3021,0.0023,0.2947,12,
0.4071,0.0408,7.1278,17,
0.1892,0.0425,13.9884,11,
0.0716,0.0012,44.9688,13,
0.1435,0.0506,14.0724,5,
0.1262,0.0681,18.1662,6,
0.0288,0.0045,39.5066,4,
0.0114,0.0035,162.6048,5,
0.2302,0.0202,3.9608,12,
0.1173,0.0292,14.6712,11,
0.3286,0.0178,4.2850,40,
0.2796,0.0120,1.3860,11,
0.3059,0.0017,0.3819,12,
0.4088,0.0468,7.4646,17,
0.1902,0.0399,13.3741,11,
0.0739,0.0012,3.7801,14,
0.1405,0.0109,17.1598,5,
0.1215,0.0520,17.6847,6,
0.0188,0.0026,107.3555,6,
0.2253,0.0134,5.0764,12,
0.1351,0.0379,24.5561,11,
0.3333,0.0183,3.5474,41,
0.2798,0.0033,0.4026,11,
0.3363,0.0019,0.2115,13,
0.3990,0.0357,6.0178,17,
0.1896,0.0434,14.5177,11,
0.0568,0.0017,8.3942,13,
0.1387,0.0195,11.5871,5,
0.1155,0.0443,19.6343,7,
0.0114,0.0036,204.0739,6,
0.2388,0.0193,3.2821,12,
0.1149,0.0167,14.7666,11,
0.3326,0.0189,3.7719,40,
0.2837,0.0044,0.4395,11,
0.3356,0.0016,0.1952,13,
0.3824,0.0403,6.7191,16,
0.1892,0.0336,15.2776,11,
0.0589,0.0015,46.8969,13,
0.1389,0.0219,11.6023,5,
0.1255,0.0489,17.3586,6,
0.0834,0.0117,20.7094,4,
0.0293,0.0077,77.7535,7,
0.2291,0.0132,4.9270,12,
0.1091,0.0310,17.4148,11,
0.3294,0.0195,3.4358,39,
0.2788,0.0042,0.4427,11,
0.3187,0.0025,0.3707,13,
0.4075,0.0411,6.9432,17,
0.1931,0.0368,13.6846,11,
0.0621,0.0017,7.5578,13,
0.2021,0.0874,10.2825,6,
0.1282,0.0633,17.3217,7,
0.0154,0.0079,141.9639,7,
0.2360,0.0133,3.5183,12,
0.1046,0.0152,18.3628,11,
0.3340,0.0195,3.2405,41,
0.2620,0.0017,0.4345,10,
0.3300,0.0082,0.7459,13,
0.3971,0.0303,3.5130,16,
0.2336,0.0415,9.5044,12,
0.0719,0.0015,2.4663,13,
0.1430,0.0146,6.3241,5,
0.1188,0.0512,18.1285,5,
0.0199,0.0035,80.3992,6,
0.2457,0.0203,4.5386,13,
0.1400,0.0384,21.5154,11,
0.3285,0.0192,3.7136,39,
0.2843,0.0010,0.2676,11,
0.3402,0.0014,0.3227,13,
0.4239,0.0391,7.2387,17,
0.2117,0.0323,12.8859,12,
0.0835,0.0038,5.2100,13,
0.1827,0.0590,10.6243,6,
0.1306,0.0690,17.0979,7,
0.0232,0.0132,81.9660,4,
0.0083,0.0039,261.8340,5,
0.2291,0.0207,4.0590,12,
0.1101,0.0283,16.0742,11,
0.3294,0.0186,4.3468,40,
0.2989,0.0122,1.2733,11,
0.3252,0.0045,0.6226,13,
0.3983,0.0289,4.6371,16,
0.1935,0.0329,13.9822,11,
0.0619,0.0009,4.2955,13,
0.1466,0.0620,14.6325,5,
0.1268,0.0653,17.5606,6,
0.0228,0.0068,105.3883,4,
0.0239,0.0109,99.9493,7,
0.2431,0.0205,4.2840,12,
0.1079,0.0302,17.6837,11,
0.3280,0.0190,4.1920,40,
0.2805,0.0071,0.7955,11,
0.3416,0.0016,0.2116,13,
0.3940,0.0531,7.2468,17,
0.1960,0.0288,15.1617,11,
0.1064,0.0041,2.8331,14,
0.1523,0.0236,13.1971,5,
0.1204,0.0551,18.3498,6,
0.0144,0.0085,159.8017,7,
0.2351,0.0191,3.6025,12,
0.1225,0.0221,21.3206,11,
0.3310,0.0184,4.5415,40,
0.2799,0.0127,1.4642,11,
0.3320,0.0104,0.7907,13,
0.3995,0.0270,3.9938,16,
0.1909,0.0260,15.1544,11,
0.0686,0.0012,3.3610,13,
0.1201,0.0060,3.3271,4,
0.1253,0.0510,17.5620,5,
0.0307,0.0104,70.6337,7,
0.2282,0.0132,5.0645,12,
0.0904,0.0301,22.5041,10,
0.3326,0.0202,3.1823,41,
0.2810,0.0045,0.5144,11,
0.3406,0.0013,0.3290,13,
0.3820,0.0369,7.9865,16,
0.1890,0.0408,12.8826,11,
0.1052,0.0038,3.5253,14,
0.1417,0.0170,8.6225,5,
0.1432,0.0660,16.5897,7,
0.0149,0.0017,60.8104,6,
0.2378,0.0129,3.6921,12,
0.1025,0.0329,19.4372,11,
0.3314,0.0184,3.6912,40,
0.2984,0.0104,1.1383,12,
0.3385,0.0120,0.8880,13,
0.3987,0.0203,2.9481,16,
0.1944,0.0312,15.1657,11,
0.0707,0.0020,3.0525,13,
0.1438,0.0115,4.8014,5,
0.1269,0.0693,18.1362,7,
0.0101,0.0025,161.8810,6,
0.2292,0.0200,4.8653,12,
0.1084,0.0314,17.9472,11,
0.3290,0.0181,5.0507,40,
0.2781,0.0078,0.8954,11,
0.3234,0.0014,0.3249,12,
0.3995,0.0442,7.5805,17,
0.1935,0.0280,15.1640,11,
0.0542,0.0015,7.4489,13,
0.1408,0.0556,15.1862,5,
0.1204,0.0584,18.0889,6,
0.0585,0.0198,32.0031,4,
0.0102,0.0047,217.3173,6,
0.2391,0.0208,4.6382,12,
0.0940,0.0287,20.7375,10,
0.3333,0.0207,3.0602,41,
0.2817,0.0065,0.7259,11,
0.3473,0.0021,0.2122,13,
0.4068,0.0372,4.0603,17,
0.1834,0.0219,15.9006,10,
0.0601,0.0008,8.2842,13,
0.1433,0.0063,3.6010,5,
0.1542,0.0692,14.0130,6,
0.0245,0.0039,90.6631,6,
0.2395,0.0133,4.5907,13,
0.1235,0.0267,25.0736,11,
0.3285,0.0179,4.5308,38,
0.3124,0.0131,1.2322,12,
0.3071,0.0016,0.4074,12,
0.4265,0.0279,6.5843,17,
0.1940,0.0353,14.7999,11,
0.0711,0.0009,5.8651,14,
0.1445,0.0071,3.3584,4,
0.1235,0.0480,17.2876,5,
0.0289,0.0043,38.6819,6,
0.2282,0.0165,4.2226,12,
0.1170,0.0308,15.2599,11,
0.3284,0.0192,3.0314,39,
0.2761,0.0069,0.8456,11,
0.3160,0.0021,0.2423,12,
0.4078,0.0455,7.0116,17,
0.1901,0.0238,14.1608,11,
0.0748,0.0013,9.8831,14,
0.1371,0.0129,6.5671,4,
0.1296,0.0763,17.4657,7,
0.0110,0.0031,167.3750,5,
0.2311,0.0133,4.7570,12,
0.0917,0.0290,21.9255,10,
0.3284,0.0175,3.1975,40,
0.2921,0.0030,0.2789,11,
0.3330,0.0031,0.3323,13,
0.4054,0.0372,5.3091,17,
0.1821,0.0199,14.6206,10,
0.0865,0.0034,3.5767,13,
0.1434,0.0181,8.2876,5,
0.1559,0.0073,2.4148,4,
0.1250,0.0784,18.7840,7,
0.1083,0.0142,18.7731,4,
0.0114,0.0060,180.7106,6,
0.2418,0.0137,4.7416,13,
0.1295,0.0364,24.7339,11,
0.3295,0.0178,3.6738,40,
0.2849,0.0072,0.8032,11,
0.3422,0.0027,0.2218,13,
0.3984,0.0434,7.5330,17,
0.2271,0.0442,8.0577,11,
0.0817,0.0015,11.3054,14,
0.1889,0.0733,10.8554,6,
0.1219,0.0765,18.3286,7,
0.0221,0.0032,65.4581,6,
0.2264,0.0181,3.5706,11,
0.1176,0.0201,21.4148,11,
0.3309,0.0180,3.9828,40,
0.2858,0.0030,0.3970,11,
0.3425,0.0025,0.3046,13,
0.3879,0.0384,7.0074,16,
0.1859,0.0319,14.6159,11,
0.0636,0.0013,10.7885,13,
0.1409,0.0209,9.6858,5,
0.1275,0.0650,18.2263,7,
0.0109,0.0033,177.2070,6,
0.2311,0.0193,3.7828,12,
0.1004,0.0257,19.8060,11,
0.3274,0.0178,4.8790,40,
0.2797,0.0085,0.9616,11,
0.3430,0.0017,1.0315,13,
0.3965,0.0447,7.4676,17,
0.1869,0.0252,15.0944,11,
0.0667,0.0009,3.4117,13,
0.1388,0.0196,9.6659,5,
0.1253,0.0500,17.5316,6,
0.0180,0.0031,79.4218,6,
0.2273,0.0175,4.9412,12,
0.0933,0.0268,20.7090,10,
0.3319,0.0201,3.0884,41,
0.2805,0.0089,0.9463,11,
0.3222,0.0014,1.4243,13,
0.4018,0.0529,7.3757,17,
0.2412,0.0511,8.2495,12,
0.0579,0.0015,9.6905,13,
0.1451,0.0588,15.2085,5,
0.1290,0.0650,17.9908,7,
0.0209,0.0093,107.2522,7,
0.2330,0.0196,3.7077,12,
0.1136,0.0259,14.6649,11,
0.3268,0.0176,4.0949,40,
0.2809,0.0089,1.0235,11,
0.2970,0.0019,0.2773,12,
0.4028,0.0477,7.4891,17,
0.1895,0.0291,15.6395,11,
0.1001,0.0042,3.2080,13,
0.1848,0.0564,11.0830,6,
0.1239,0.0567,17.4541,6,
0.0219,0.0044,106.2915,6,
0.2259,0.0135,5.4505,12,
0.1332,0.0352,25.1582,11,
0.3326,0.0191,3.1653,41,
0.2799,0.0021,0.4396,11,
0.3340,0.0015,0.3067,13,
0.3870,0.0368,7.3333,16,
0.1924,0.0328,14.0947,11,
0.0547,0.0010,29.8396,12,
0.1421,0.0065,3.3805,5,
0.1232,0.0713,18.5939,7,
0.0090,0.0035,215.4639,5,
0.2242,0.0136,5.2863,12,
0.1150,0.0200,21.1922,11,
0.3279,0.0185,3.5742,39,
0.2728,0.0117,1.5533,11,
0.2992,0.0018,0.4039,12,
0.4151,0.0470,6.3133,17,
0.1944,0.0258,14.4443,11,
0.0682,0.0007,8.5841,13,
0.1392,0.0221,9.7353,4,
0.1852,0.0112,10.1341,4,
0.1199,0.0470,18.4324,5,
0.0136,0.0065,161.8010,6,
0.2427,0.0204,4.9023,13,
0.1254,0.0334,26.9031,11,
0.3325,0.0181,4.3900,41,
0.2787,0.0070,0.8359,11,
0.3234,0.0024,0.2500,13,
0.4100,0.0400,7.2691,17,
0.1971,0.0210,13.4301,11,
0.0687,0.0011,5.3682,13,
0.1796,0.0626,11.4461,6,
0.1209,0.0543,18.5378,5,
0.2494,0.0242,4.6373,6,
0.0181,0.0048,136.1203,6,
0.2386,0.0136,4.7785,13,
0.1181,0.0255,24.1937,11,
0.3268,0.0181,3.0848,39,
0.2841,0.0048,0.5041,11,
0.3380,0.0021,0.2375,13,
0.4022,0.0486,7.4801,17,
0.2270,0.0403,7.8449,11,
0.0578,0.0020,7.1206,13,
0.1447,0.0091,4.2200,5,
0.1160,0.0483,19.0847,6,
0.1972,0.0337,6.6760,5,
0.0164,0.0112,126.5958,7,
0.2370,0.0131,3.5511,12,
0.1094,0.0275,17.1432,11,
0.3279,0.0165,4.3105,39,
0.2779,0.0077,0.8487,11,
0.3181,0.0015,0.9453,12,
0.4129,0.0362,7.1404,17,
0.1984,0.0242,14.1631,11,
0.0648,0.0008,41.0757,13,
0.1225,0.0006,4.3185,4,
0.1270,0.0724,17.8120,7,
0.0110,0.0059,205.0658,5,
0.2320,0.0130,4.1441,12,
0.1098,0.0311,16.7948,11,
0.3287,0.0172,4.1609,40,
0.2537,0.0011,1.1948,10,
0.3440,0.0103,0.7300,13,
0.3953,0.0252,4.4520,16,
0.2488,0.0578,7.9500,12,
0.0608,0.0008,28.8710,13,
0.1428,0.0473,14.2844,5,
0.1245,0.0655,17.9822,6,
0.0381,0.0102,52.4977,4,
0.0117,0.0033,181.0801,5,
0.2311,0.0193,3.7331,12,
0.1118,0.0262,15.0141,11,
0.3289,0.0184,3.8795,40,
0.2821,0.0193,2.3958,11,
0.3424,0.0013,0.1979,13,
0.3929,0.0624,7.3321,17,
0.1935,0.0264,14.5213,11,
0.0541,0.0018,11.1994,13,
0.1240,0.0472,16.8128,5,
0.0276,0.0037,65.8088,7,
0.2292,0.0132,4.4796,12,
0.0912,0.0295,22.5241,10,
0.3340,0.0203,3.5803,40,
0.2816,0.0033,0.5682,11,
0.3406,0.0021,0.2088,13,
0.3815,0.0358,7.9786,16,
0.1890,0.0363,14.1452,11,
0.0818,0.0019,2.2843,14,
0.1829,0.0745,12.2950,6,
0.1198,0.0467,17.9340,5,
0.0123,0.0058,162.4503,6,
0.2291,0.0133,4.9143,12,
0.0870,0.0277,23.0547,10,
0.3332,0.0213,3.3829,41,
0.2808,0.0051,0.5601,11,
0.3399,0.0021,0.2269,13,
0.4002,0.0469,7.5761,17,
0.1928,0.0256,14.5616,11,
0.0639,0.0018,3.8248,13,
0.1185,0.0096,6.0028,4,
0.1229,0.0448,17.5098,5,
0.1233,0.0133,13.8889,4,
0.0146,0.0072,155.9954,6,
0.2311,0.0132,4.7924,12,
0.1053,0.0315,18.9770,11,
0.3284,0.0187,5.2433,40,
0.2789,0.0204,2.4751,11,
0.3205,0.0025,0.2452,13,
0.4117,0.0382,7.4622,17,
0.1896,0.0249,13.8672,11,
0.0775,0.0013,2.4711,13,
0.1763,0.0499,10.3350,6,
0.1238,0.0530,17.1769,5,
0.0432,0.0063,46.2077,6,
0.2270,0.0133,5.3388,12,
0.0932,0.0293,21.5514,10,
0.3336,0.0199,2.8576,41,
0.2802,0.0076,0.8441,11,
0.3410,0.0012,0.2559,13,
0.4060,0.0490,6.8552,17,
0.1900,0.0230,12.4078,11,
0.0657,0.0013,6.2499,13,
0.1820,0.0751,11.7678,6,
0.1235,0.0537,17.5849,6,
0.0315,0.0024,20.1441,7,
0.2290,0.0132,4.7587,12,
0.0897,0.0306,23.5188,10,
0.3282,0.0180,4.5318,40,
0.2824,0.0063,0.7293,11,
0.3399,0.0025,0.2297,13,
0.4092,0.0409,7.3016,17,
0.2248,0.0381,8.2021,11,
0.0736,0.0017,3.3393,13,
0.1488,0.0543,14.8025,4,
0.1476,0.0415,12.0934,5,
0.1283,0.0562,17.4021,5,
0.0270,0.0045,58.3833,7,
0.2311,0.0135,4.7990,12,
0.0906,0.0309,22.9671,10,
0.3309,0.0178,4.2285,40,
0.2787,0.0047,0.5654,11,
0.3437,0.0021,0.2877,13,
0.4170,0.0389,7.0585,17,
0.1982,0.0280,14.5562,11,
0.0687,0.0013,4.3517,13,
0.1479,0.0509,13.1896,5,
0.1188,0.0676,19.4011,7,
0.1103,0.0127,13.1931,4,
0.0144,0.0053,156.2673,6,
0.2310,0.0160,4.2238,12,
0.1093,0.0317,17.5408,11,
0.3304,0.0203,3.9362,40,
0.2774,0.0088,0.9642,11,
0.3195,0.0018,0.2408,12,
0.4168,0.0459,5.9433,17,
0.1795,0.0276,16.0822,10,
0.0737,0.0015,2.8973,13,
0.1474,0.0702,14.6502,5,
0.1241,0.0717,18.4627,7,
0.0162,0.0052,141.1884,6,
0.2308,0.0159,4.3754,12,
0.1086,0.0334,18.3292,11,
0.3285,0.0194,4.0908,40,
0.2758,0.0088,0.9702,11,
0.3156,0.0030,0.2979,12,
0.3966,0.0440,7.1766,17,
0.1972,0.0199,13.0550,11,
0.0764,0.0019,2.4980,13,
0.1560,0.0241,8.3637,4,
0.1439,0.0776,15.6394,5,
0.1213,0.0506,17.9927,6,
0.0281,0.0040,44.7645,7,
0.2272,0.0131,4.8128,12,
0.0920,0.0275,21.5101,10,
0.3293,0.0191,4.2152,40,
0.2920,0.0033,0.3325,11,
0.3359,0.0022,0.4938,13,
0.4073,0.0384,7.0764,17,
0.1767,0.0222,15.8801,10,
0.0767,0.0015,18.2892,14,
0.1438,0.0268,10.6205,5,
0.1219,0.0520,17.8333,5,
0.3684,0.0153,1.7940,20,
0.1173,0.0147,16.3377,11,
0.3287,0.0184,3.6682,40,
0.2861,0.0034,0.3810,11,
0.3406,0.0016,0.4617,13,
0.3925,0.0493,7.4728,17,
0.1945,0.0236,13.3109,11,
0.0678,0.0015,4.8855,13,
0.1469,0.0544,13.9117,5,
0.1278,0.0660,17.6415,6,
0.0443,0.0046,17.5435,4,
0.0110,0.0080,185.3559,6,
0.2350,0.0197,3.4680,12,
0.1041,0.0280,18.9018,11,
0.3311,0.0193,3.5836,40,
0.2771,0.0116,1.3589,11,
0.3481,0.0028,0.2493,13,
0.4026,0.0455,7.4608,17,
0.2403,0.0555,6.8430,11,
0.0627,0.0013,24.5484,13,
0.1464,0.0114,4.7194,5,
0.1164,0.0488,18.6453,7,
0.0113,0.0065,181.0130,6,
0.2369,0.0201,4.7638,13,
0.1081,0.0238,15.4536,11,
0.3320,0.0180,3.2300,41,
0.2521,0.0012,0.2719,10,
0.3345,0.0043,0.3503,13,
0.3825,0.0361,7.7130,16,
0.1977,0.0322,14.5326,11,
0.0578,0.0017,5.6245,13,
0.1390,0.0409,15.6425,5,
0.1205,0.0592,18.7800,7,
0.0126,0.0086,158.7417,6,
0.2367,0.0254,4.7173,13,
0.1168,0.0157,14.3615,11,
0.3321,0.0193,3.3007,40,
0.2566,0.0018,10.4839,10,
0.3302,0.0064,0.5348,13,
0.3900,0.0353,5.5133,16,
0.2311,0.0470,9.1303,12,
0.0541,0.0015,19.1939,13,
0.1429,0.0655,16.1974,5,
0.1235,0.0669,18.6082,7,
0.0358,0.0062,37.8328,4,
0.0184,0.0101,122.1330,6,
0.2340,0.0131,3.5441,12,
0.1159,0.0261,14.1106,11,
0.3311,0.0183,3.0790,40,
0.2520,0.0028,0.4304,10,
0.3282,0.0096,0.8119,13,
0.3910,0.0268,3.2042,16,
0.1892,0.0322,15.5456,11,
0.0599,0.0008,11.7837,13,
0.1216,0.0380,16.3660,5,
0.1191,0.0192,12.5418,4,
0.0421,0.0145,43.8939,8,
0.2309,0.0150,3.9844,12,
0.1077,0.0234,16.5087,11,
0.3262,0.0180,4.4543,39,
0.2523,0.0010,0.3061,10,
0.3238,0.0089,0.8186,13,
0.3902,0.0295,4.3515,16,
0.1865,0.0368,15.2491,11,
0.0684,0.0013,25.0802,13,
0.1844,0.0825,13.5525,6,
0.1242,0.0479,16.8995,5,
0.0151,0.0064,145.4866,6,
0.2280,0.0132,4.8024,12,
0.0947,0.0255,19.3908,10,
0.3282,0.0180,4.6078,40,
0.2791,0.0152,1.6949,11,
0.3220,0.0026,0.3246,13,
0.3968,0.0503,7.6028,17,
0.1978,0.0235,15.2389,11,
0.0641,0.0008,5.4286,13,
0.1810,0.0733,11.6907,6,
0.1195,0.0496,17.9972,5,
0.0200,0.0048,114.5755,6,
0.2283,0.0202,5.4537,12,
0.1433,0.0431,20.7211,11,
0.3287,0.0188,4.7643,40,
0.2778,0.0071,0.8444,11,
0.3464,0.0045,0.3444,13,
0.3987,0.0430,6.9988,17,
0.2303,0.0463,7.7996,11,
0.0640,0.0011,3.7713,13,
0.1571,0.0407,14.0594,4,
0.1472,0.0771,14.3697,5,
0.1236,0.0731,18.5997,7,
0.0130,0.0035,172.0000,6,
0.2414,0.0122,4.1719,13,
0.0911,0.0308,22.6556,10,
0.3296,0.0200,2.7972,39,
0.2799,0.0068,0.7532,11,
0.3358,0.0039,0.3277,13,
0.4111,0.0333,5.8290,17,
0.1761,0.0225,15.9878,10,
0.0717,0.0018,33.2258,13,
0.1160,0.0022,1.3422,4,
0.1234,0.0706,18.4379,7,
0.0254,0.0041,48.7406,6,
0.2416,0.0130,4.2087,13,
0.0923,0.0306,22.3428,10,
0.3286,0.0180,2.9810,40,
0.2838,0.0063,0.7232,11,
0.3384,0.0021,0.6075,13,
0.4095,0.0404,7.4117,17,
0.2146,0.0286,10.3923,11,
0.0766,0.0021,4.6256,13,
0.1361,0.0095,4.9070,4,
0.1239,0.0527,17.3103,5,
0.0208,0.0045,76.0564,6,
0.2300,0.0167,4.6624,12,
0.1042,0.0245,17.3106,11,
0.3304,0.0198,2.9624,40,
0.2921,0.0029,0.3163,11,
0.3379,0.0020,0.7057,13,
0.4023,0.0373,4.3250,17,
0.1749,0.0213,16.4077,10,
0.0819,0.0026,3.1086,14,
0.1854,0.0587,10.6081,6,
0.1208,0.0527,18.0087,5,
0.0226,0.0027,92.6800,6,
0.2292,0.0133,5.0101,12,
0.1531,0.0446,15.5538,11,
0.3290,0.0170,3.0466,40,
0.3013,0.0101,0.9318,11,
0.3415,0.0016,0.2073,13,
0.4006,0.0491,6.8455,17,
0.1979,0.0188,13.1494,11,
0.0727,0.0014,2.8520,14,
0.1817,0.0577,11.8608,6,
0.1262,0.0504,16.8724,7,
0.0236,0.0101,105.3826,8,
0.2272,0.0132,4.7295,12,
0.1119,0.0313,16.7711,11,
0.3309,0.0182,4.0309,40,
0.2902,0.0022,0.2531,11,
0.3412,0.0026,0.2143,13,
0.3950,0.0359,6.5133,17,
0.1995,0.0440,12.9885,11,
0.0798,0.0022,5.0109,14,
0.1415,0.0064,6.1250,5,
0.1220,0.0549,18.3109,6,
0.0082,0.0020,217.5772,5,
0.2272,0.0132,4.7203,12,
0.1286,0.0347,26.3004,11,
0.3337,0.0187,3.0771,40,
0.2879,0.0022,0.3412,11,
0.3427,0.0024,0.3731,13,
0.4037,0.0396,6.5905,17,
0.1782,0.0197,16.0504,10,
0.0550,0.0012,8.3684,13,
0.1384,0.0405,15.7539,5,
0.1432,0.0710,16.3147,7,
0.0178,0.0049,101.9286,7,
0.2386,0.0136,4.5562,13,
0.1281,0.0305,25.3782,11,
0.3332,0.0187,3.5570,40,
0.2813,0.0044,0.4475,11,
0.3403,0.0038,0.3500,13,
0.3788,0.0350,8.0112,16,
0.1864,0.0318,15.1644,11,
0.0617,0.0006,21.5421,13,
0.1414,0.0548,15.1589,5,
0.1117,0.0552,20.2232,7,
0.0424,0.0012,6.0050,4,
0.0185,0.0076,129.4062,6,
0.2358,0.0151,3.7846,12,
0.1127,0.0270,14.8303,11,
0.3319,0.0181,3.1488,40,
0.2767,0.0212,2.6833,11,
0.2930,0.0015,0.3812,12,
0.4072,0.0452,7.0247,17,
0.1930,0.0243,14.6032,11,
0.0642,0.0013,2.9412,12,
0.1396,0.0322,12.8148,5,
0.1204,0.0593,18.1094,6,
0.0143,0.0076,158.4583,6,
0.2389,0.0132,3.4664,12,
0.1132,0.0169,15.4058,11,
0.3329,0.0190,3.5409,41,
0.2831,0.0014,0.1984,11,
0.3330,0.0013,0.9875,13,
0.3862,0.0334,7.8677,16,
0.1922,0.0347,13.8497,11,
0.0857,0.0022,3.0510,14,
0.1391,0.0126,7.7165,5,
0.1223,0.0504,17.5172,5,
0.1073,0.0142,17.2485,4,
0.0146,0.0046,155.6334,6,
0.2266,0.0132,3.8890,11,
0.1165,0.0243,26.0931,11,
0.3335,0.0197,3.2069,41,
0.2817,0.0035,0.4957,11,
0.3300,0.0022,0.2175,13,
0.3949,0.0368,4.6036,16,
0.1785,0.0219,15.2638,10,
0.0524,0.0023,48.8676,13,
0.1405,0.0419,14.2057,5,
0.1203,0.0581,18.6371,7,
0.0180,0.0035,113.0408,6,
0.2347,0.0195,4.6752,13,
0.1204,0.0217,21.5941,11,
0.3311,0.0179,3.4824,38,
0.2838,0.0030,0.3773,11,
0.3363,0.0025,0.3335,13,
0.3826,0.0356,7.9242,16,
0.1962,0.0321,14.0980,11,
0.0621,0.0009,3.6186,13,
0.1481,0.0027,4.5610,5,
0.1205,0.0540,18.5022,6,
0.0605,0.0194,30.0715,4,
0.0150,0.0044,128.7823,6,
0.2354,0.0256,4.7911,13,
0.1158,0.0146,15.3461,11,
0.3300,0.0202,3.9366,40,
0.2837,0.0049,0.6080,11,
0.3437,0.0016,0.1917,13,
0.3984,0.0320,7.3628,16,
0.1936,0.0335,15.0584,11,
0.0631,0.0009,6.9027,14,
0.1476,0.0802,15.1646,5,
0.1310,0.0498,16.0551,6,
0.0943,0.0133,17.2432,4,
0.0293,0.0058,59.1454,6,
0.2310,0.0228,4.4995,12,
0.0996,0.0227,18.8340,11,
0.3304,0.0201,4.2467,40,
0.2525,0.0019,0.5125,10,
0.3473,0.0019,0.2441,13,
0.4043,0.0493,6.6533,17,
0.1927,0.0237,14.2174,11,
0.0794,0.0022,5.0217,13,
0.1419,0.0206,12.8681,5,
0.1265,0.0753,18.1723,8,
0.0280,0.0020,20.7440,7,
0.2233,0.0133,5.2503,12,
0.1419,0.0443,18.6770,11,
0.3287,0.0181,2.9060,40,
0.2859,0.0046,0.5186,11,
0.3431,0.0027,0.3479,13,
0.4168,0.0397,6.1595,17,
0.1970,0.0376,13.6297,11,
0.0646,0.0013,3.4126,13,
0.1422,0.0194,8.9922,5,
0.1148,0.0472,19.5266,6,
0.0107,0.0064,192.7894,6,
0.2203,0.0133,5.6594,12,
0.1154,0.0171,15.3486,11,
0.3295,0.0191,4.1115,40,
0.2508,0.0018,0.3747,10,
0.3213,0.0016,0.2575,12,
0.3989,0.0364,6.6924,17,
0.2070,0.0309,13.0212,11,
0.0707,0.0011,2.8215,13,
0.1446,0.0106,7.6273,5,
0.1231,0.0506,17.5594,6,
0.0143,0.0049,160.0366,6,
0.2275,0.0116,3.6092,11,
0.0968,0.0307,22.3654,11,
0.3319,0.0188,2.9856,41,
0.2835,0.0071,0.7742,11,
0.3387,0.0018,0.2352,13,
0.3950,0.0375,6.4520,17,
0.1929,0.0239,14.6582,11,
0.0707,0.0014,2.3370,13,
0.1407,0.0113,8.2309,5,
0.1233,0.0540,18.0007,5,
0.0103,0.0020,162.4552,6,
0.2252,0.0187,5.1128,12,
0.1162,0.0222,22.9487,11,
0.3330,0.0188,3.3684,40,
0.2803,0.0028,0.2978,11,
0.3349,0.0039,0.5800,13,
0.3857,0.0403,7.7266,16,
0.2539,0.0579,6.8558,12,
0.0569,0.0008,6.4090,13,
0.1947,0.0812,10.5690,6,
0.1416,0.0659,15.7824,7,
0.0308,0.0027,27.5385,6,
0.2381,0.0122,3.4595,12,
0.1000,0.0315,21.0967,11,
0.3266,0.0174,3.8837,39,
0.2608,0.0038,0.4419,10,
0.3251,0.0085,0.7487,13,
0.3910,0.0304,4.4610,16,
0.1953,0.0290,15.3308,11,
0.0608,0.0006,5.2869,13,
0.1405,0.0588,15.7167,5,
0.1204,0.0350,18.0511,5,
0.0585,0.0184,30.4073,4,
0.0145,0.0032,105.3026,5,
0.2344,0.0203,4.8758,13,
0.1105,0.0218,15.7384,11,
0.3327,0.0184,3.4551,41,
0.2611,0.0010,0.2573,10,
0.2996,0.0016,1.5406,12,
0.4099,0.0330,6.1373,17,
0.2198,0.0300,8.9996,11,
0.0585,0.0030,8.1177,14,
0.1351,0.0393,15.0679,5,
0.1266,0.0515,17.5100,5,
0.0146,0.0103,157.8291,7,
0.2272,0.0167,4.6400,12,
0.0887,0.0330,24.3864,10,
0.3300,0.0184,4.1275,40,
0.2837,0.0083,0.8982,11,
0.3381,0.0018,0.2027,13,
0.4000,0.0386,6.4190,17,
0.1937,0.0226,13.4625,11,
0.0649,0.0007,3.2468,13,
0.1577,0.0332,13.8576,4,
0.1459,0.0681,14.8302,5,
0.1291,0.0751,17.5059,7,
0.0145,0.0042,121.2998,6,
0.2280,0.0131,4.7953,12,
0.0916,0.0312,22.6831,10,
0.3307,0.0191,3.7853,40,
0.2818,0.0100,1.0462,11,
0.3436,0.0026,0.2168,13,
0.3969,0.0489,7.5117,17,
0.1955,0.0232,14.2522,11,
0.0726,0.0016,16.4644,13,
0.1465,0.0807,14.8921,5,
0.1231,0.0633,18.2364,7,
0.0274,0.0138,84.8157,4,
0.0226,0.0021,58.3847,7,
0.2313,0.0132,4.7253,12,
0.1054,0.0282,17.8334,11,
0.3302,0.0183,3.6595,40,
0.2951,0.0097,0.9231,11,
0.3159,0.0014,0.3664,12,
0.4024,0.0404,7.2734,17,
0.2040,0.0283,14.5254,11,
0.1062,0.0038,3.5180,14,
0.1411,0.0113,5.0412,5,
0.1666,0.0410,11.8308,4,
0.1250,0.0573,17.4956,5,
0.0209,0.0056,118.0699,7,
0.2234,0.0176,5.1441,12,
0.1085,0.0292,17.4459,11,
0.3283,0.0180,3.4111,40,
0.2524,0.0019,0.3713,10,
0.3402,0.0029,0.2486,13,
0.4010,0.0512,6.6368,17,
0.1962,0.0216,13.7332,11,
0.0686,0.0007,3.6693,13,
0.1613,0.0198,13.4325,4,
0.1219,0.0053,3.0023,4,
0.1279,0.0705,17.5872,7,
0.0138,0.0025,104.6221,6,
0.2273,0.0153,4.1557,12,
0.1113,0.0324,17.0138,11,
0.3300,0.0183,2.8956,40,
0.2886,0.0052,0.5062,11,
0.3442,0.0018,4.0977,13,
0.4091,0.0355,4.7009,17,
0.2451,0.0592,6.8062,11,
0.0688,0.0013,23.8764,13,
0.1825,0.0710,11.6409,6,
0.1260,0.0769,18.4923,7,
0.0195,0.0041,93.7594,6,
0.2330,0.0131,4.4675,12,
0.0917,0.0299,22.2425,10,
0.3335,0.0214,2.8669,41,
0.2887,0.0056,0.6549,11,
0.3414,0.0022,0.3428,13,
0.3993,0.0385,7.6268,17,
0.2412,0.0614,7.0038,11,
0.0844,0.0029,3.0187,13,
0.1436,0.0105,7.1280,5,
0.1365,0.0615,17.1982,7,
0.0153,0.0090,139.8834,7,
0.2397,0.0135,4.6728,13,
0.1144,0.0140,17.0447,11,
0.3327,0.0186,3.1624,40,
0.2577,0.0015,1.5978,10,
0.3405,0.0020,0.2244,13,
0.4066,0.0366,5.9985,17,
0.2074,0.0266,14.6186,11,
0.0638,0.0006,5.2795,13,
0.1754,0.0489,11.0258,6,
0.1246,0.0514,17.9205,6,
0.0120,0.0030,160.8880,6,
0.2281,0.0135,4.6229,12,
0.0886,0.0290,23.0055,10,
0.3298,0.0186,4.1327,40,
0.2827,0.0030,0.4102,11,
0.3421,0.0016,0.3798,13,
0.3811,0.0429,7.1692,16,
0.1926,0.0313,14.4308,11,
0.0616,0.0014,3.0144,13,
0.1417,0.0641,15.4293,5,
0.1112,0.0279,19.8141,5,
0.0295,0.0068,52.2577,4,
0.0171,0.0051,122.9229,6,
0.2339,0.0130,3.6985,12,
0.1185,0.0186,12.4698,11,
0.3338,0.0182,3.3172,40,
0.2511,0.0024,0.4078,10,
0.3255,0.0101,0.8226,13,
0.3964,0.0282,3.4220,16,
0.2009,0.0304,14.8229,11,
0.0705,0.0012,2.9778,13,
0.1514,0.0760,14.9785,5,
0.1329,0.0727,17.7121,7,
0.0417,0.0196,55.2719,4,
0.0244,0.0101,84.5554,6,
0.2310,0.0194,3.9716,12,
0.1142,0.0273,14.9227,11,
0.3300,0.0182,3.4064,40,
0.2499,0.0048,0.7102,10,
0.3476,0.0030,0.2637,13,
0.4089,0.0409,7.5145,17,
0.2426,0.0529,6.9227,11,
0.0656,0.0019,3.8955,13,
0.1890,0.0630,11.3754,6,
0.1208,0.0477,17.9159,5,
0.0195,0.0036,123.4010,7,
0.2273,0.0192,5.3468,12,
0.0902,0.0314,23.5292,10,
0.3243,0.0168,4.5589,39,
0.2507,0.0024,0.5255,10,
0.3405,0.0015,2.2226,13,
0.4013,0.0439,7.5339,17,
0.2103,0.0321,10.9672,11,
0.0799,0.0020,4.4905,14,
0.1108,0.0131,7.8532,4,
0.1179,0.0491,18.7631,5,
0.0172,0.0053,142.9860,6,
0.2282,0.0198,5.3309,12,
0.1302,0.0296,26.1775,11,
0.3285,0.0182,5.0440,39,
0.2499,0.0091,1.3247,10,
0.3430,0.0014,0.2851,13,
0.4180,0.0416,7.2570,17,
0.2044,0.0352,14.0212,11,
0.0618,0.0007,4.1972,13,
0.1508,0.0256,8.5302,5,
0.1214,0.0528,18.2154,5,
0.0081,0.0024,243.8043,5,
0.2417,0.0134,4.5052,13,
0.1592,0.0519,14.5327,11,
0.3158,0.0203,5.6902,36,
0.0436,0.0006,12.3880,4,
0.2301,0.0037,0.5923,9,
0.3324,0.0015,0.3746,13,
0.4034,0.0377,7.4983,17,
0.1990,0.0273,14.2658,11,
0.0540,0.0023,8.8356,13,
0.1829,0.0607,10.8277,6,
0.1647,0.0725,13.0955,6,
0.0202,0.0029,159.0611,7,
0.2281,0.0132,5.2884,12,
0.1597,0.0479,15.1013,11,
0.3193,0.0214,2.5242,35,
0.0517,0.0039,12.9613,6,
0.2299,0.0047,0.7503,9,
0.3442,0.0018,0.4214,13,
0.4120,0.0389,7.2071,17,
0.2531,0.0602,6.7990,12,
0.0646,0.0007,2.4602,13,
0.1757,0.0615,11.9702,6,
0.1517,0.0717,14.8560,6,
0.1715,0.0370,8.5419,4,
0.0191,0.0058,125.7029,6,
0.2378,0.0135,4.8063,13,
0.1279,0.0305,26.1239,11,
0.3505,0.0294,2.5352,35,
0.0580,0.0048,14.5782,7,
0.2237,0.0036,0.6821,9,
0.3444,0.0085,0.6097,13,
0.3888,0.0321,5.0677,16,
0.1914,0.0294,15.4295,11,
0.0608,0.0006,6.7583,13,
0.1597,0.0203,6.4059,4,
0.1255,0.0473,16.9390,5,
0.0400,0.0151,48.7335,4,
0.0264,0.0048,87.8562,7,
0.2340,0.0157,3.9896,12,
0.1113,0.0273,15.8699,11,
0.3361,0.0400,2.9950,36,
0.0754,0.0077,15.9528,9,
0.1961,0.0005,0.1962,8,
0.3191,0.0018,0.4388,12,
0.4070,0.0413,7.5000,17,
0.1891,0.0366,14.3459,11,
0.0805,0.0019,2.7063,13,
0.1832,0.0580,11.2747,6,
0.1245,0.0504,17.1178,6,
0.0106,0.0020,140.6690,6,
0.2292,0.0135,5.0103,12,
0.1393,0.0429,20.6367,11,
0.3411,0.0327,2.5419,36,
0.0642,0.0064,47.7226,8,
0.2215,0.0065,1.1051,9,
0.3458,0.0043,0.3302,13,
0.3914,0.0316,5.3247,16,
0.2487,0.0507,7.8753,12,
0.0608,0.0009,14.2969,13,
0.1976,0.0843,10.7218,6,
0.1200,0.0659,19.1069,7,
0.0285,0.0029,49.1082,4,
0.0143,0.0066,156.5272,6,
0.2311,0.0195,3.7413,12,
0.0644,0.0262,32.3357,8,
0.3498,0.0318,5.1175,37,
0.0642,0.0127,21.6387,8,
0.1935,0.0006,0.2149,8,
0.3016,0.0012,0.9800,12,
0.4037,0.0460,7.0404,17,
0.1944,0.0269,14.8594,11,
0.0616,0.0024,5.7111,13,
0.1394,0.0202,9.1728,5,
0.1235,0.0546,18.1276,6,
0.0162,0.0080,141.2346,7,
0.2318,0.0134,4.9833,12,
0.0481,0.0268,53.7310,6,
0.3739,0.0323,5.6590,40,
0.0640,0.0076,17.8060,8,
0.2257,0.0017,0.3910,9,
0.3396,0.0032,0.3733,13,
0.3829,0.0424,7.7825,16,
0.2477,0.0605,7.3763,12,
0.0589,0.0015,4.5566,13,
0.1414,0.0432,13.7306,5,
0.1246,0.0716,18.5544,7,
0.1005,0.0211,17.7763,4,
0.0419,0.0041,33.6256,6,
0.2298,0.0157,4.2503,12,
0.0573,0.0185,33.9182,7,
0.3773,0.0299,8.4336,41,
0.0544,0.0033,29.0847,6,
0.2223,0.0013,0.6208,9,
0.3200,0.0020,4.3462,12,
0.4103,0.0353,6.2722,17,
0.1958,0.0280,15.2227,11,
0.0600,0.0016,10.0439,13,
0.1230,0.0058,3.2519,4,
0.1171,0.0639,19.6641,7,
0.1141,0.0195,14.0309,4,
0.0155,0.0051,140.5438,6,
0.2300,0.0155,4.2731,12,
0.0659,0.0253,31.6479,8,
0.0585,0.0061,22.3205,4,
0.3782,0.0170,5.2338,41,
0.0592,0.0038,9.6606,6,
0.2244,0.0007,0.2267,9,
0.3473,0.0035,0.3513,13,
0.4013,0.0421,7.4827,17,
0.2011,0.0292,14.6543,11,
0.0768,0.0022,4.7730,13,
0.1830,0.0885,13.6605,6,
0.1207,0.0560,18.6775,5,
0.0104,0.0030,171.5614,6,
0.2397,0.0983,10.3101,15,
0.0479,0.0133,55.4845,6,
0.3682,0.0163,4.1467,43,
0.2430,0.0012,4.7778,9,
0.3420,0.0024,0.3788,13,
0.4014,0.0417,7.3914,17,
0.1951,0.0326,14.9869,11,
0.0633,0.0007,3.6099,14,
0.1432,0.0146,7.3874,5,
0.1197,0.0519,18.7018,5,
0.1647,0.0327,11.3036,4,
0.0202,0.0072,114.9072,6,
0.2417,0.0981,10.0427,15,
0.0544,0.0310,45.0415,6,
0.3565,0.0163,3.7690,42,
0.2555,0.0036,0.5095,10,
0.3403,0.0038,0.3132,13,
0.3938,0.0326,4.5265,16,
0.2563,0.0670,7.2556,12,
0.0589,0.0009,3.5354,13,
0.1481,0.0551,14.3891,5,
0.1220,0.0612,18.4330,6,
0.0774,0.0173,22.6925,4,
0.0154,0.0107,138.5560,7,
0.2359,0.0199,4.8657,13,
0.0718,0.0148,20.8843,8,
0.3652,0.0208,1.9050,45,
0.2243,0.0006,8.8359,9,
0.3192,0.0032,0.2955,12,
0.3984,0.0443,7.3537,17,
0.1957,0.0234,13.9414,11,
0.0686,0.0009,5.1737,13,
0.1776,0.0878,13.1475,6,
0.1267,0.0452,16.6572,5,
0.0204,0.0101,118.2522,7,
0.2292,0.0132,4.6903,12,
0.0794,0.0224,23.4087,9,
0.3605,0.0280,2.1109,44,
0.2221,0.0013,0.3002,9,
0.3419,0.0036,0.3111,13,
0.3997,0.0416,7.5514,17,
0.2348,0.0536,7.1813,11,
0.0617,0.0004,14.1023,13,
0.1409,0.0630,15.7079,5,
0.1212,0.0690,18.7770,7,
0.0605,0.0200,29.9204,4,
0.0136,0.0073,150.4914,6,
0.2372,0.0198,3.8230,12,
0.1053,0.0247,15.9492,11,
0.3571,0.0230,2.0773,43,
0.2443,0.0161,2.7234,10,
0.3469,0.0011,0.4929,13,
0.3851,0.0376,6.7443,16,
0.2527,0.0633,7.2763,12,
0.0616,0.0007,37.8565,13,
0.2718,0.0601,6.2583,7,
0.1238,0.0622,18.7752,7,
0.0487,0.0180,42.4087,4,
0.0220,0.0054,84.1736,7,
0.2317,0.0257,4.8792,13,
0.1155,0.0284,15.0203,11,
0.0644,0.0061,27.9181,5,
0.3512,0.0211,2.5857,43,
0.2501,0.0030,0.8764,10,
0.3463,0.0041,0.3091,13,
0.3872,0.0297,4.4187,16,
0.1926,0.0326,15.1760,11,
0.0590,0.0008,4.6428,13,
0.1395,0.0470,14.9922,5,
0.1244,0.0433,17.6987,5,
0.0542,0.0154,43.0010,4,
0.0127,0.0081,166.3540,6,
0.2252,0.0147,4.0798,12,
0.1103,0.0309,17.4176,11,
0.3575,0.0192,2.8785,44,
0.2235,0.0007,0.2222,9,
0.3212,0.0011,0.5421,12,
0.4008,0.0458,7.4349,17,
0.2330,0.0504,7.7867,11,
0.0681,0.0013,7.8357,14,
0.1381,0.0389,14.3787,5,
0.1212,0.0520,18.2114,5,
0.1222,0.0132,18.6981,4,
0.0181,0.0116,122.5969,7,
0.2321,0.0136,5.0309,12,
0.0945,0.0284,20.9111,10,
0.3606,0.0279,2.4183,44,
0.2515,0.0058,0.8081,10,
0.3472,0.0018,0.7237,13,
0.3900,0.0389,7.7475,16,
0.2541,0.0596,7.0375,12,
0.0630,0.0007,5.4551,13,
0.1938,0.0808,10.7334,6,
0.1278,0.0586,17.7183,8,
0.0217,0.0054,103.6920,7,
0.2332,0.0137,4.9865,13,
0.1192,0.0212,21.8487,11,
0.0363,0.0041,30.5146,4,
0.3617,0.0254,3.1949,44,
0.2566,0.0015,0.9436,10,
0.3369,0.0042,0.3506,13,
0.3937,0.0346,7.4521,16,
0.2578,0.0610,6.7459,12,
0.0687,0.0005,4.5356,13,
0.1727,0.0820,12.7726,6,
0.1315,0.0763,17.3526,8,
0.0219,0.0104,118.5827,7,
0.2301,0.0130,4.8772,12,
0.0915,0.0283,21.6952,10,
0.3617,0.0210,2.7105,44,
0.2551,0.0076,0.9776,10,
0.3379,0.0034,0.3140,13,
0.3953,0.0323,4.9384,16,
0.2497,0.0513,7.2536,12,
0.0659,0.0020,4.8139,14,
0.1855,0.0600,14.9406,6,
0.1280,0.0678,18.2861,7,
0.0659,0.0181,27.5370,4,
0.0109,0.0025,169.5392,6,
0.2291,0.0171,4.6349,12,
0.0905,0.0264,21.5522,10,
0.3606,0.0254,4.9510,43,
0.2617,0.0074,0.8697,10,
0.3412,0.0025,0.3416,13,
0.4048,0.0457,7.4908,17,
0.2198,0.0350,8.5088,11,
0.0794,0.0020,5.0423,14,
0.1349,0.0552,15.6431,5,
0.1211,0.0554,18.2999,5,
0.0136,0.0045,150.9255,6,
0.2437,0.0134,4.2759,13,
0.1066,0.0318,18.4693,11,
0.0345,0.0039,32.1180,4,
0.3614,0.0273,3.5755,44,
0.2252,0.0011,0.2776,9,
0.3405,0.0015,2.8280,13,
0.4050,0.0419,6.8083,17,
0.1992,0.0226,12.9236,11,
0.0753,0.0009,3.9502,13,
0.1412,0.0159,7.4840,5,
0.1252,0.0499,16.7463,6,
0.0301,0.0080,67.1323,6,
0.2261,0.0132,5.0750,12,
0.0917,0.0313,23.0347,10,
0.3649,0.0302,3.6172,45,
0.2310,0.0048,0.8172,9,
0.3299,0.0024,0.2445,13,
0.3835,0.0328,7.1512,16,
0.2282,0.0465,9.0057,12,
0.0559,0.0019,8.1278,13,
0.1389,0.0231,11.7905,5,
0.1162,0.0498,19.4340,7,
0.0171,0.0052,135.0742,6,
0.2413,0.0136,4.7881,13,
0.1312,0.0238,20.7536,11,
0.0316,0.0037,34.8993,4,
0.3615,0.0286,3.5983,44,
0.2302,0.0031,0.4983,9,
0.3270,0.0037,0.3139,13,
0.3839,0.0374,6.7559,16,
0.2552,0.0621,7.4238,12,
0.0775,0.0022,2.5904,13,
0.1414,0.0077,3.8594,5,
0.1191,0.0471,17.7909,5,
0.3673,0.0200,2.3783,20,
0.1151,0.0192,14.7494,11,
0.0352,0.0044,35.7867,4,
0.3606,0.0274,5.3514,44,
0.2538,0.0049,0.6930,10,
0.3405,0.0028,0.4273,13,
0.3907,0.0353,4.9436,16,
0.1952,0.0348,14.4108,11,
0.0666,0.0015,5.5759,13,
0.1812,0.0673,11.4463,6,
0.1319,0.0610,16.9933,6,
0.0154,0.0033,132.2324,6,
0.2362,0.0191,3.6651,12,
0.1156,0.0143,15.4078,11,
0.0382,0.0043,29.0214,4,
0.3611,0.0275,7.0665,42,
0.2562,0.0020,0.2901,10,
0.3573,0.0089,0.6080,13,
0.3907,0.0292,5.2155,16,
0.2454,0.0509,8.5607,12,
0.0600,0.0018,4.6397,13,
0.1434,0.0645,15.2865,5,
0.1271,0.0663,17.6309,7,
0.0357,0.0180,58.1920,4,
0.0081,0.0005,337.2929,5,
0.2373,0.0203,4.4945,12,
0.1038,0.0300,19.1137,11,
0.3617,0.0258,4.6701,44,
0.2535,0.0010,0.3546,10,
0.3358,0.0083,0.7395,13,
0.3932,0.0379,7.2917,16,
0.2545,0.0579,7.2550,12,
0.0815,0.0013,2.9374,14,
0.1385,0.0246,10.5077,5,
0.1204,0.0496,17.8732,5,
0.0120,0.0039,181.7134,6,
0.2262,0.0134,5.2745,12,
0.1238,0.0298,26.6050,11,
0.3634,0.0316,8.7705,45,
0.2622,0.0068,0.9013,10,
0.3393,0.0038,0.3054,13,
0.3931,0.0338,5.9062,16,
0.2496,0.0597,7.6590,12,
0.0551,0.0009,7.8175,13,
0.1434,0.0210,9.5421,5,
0.1235,0.0660,18.8070,7,
0.0342,0.0153,60.5696,4,
0.0124,0.0018,95.6628,5,
0.2382,0.0202,4.1912,12,
0.1107,0.0256,15.0265,11,
0.0614,0.0061,21.1605,4,
0.3645,0.0246,8.6819,44,
0.2370,0.0009,0.2801,9,
0.3175,0.0014,0.3325,12,
0.4017,0.0389,6.3444,17,
0.1941,0.0294,15.3825,11,
0.0670,0.0007,8.9057,14,
0.1545,0.0550,14.4005,4,
0.1559,0.0588,12.8167,5,
0.1230,0.0512,17.6471,5,
0.0425,0.0057,36.3665,6,
0.2291,0.0134,4.9905,12,
0.0922,0.0323,22.6154,10,
0.3562,0.0315,9.0974,44,
0.2521,0.0072,1.0005,10,
0.3432,0.0027,0.2920,13,
0.3958,0.0386,6.2835,17,
0.1785,0.0206,16.0125,10,
0.0597,0.0014,3.8201,13,
0.1418,0.0180,14.5926,5,
0.1226,0.0607,18.6268,7,
0.0101,0.0059,221.2238,6,
0.2369,0.0131,3.5207,12,
0.1059,0.0285,18.0595,11,
0.3574,0.0247,8.0357,43,
0.2523,0.0042,0.5360,10,
0.3357,0.0017,0.2733,13,
0.4167,0.0401,5.7571,17,
0.2436,0.0566,7.5328,12,
0.0666,0.0013,11.9064,13,
0.1394,0.0326,14.2278,5,
0.1294,0.0690,17.2633,6,
0.0200,0.0088,125.5605,7,
0.2346,0.0193,4.9839,13,
0.1151,0.0256,14.2077,11,
0.3634,0.0244,8.8679,44,
0.2225,0.0008,2.0781,9,
0.2989,0.0021,0.3430,12,
0.4012,0.0437,7.5988,17,
0.1879,0.0272,15.5371,11,
0.0686,0.0006,3.1562,13,
0.1800,0.0612,11.1351,6,
0.1215,0.0486,18.1088,5,
0.0118,0.0037,165.6412,6,
0.2242,0.0169,5.2091,12,
0.1494,0.0440,17.7975,11,
0.3584,0.0321,7.9658,44,
0.2504,0.0052,0.7255,10,
0.3433,0.0019,0.2182,13,
0.3884,0.0375,6.2647,16,
0.1941,0.0330,15.1386,11,
0.0689,0.0010,30.7487,13,
0.1424,0.0096,4.6045,5,
0.1469,0.0234,16.1609,4,
0.1225,0.0519,17.7044,5,
0.0080,0.0005,136.3782,5,
0.2290,0.0134,4.9233,12,
0.1242,0.0257,22.9917,11,
0.0279,0.0040,44.5191,4,
0.3562,0.0296,8.9716,43,
0.2490,0.0101,1.4807,10,
0.3481,0.0020,0.2481,13,
0.4115,0.0337,5.1535,17,
0.2443,0.0615,7.8801,12,
0.0600,0.0010,40.2508,13,
0.1845,0.0714,11.6782,6,
0.1345,0.0615,16.3696,7,
0.0098,0.0017,148.7575,5,
0.2330,0.0129,3.7975,12,
0.1218,0.0149,14.8079,11,
0.3613,0.0266,8.7616,44,
0.2366,0.0024,0.3881,9,
0.3182,0.0010,0.2887,12,
0.3952,0.0526,5.9816,17,
0.1936,0.0208,13.3590,11,
0.0736,0.0013,24.1024,13,
0.1780,0.0673,12.7036,6,
0.1253,0.0695,17.9686,7,
0.0178,0.0050,106.9911,7,
0.2302,0.0133,4.5132,12,
0.1109,0.0341,17.6266,11,
0.3613,0.0258,7.8569,44,
0.2582,0.0173,2.5663,10,
0.3027,0.0023,0.2918,12,
0.4190,0.0385,6.2670,17,
0.2068,0.0286,14.6945,11,
0.0609,0.0012,14.9073,13,
0.1444,0.0139,7.1479,5,
0.1225,0.0585,18.0741,6,
0.0137,0.0085,150.1510,6,
0.2321,0.0193,3.6587,12,
0.1091,0.0154,17.5763,11,
0.0362,0.0067,50.8948,4,
0.3644,0.0273,8.4956,45,
0.2513,0.0061,0.8091,10,
0.3419,0.0033,0.2763,13,
0.4059,0.0429,6.7944,17,
0.1926,0.0391,13.7238,11,
0.0628,0.0004,3.5451,13,
0.1741,0.0770,14.8937,6,
0.1257,0.0698,18.4132,7,
0.0398,0.0103,57.3183,4,
0.0084,0.0039,250.9425,5,
0.2292,0.0173,5.1175,12,
0.1112,0.0303,16.7526,11,
0.3625,0.0337,8.9397,45,
0.2517,0.0137,2.0540,10,
0.3410,0.0011,9.4249,13,
0.3951,0.0483,7.4617,17,
0.2249,0.0473,7.7052,11,
0.0569,0.0013,11.5444,13,
0.1406,0.0103,12.5355,5,
0.1311,0.0644,17.8111,7,
0.0142,0.0048,137.0330,6,
0.2321,0.0192,3.6608,12,
0.1135,0.0186,12.7883,11,
0.0575,0.0061,22.7091,4,
0.3578,0.0247,9.0239,43,
0.2236,0.0008,0.2533,9,
0.3179,0.0013,0.4014,12,
0.3991,0.0432,7.6269,17,
0.1907,0.0268,14.4321,11,
0.0600,0.0008,4.5035,13,
0.1702,0.0727,12.0305,6,
0.1271,0.0458,16.7561,5,
0.0264,0.0139,87.7697,4,
0.0128,0.0009,118.2328,5,
0.2310,0.0149,3.9385,12,
0.1068,0.0277,17.2151,11,
0.3612,0.0233,6.6662,44,
0.2237,0.0013,0.3555,9,
0.3233,0.0022,0.2726,12,
0.4008,0.0433,7.5844,17,
0.2407,0.0557,6.7784,11,
0.0508,0.0016,7.3407,12,
0.1446,0.0091,5.4498,5,
0.1192,0.0545,18.4535,6,
0.0083,0.0053,244.9475,5,
0.2250,0.0202,5.4327,12,
0.1116,0.0279,16.3730,11,
0.0344,0.0042,36.5826,4,
0.3616,0.0270,8.8143,44,
0.2217,0.0012,0.6748,9,
0.3403,0.0022,0.2421,13,
0.4049,0.0450,7.5361,17,
0.2004,0.0248,14.2818,11,
0.0826,0.0024,4.2930,13,
0.1222,0.0155,7.7182,4,
0.1367,0.0631,16.8176,7,
0.0153,0.0053,139.2825,6,
0.2268,0.0131,4.2908,11,
0.1047,0.0288,18.9025,11,
0.0262,0.0035,50.5250,4,
0.3632,0.0261,6.9725,44,
0.2552,0.0013,0.2820,10,
0.3098,0.0013,0.6732,12,
0.4077,0.0581,6.0358,17,
0.1928,0.0233,14.6236,11,
0.0731,0.0017,2.3473,14,
0.1772,0.0764,12.0384,6,
0.1218,0.0531,17.8514,5,
0.0282,0.0040,93.2052,7,
0.2378,0.0132,4.8068,13,
0.1174,0.0265,25.2898,11,
0.3576,0.0219,9.1551,43,
0.2556,0.0029,0.3928,10,
0.3282,0.0023,0.1751,12,
0.4083,0.0348,6.5465,17,
0.1903,0.0290,15.3445,11,
0.0686,0.0014,28.2036,13,
0.1500,0.0587,14.2566,5,
0.1328,0.0690,17.1192,6,
0.0125,0.0058,177.5291,6,
0.2320,0.0189,3.5826,12,
0.1113,0.0284,16.3513,11,
0.0429,0.0065,38.6088,4,
0.3621,0.0252,8.4170,44,
0.2368,0.0009,0.2723,9,
0.3476,0.0024,0.2050,13,
0.3945,0.0471,7.5411,17,
0.1975,0.0209,12.7346,11,
0.0667,0.0014,3.8204,13,
0.1420,0.0065,17.1889,5,
0.1236,0.0537,17.9050,5,
0.0088,0.0045,252.3302,5,
0.2427,0.0135,4.2848,13,
0.1397,0.0424,20.5006,11,
0.3615,0.0303,8.9357,45,
0.2537,0.0106,1.4957,10,
0.3410,0.0029,0.2389,13,
0.3977,0.0389,6.1825,17,
0.1909,0.0358,13.5260,11,
0.0767,0.0013,4.5764,14,
0.1372,0.0345,14.5118,5,
0.1218,0.0509,17.9855,5,
0.0172,0.0056,126.8191,6,
0.2301,0.0132,4.9622,12,
0.0904,0.0298,22.9010,10,
0.3609,0.0325,8.9543,45,
0.2542,0.0055,0.7746,10,
0.3394,0.0018,0.2611,13,
0.4495,0.0425,5.0647,17,
0.2292,0.0463,7.2855,11,
0.0716,0.0015,3.2091,13,
0.1819,0.0674,11.7457,6,
0.1224,0.0535,17.6443,6,
0.0161,0.0028,86.7216,5,
0.2232,0.0173,5.1386,12,
0.1375,0.0371,20.2658,11,
0.3621,0.0332,7.8699,45,
0.2535,0.0049,0.6948,10,
0.3209,0.0024,0.2602,13,
0.4112,0.0459,7.4547,17,
0.1856,0.0233,12.3088,11,
0.0598,0.0007,9.4270,13,
0.1419,0.0162,8.6064,5,
0.1240,0.0539,17.1298,6,
0.0128,0.0036,143.9691,5,
0.2291,0.0136,4.9873,12,
0.1523,0.0493,17.3644,11,
0.3619,0.0306,8.9752,45,
0.2542,0.0042,0.5289,10,
0.3342,0.0024,0.4235,13,
0.3899,0.0269,3.7394,16,
0.2398,0.0442,8.4123,12,
0.0580,0.0012,6.7161,13,
0.1393,0.0513,15.8837,5,
0.1249,0.0611,18.3226,8,
0.0130,0.0028,114.3256,6,
0.2324,0.0132,4.7569,13,
0.1167,0.0205,12.6785,11,
0.0279,0.0036,46.4811,4,
0.3648,0.0248,8.7958,45,
0.2536,0.0033,0.4403,10,
0.3309,0.0037,0.3536,13,
0.3948,0.0387,4.0686,16,
0.1966,0.0272,14.8325,11,
0.1045,0.0046,2.9413,14,
0.1452,0.0106,4.6415,5,
0.1202,0.0524,17.7877,5,
0.1263,0.0132,17.5403,4,
0.0290,0.0138,80.7724,8,
0.2292,0.0194,5.1341,12,
0.1336,0.0353,23.8756,11,
0.3661,0.0296,6.8430,44,
0.2517,0.0025,0.3150,10,
0.3444,0.0024,0.2150,13,
0.3948,0.0343,7.6202,16,
0.2599,0.0626,6.7648,12,
0.0645,0.0011,5.5384,12,
0.1871,0.0628,11.0143,6,
0.1211,0.0483,17.7548,5,
0.0190,0.0034,101.2120,7,
0.2415,0.0131,4.5625,13,
0.1248,0.0281,25.4637,11,
0.0179,0.0044,94.9803,4,
0.3605,0.0297,7.7561,44,
0.2552,0.0073,0.9822,10,
0.3444,0.0024,0.2323,13,
0.3880,0.0349,7.1983,16,
0.2449,0.0571,7.5149,12,
0.0656,0.0012,7.6592,13,
0.1464,0.0562,14.9021,5,
0.1279,0.0685,18.0950,8,
0.0222,0.0009,27.4224,4,
0.0108,0.0011,211.4759,5,
0.2293,0.0163,4.6952,12,
0.1137,0.0337,16.8362,11,
0.3612,0.0267,9.0757,44,
0.2589,0.0057,0.7707,10,
0.3454,0.0017,0.4406,13,
0.4026,0.0405,7.0577,17,
0.2268,0.0404,8.8965,11,
0.0728,0.0019,3.1751,13,
0.1448,0.0170,9.8753,5,
0.1189,0.0538,18.4797,5,
0.0108,0.0041,185.8270,5,
0.2242,0.0132,5.2679,12,
0.1171,0.0139,14.6340,11,
0.0353,0.0043,35.4045,4,
0.3643,0.0280,8.8964,45,
0.2523,0.0038,0.4899,10,
0.3424,0.0020,2.3231,13,
0.3766,0.0365,7.9229,16,
0.2412,0.0532,8.2195,12,
0.0569,0.0007,6.5476,13,
0.1870,0.0641,10.7572,6,
0.1802,0.0792,11.7953,6,
0.0299,0.0122,75.1527,7,
0.2254,0.0138,5.6301,12,
0.1167,0.0190,12.7136,11,
0.0421,0.0059,35.2680,4,
0.3577,0.0272,8.7893,44,
0.2224,0.0015,0.7575,9,
0.3456,0.0121,0.8620,13,
0.3853,0.0263,4.4828,16,
0.1878,0.0266,15.3167,11,
0.0629,0.0008,3.3468,13,
0.1831,0.0731,11.8547,6,
0.1224,0.0464,17.4928,5,
0.0480,0.0014,66.0976,6,
0.2300,0.0159,4.3108,12,
0.1077,0.0300,17.4280,11,
0.3620,0.0323,6.2734,45,
0.2251,0.0007,0.3280,9,
0.3412,0.0020,0.6167,13,
0.3958,0.0513,7.6136,17,
0.2132,0.0304,9.4644,11,
0.0804,0.0012,3.5144,13,
0.1406,0.0124,6.8632,5,
0.1217,0.0522,17.5624,5,
0.1073,0.0142,20.1922,4,
0.0154,0.0051,157.2044,6,
0.2416,0.0135,4.4874,13,
0.1306,0.0334,25.7760,11,
0.3625,0.0313,8.2085,45,
0.2544,0.0035,0.5042,10,
0.3324,0.0074,0.6271,13,
0.3909,0.0311,5.8622,16,
0.1891,0.0320,13.8216,11,
0.0902,0.0037,3.3960,13,
0.1426,0.0067,4.3062,5,
0.1243,0.0540,17.2210,5,
0.0346,0.0039,76.8462,7,
0.2270,0.0132,5.0061,12,
0.0904,0.0298,22.7674,10,
0.3603,0.0317,5.7995,45,
0.2256,0.0012,0.2788,9,
0.3410,0.0022,0.2135,13,
0.3951,0.0480,7.6168,17,
0.1931,0.0237,14.2179,11,
0.0566,0.0014,12.3614,12,
0.1834,0.0568,10.0673,6,
0.1161,0.0555,18.7733,7,
0.0137,0.0049,145.7566,6,
0.2372,0.0129,3.8746,12,
0.1003,0.0256,19.8929,11,
0.3651,0.0258,8.8221,45,
0.2236,0.0020,0.4205,9,
0.3243,0.0042,0.5545,13,
0.4011,0.0290,4.3578,16,
0.1967,0.0271,15.1039,11,
0.0847,0.0027,3.0065,13,
0.1411,0.0260,10.7705,5,
0.1220,0.0517,17.2141,6,
0.0179,0.0025,67.3784,6,
0.2277,0.0130,3.6396,11,
0.1288,0.0302,26.1657,11,
0.0235,0.0042,67.3772,4,
0.3613,0.0288,7.2625,44,
0.2530,0.0018,0.5632,10,
0.3413,0.0021,0.1929,13,
0.3917,0.0331,7.1434,16,
0.2467,0.0616,7.4941,12,
0.0366,0.0069,48.0147,4,
0.0225,0.0046,72.1920,4,
0.0473,0.0027,9.6496,5,
0.3122,0.0418,3.1533,46,
0.5085,0.0505,1.6980,59,
0.1253,0.0083,7.0424,6,
0.0267,0.0086,69.0650,6,
0.5277,0.0529,1.6688,68,
0.2386,0.0833,10.8600,14,
0.0484,0.0136,36.6090,11,
0.4751,0.0561,2.3244,60,
0.2255,0.0733,11.0288,13,
0.5770,0.0444,1.2561,71,
0.2590,0.0498,10.3216,14,
0.5478,0.0462,1.3690,65,
0.0837,0.0014,1.7516,4,
0.2412,0.0694,10.3639,14,
0.5268,0.0500,1.3693,61,
0.1141,0.0018,1.3763,5,
0.2398,0.0681,11.1890,14,
0.5021,0.0502,1.5477,58,
0.1430,0.0051,1.9443,6,
0.2394,0.0841,10.6170,14,
0.5121,0.0467,1.4608,58,
0.1428,0.0049,2.6913,6,
0.2295,0.0715,10.9543,13,
0.5297,0.0514,1.3818,58,
0.1316,0.0026,4.5083,6,
0.2228,0.0709,11.3356,13,
0.5300,0.0573,1.5586,57,
0.1840,0.0025,1.2925,8,
0.2423,0.0727,10.8815,14,
0.5186,0.0456,1.5206,56,
0.1934,0.0044,1.1731,8,
0.2414,0.0689,10.3049,14,
0.5397,0.0570,1.6466,56,
0.1996,0.0016,0.7133,8,
0.2416,0.0745,10.6785,14,
0.5292,0.0545,1.6901,55,
0.1996,0.0024,0.5955,8,
0.2401,0.0640,11.1702,14,
0.5244,0.0563,1.8780,54,
0.2269,0.0035,0.9586,9,
0.2291,0.0710,10.8584,13,
0.5175,0.0486,1.6303,52,
0.2274,0.0066,1.3061,9,
0.2455,0.0795,10.7692,14,
0.5209,0.0570,1.5586,51,
0.2463,0.0047,2.2076,10,
0.2232,0.0693,11.1414,13,
0.5242,0.0550,1.5415,50,
0.2260,0.0020,0.3968,9,
0.2241,0.0695,11.1393,13,
0.5474,0.0760,1.7570,50,
0.2269,0.0030,1.1767,9,
0.2391,0.0705,11.1351,14,
0.5331,0.0699,1.6738,49,
0.2272,0.0019,0.3984,9,
0.2366,0.0757,10.4389,14,
0.5201,0.0577,1.5066,48,
0.2303,0.0082,1.7595,9,
0.2394,0.0733,11.1930,14,
0.5205,0.0602,1.5801,48,
0.2292,0.0023,0.4064,9,
0.2414,0.0667,10.6961,14,
0.5090,0.0511,1.5114,48,
0.2282,0.0018,0.6921,9,
0.2430,0.0674,10.8531,14,
0.5143,0.0521,1.4875,48,
0.2317,0.0022,0.5327,9,
0.2543,0.0724,10.0530,14,
0.5190,0.0602,1.5322,48,
0.2469,0.0086,1.4662,10,
0.2383,0.0814,10.7166,14,
0.5230,0.0555,1.5088,48,
0.2175,0.0017,0.8414,9,
0.2446,0.0607,10.6327,14,
0.5234,0.0598,1.5808,48,
0.2251,0.0015,0.5408,9,
0.2440,0.0579,10.7249,14,
0.5210,0.0468,1.3660,48,
0.2247,0.0031,0.7170,9,
0.2398,0.0827,10.7395,14,
0.5266,0.0564,1.4956,48,
0.2315,0.0018,0.2326,9,
0.2498,0.0577,10.2940,14,
0.5383,0.0656,1.6280,49,
0.2026,0.0020,0.4753,8,
0.2383,0.0806,10.6391,14,
0.5095,0.0506,1.4597,48,
0.2302,0.0076,1.5090,9,
0.2479,0.0631,10.9122,14,
0.5387,0.0648,1.5947,49,
0.1918,0.0021,0.4986,8,
0.2427,0.0747,10.7980,14,
0.5139,0.0513,1.4205,48,
0.2441,0.0067,1.2643,10,
0.2402,0.0839,10.5941,14,
0.5177,0.0535,1.4625,48,
0.2437,0.0075,1.5001,10,
0.2222,0.0662,11.0330,13,
0.5232,0.0474,1.4323,48,
0.1934,0.0036,1.2738,8,
0.2461,0.0665,10.9614,14,
0.5403,0.0671,1.6889,49,
0.1988,0.0021,0.5524,8,
0.2277,0.0775,10.7863,13,
0.5293,0.0626,1.6867,49,
0.1701,0.0017,10.6632,7,
0.2455,0.0737,10.6277,14,
0.5065,0.0470,1.6009,48,
0.1403,0.0046,2.4519,6,
0.2214,0.0697,11.1553,13,
0.5170,0.0499,1.6137,49,
0.1117,0.0047,2.8443,5,
0.2406,0.0728,10.6577,14,
0.5128,0.0625,1.9577,48,
0.0855,0.0017,1.8480,4,
0.2312,0.0705,10.5216,13,
0.5162,0.0605,1.8602,48,
0.0844,0.0010,10.3396,4,
0.2341,0.0747,10.1934,13,
0.5322,0.0621,1.8557,48,
0.0871,0.0019,2.0474,4,
0.2507,0.0485,10.7083,14,
0.5154,0.0623,1.9031,47,
0.2248,0.0709,10.7802,13,
0.5247,0.0534,1.7084,47,
0.0847,0.0020,2.1868,4,
0.2404,0.0790,10.8115,14,
0.5044,0.0473,1.6920,46,
0.0839,0.0017,1.9430,4,
0.2383,0.0653,10.7213,14,
0.5099,0.0498,1.6663,47,
0.0856,0.0010,1.0666,4,
0.2381,0.0740,11.2055,14,
0.5084,0.0501,1.5949,47,
0.1119,0.0027,1.7161,5,
0.2436,0.0684,10.8290,14,
0.5093,0.0490,1.5889,48,
0.1114,0.0047,3.1532,5,
0.2521,0.0611,10.1334,14,
0.5112,0.0492,1.5959,49,
0.2507,0.0844,10.4707,14,
0.5373,0.0637,1.6655,52,
0.2233,0.0743,10.9819,13,
0.5366,0.0602,1.7489,54,
0.2514,0.0590,10.8522,14,
0.5543,0.0633,1.6850,59,
0.2399,0.0715,11.0303,14,
0.5361,0.0494,2.0032,61,
0.2290,0.0714,10.8851,13,
0.5362,0.0523,2.0213,63,
0.2425,0.0633,10.7733,14,
0.5457,0.0602,2.0487,65,
0.2386,0.0828,10.8237,14,
0.5506,0.0640,1.8954,66,
0.2483,0.0752,10.5899,14,
0.5354,0.0641,2.1332,65,
0.2516,0.0570,10.1286,14,
0.5446,0.0660,2.0255,65,
0.2402,0.0791,10.6125,14,
0.1934,0.0021,0.5124,5,
0.5365,0.0592,1.8913,64,
0.2648,0.0772,11.3358,14,
0.3818,0.0024,0.4732,9,
0.5199,0.0469,1.7994,62,
0.2390,0.0772,10.7010,14,
0.4912,0.0063,0.4817,12,
0.5203,0.0553,1.8653,61,
0.2388,0.0707,10.9848,14,
0.6632,0.0035,0.1175,16,
0.5245,0.0529,1.7768,60,
0.2597,0.0577,10.7032,14,
0.7743,0.0041,0.1980,19,
0.5123,0.0485,1.7516,58,
0.2474,0.0597,10.8263,14,
0.8779,0.0063,0.0931,22,
0.5322,0.0612,1.7540,58,
0.2448,0.0779,10.8373,14,
0.9879,0.0063,0.0681,25,
0.5405,0.0635,1.7741,57,
0.2284,0.0685,11.0281,13,
1.0360,0.0069,0.0903,27,
0.5307,0.0546,1.8942,56,
0.2240,0.0751,11.2364,13,
1.1524,0.0045,0.0595,30,
0.5292,0.0474,5.6708,56,
0.2382,0.0704,11.4258,14,
1.2514,0.0048,0.1389,33,
0.5240,0.0261,2.2499,57,
0.2253,0.0705,10.8050,13,
1.2742,0.0040,0.0612,34,
0.4682,0.0544,3.6942,49,
0.0944,0.0405,30.2588,42,
0.2414,0.0675,10.7564,14,
1.3565,0.0042,0.1863,36,
0.4456,0.0528,3.8420,47,
0.1111,0.0255,18.4765,42,
0.2280,0.0690,10.6089,13,
1.3160,0.0054,0.0472,36,
0.5621,0.1808,3.9987,53,
0.1084,0.0312,19.0716,44,
0.2387,0.0730,10.9594,14,
1.3673,0.0065,0.1661,38,
0.8431,0.3345,2.6239,136,
0.2292,0.0715,10.4863,13,
1.4333,0.0044,0.1947,40,
0.6470,0.1996,3.3804,70,
0.1601,0.0682,17.6957,64,
0.2495,0.0670,10.1244,14,
1.4812,0.0039,0.0518,41,
0.6407,0.1810,3.3856,69,
0.1476,0.0680,16.8363,57,
0.0340,0.0011,9.7906,6,
0.2405,0.0748,10.6984,14,
1.5218,0.0039,0.0604,42,
0.5986,0.1503,3.3990,64,
0.1055,0.0270,28.0243,45,
0.0090,0.0045,280.2587,14,
0.0324,0.0016,11.7813,6,
0.2493,0.0594,10.5155,14,
1.5106,0.0034,0.0533,42,
0.5193,0.0302,2.4802,56,
0.1613,0.0554,12.3999,4,
0.0087,0.0008,194.0272,13,
0.0226,0.0024,39.5837,6,
0.2379,0.0773,11.0962,14,
1.5466,0.0058,0.0768,43,
0.5101,0.0495,3.1670,54,
0.0082,0.0011,258.8054,13,
0.0254,0.0005,82.1926,6,
0.2426,0.0701,11.2745,14,
1.5190,0.0056,0.0530,42,
0.5350,0.0731,2.4964,55,
0.1301,0.0350,13.3787,4,
0.0091,0.0025,259.0417,12,
0.0255,0.0008,50.5848,6,
0.2495,0.0788,10.3650,14,
1.5128,0.0098,0.0344,42,
0.5257,0.0733,2.3197,55,
0.1117,0.0252,18.3496,4,
0.0102,0.0035,314.6801,13,
0.0208,0.0017,64.4691,6,
0.2227,0.0713,11.2463,13,
1.4701,0.0149,0.0590,41,
0.5266,0.0705,2.2070,56,
0.0086,0.0016,240.8060,13,
0.0303,0.0011,21.8200,6,
0.2268,0.0724,11.0470,13,
1.4666,0.0111,0.0557,40,
0.5256,0.0583,2.1792,57,
0.1622,0.0514,11.5510,4,
0.0081,0.0042,310.1177,13,
0.0188,0.0010,23.4988,6,
0.2339,0.0670,10.4981,13,
1.3689,0.0132,0.0585,37,
0.5299,0.0651,2.3125,59,
0.1354,0.0496,14.3087,4,
0.0085,0.0035,312.5939,13,
0.0206,0.0024,47.7784,6,
0.2299,0.0738,10.6648,13,
1.2595,0.0061,0.0462,34,
0.5308,0.0646,2.5114,61,
0.0131,0.0025,107.7638,14,
0.0157,0.0017,47.8308,5,
0.2376,0.0720,11.1991,14,
1.2149,0.0038,0.1221,32,
0.5402,0.0709,2.4456,63,
0.1165,0.0256,19.2837,4,
0.0096,0.0017,235.1484,13,
0.0217,0.0020,41.1085,6,
0.2257,0.0742,10.9563,13,
1.1387,0.0075,0.1438,30,
0.5285,0.0628,2.4656,64,
0.1354,0.0273,12.6784,4,
0.0111,0.0024,223.8860,13,
0.0341,0.0015,13.1763,6,
0.2496,0.0487,10.9202,14,
1.0875,0.0048,0.0686,28,
0.5261,0.0672,2.2144,65,
0.1473,0.0507,12.9598,4,
0.0088,0.0012,160.6710,13,
0.0226,0.0013,21.6846,6,
0.2297,0.0730,10.6134,13,
1.0270,0.0054,0.0691,26,
0.5205,0.0576,2.2109,66,
0.0103,0.0038,207.3629,14,
0.0341,0.0004,20.4540,6,
0.2384,0.0721,10.9020,14,
0.9038,0.0052,0.0806,23,
0.5441,0.0687,1.9332,68,
0.1373,0.0262,17.2132,4,
0.0098,0.0046,236.0415,13,
0.0332,0.0008,6.7457,6,
0.2445,0.0811,10.4977,14,
0.8939,0.0047,0.0902,22,
0.5408,0.0591,1.8318,69,
0.1510,0.0374,10.5708,4,
0.0078,0.0038,316.7621,12,
0.0410,0.0020,9.9476,6,
0.2509,0.0589,10.1875,14,
0.8033,0.0109,0.1757,20,
0.5241,0.0611,2.0354,69,
0.0127,0.0028,226.1541,13,
0.0200,0.0009,17.3814,6,
0.2211,0.0747,11.3785,13,
0.7003,0.0036,1.7199,17,
0.5399,0.0621,2.0550,69,
0.0147,0.0051,174.5336,14,
0.0175,0.0014,33.8968,5,
0.2478,0.0611,10.8841,14,
0.6069,0.0037,0.2617,15,
0.5217,0.0676,2.3866,68,
0.1009,0.0250,20.0069,4,
0.0090,0.0014,348.2626,13,
0.0204,0.0006,134.4210,6,
0.2432,0.0711,10.7512,14,
0.5873,0.0028,4.0474,14,
0.5226,0.0571,2.3220,67,
0.0081,0.0026,321.4190,12,
0.0364,0.0007,11.0239,7,
0.2277,0.0724,10.9313,13,
0.5120,0.0048,0.2335,12,
0.5242,0.0635,2.2754,67,
0.0086,0.0049,275.9863,13,
0.0492,0.0019,6.1275,7,
0.2367,0.0796,10.9771,14,
0.4199,0.0064,0.9883,10,
0.5211,0.0665,2.4152,66,
0.0718,0.0176,30.3513,4,
0.0085,0.0022,269.3390,13,
0.0293,0.0010,8.7335,6,
0.2490,0.0737,10.1983,14,
0.2930,0.0015,0.3259,7,
0.5280,0.0535,2.4088,65,
0.0774,0.0254,28.0808,4,
0.0100,0.0025,325.9664,13,
0.0216,0.0018,37.7956,6,
0.2401,0.0777,11.0573,14,
0.5238,0.0493,2.6015,64,
0.1135,0.0276,18.1792,4,
0.0084,0.0029,336.2171,13,
0.0301,0.0008,6.6982,6,
0.2304,0.0718,10.8319,13,
0.5225,0.0536,2.5795,63,
0.0921,0.0295,24.2823,4,
0.0086,0.0012,322.7179,13,
0.0245,0.0005,13.1396,6,
0.2425,0.0655,11.1246,14,
0.5123,0.0595,2.9848,62,
0.1031,0.0164,25.9702,4,
0.0090,0.0042,279.5963,13,
0.0371,0.0017,13.8366,6,
0.2440,0.0653,10.7526,14,
0.5220,0.0532,2.6299,62,
0.0721,0.0278,31.5472,4,
0.0093,0.0020,170.0013,13,
0.0240,0.0009,110.6562,6,
0.2236,0.0731,11.0610,13,
0.5188,0.0408,3.1331,61,
0.0119,0.0056,217.3030,13,
0.0312,0.0012,19.6748,6,
0.2406,0.0738,11.1048,14,
0.5197,0.0548,3.3675,60,
0.0086,0.0023,260.2134,13,
0.0180,0.0013,37.3333,6,
0.2386,0.0759,11.1662,14,
0.5326,0.0595,2.9271,60,
0.0888,0.0278,25.4779,4,
0.0089,0.0033,305.8466,13,
0.0172,0.0012,37.7253,6,
0.2416,0.0743,10.6942,14,
0.5198,0.0482,3.7640,58,
0.0840,0.0020,2.3790,4,
0.0857,0.0186,27.3576,4,
0.0084,0.0034,281.4934,13,
0.0254,0.0008,9.8678,6,
0.2450,0.0639,11.1147,14,
0.5433,0.0662,2.6140,58,
0.1148,0.0017,1.3255,5,
0.0084,0.0032,292.5869,13,
0.0410,0.0007,4.7200,6,
0.2640,0.0678,11.0195,14,
0.5228,0.0431,3.1252,56,
0.1910,0.0063,1.4022,8,
0.0619,0.0360,32.8633,4,
0.0093,0.0036,235.1694,13,
0.0433,0.0024,10.0052,7,
0.2423,0.0707,11.1259,14,
0.5263,0.0529,2.4866,56,
0.2798,0.0017,1.7933,11,
0.0753,0.0256,27.5080,4,
0.0087,0.0019,329.4536,13,
0.0165,0.0015,41.7716,5,
0.2439,0.0840,10.3960,14,
0.5294,0.0556,2.5371,55,
0.3211,0.0010,0.7826,12,
0.1111,0.0172,14.6178,4,
0.0083,0.0012,204.3798,13,
0.0265,0.0004,79.7763,6,
0.2194,0.0717,10.9988,13,
0.5303,0.0558,2.7528,54,
0.3782,0.0030,0.2649,14,
0.0081,0.0036,304.1494,13,
0.0255,0.0003,11.8875,6,
0.2253,0.0699,10.7964,13,
0.5219,0.0489,2.9044,53,
0.4392,0.0055,0.4240,16,
0.0692,0.0268,29.5963,4,
0.0084,0.0016,214.6315,13,
0.0313,0.0004,6.5334,6,
0.2384,0.0818,10.6138,14,
0.5132,0.0438,3.1078,52,
0.5004,0.0083,0.3488,18,
0.0098,0.0012,228.3014,13,
0.0155,0.0006,18.7720,5,
0.2392,0.0934,10.7042,14,
0.5208,0.0556,2.7008,52,
0.5303,0.0042,0.1712,19,
0.0143,0.0038,155.0228,13,
0.0482,0.0025,9.4697,7,
0.2403,0.0752,11.0296,14,
0.5189,0.0609,2.5190,52,
0.5398,0.0049,0.1434,19,
0.0087,0.0030,316.4149,13,
0.0217,0.0014,24.4984,6,
0.2307,0.0721,10.5622,13,
0.5107,0.0425,2.8525,51,
0.6010,0.0063,0.1891,21,
0.1433,0.0294,13.3617,4,
0.0082,0.0052,284.8971,13,
0.0511,0.0040,12.3827,7,
0.2294,0.0777,10.7542,13,
0.5215,0.0528,2.8547,51,
0.6349,0.0116,0.2423,22,
0.0085,0.0044,268.1474,13,
0.0286,0.0007,9.3480,6,
0.2403,0.0762,10.3897,14,
0.5013,0.0509,3.5529,50,
0.6646,0.0099,0.1808,23,
0.0137,0.0026,110.2233,13,
0.0274,0.0009,45.3528,6,
0.2410,0.0762,10.8351,14,
0.5341,0.0581,3.3256,50,
0.6588,0.0059,0.1154,23,
0.0082,0.0034,288.8606,13,
0.0248,0.0009,17.5330,6,
0.2422,0.0721,10.8904,14,
0.5214,0.0544,3.3314,49,
0.6884,0.0068,0.1256,24,
0.0086,0.0022,342.9130,13,
0.0198,0.0014,33.1494,6,
0.2425,0.0614,10.9221,14,
0.5152,0.0445,4.2258,48,
0.7283,0.0083,0.1272,25,
0.0995,0.0276,21.5926,4,
0.0090,0.0007,208.4611,13,
0.0199,0.0019,40.3059,6,
0.2286,0.0745,10.6979,13,
0.5202,0.0558,2.9406,47,
0.7216,0.0086,0.1578,24,
0.1552,0.0523,12.9120,4,
0.0100,0.0034,328.6305,12,
0.0274,0.0007,7.7025,6,
0.2519,0.0717,10.0835,14,
0.5012,0.0372,2.7484,45,
0.7453,0.0160,0.2000,25,
0.0083,0.0060,277.1426,13,
0.0503,0.0025,8.5273,7,
0.2369,0.0769,11.1235,14,
0.4945,0.0422,1.8247,44,
0.7485,0.0108,0.1557,25,
0.1572,0.0286,12.7476,4,
0.0086,0.0032,339.3621,13,
0.0293,0.0004,9.3660,6,
0.2379,0.0762,10.6847,14,
0.5198,0.0587,1.7550,44,
0.7261,0.0077,0.1500,24,
0.1662,0.0524,11.6010,4,
0.0082,0.0026,340.7983,13,
0.0226,0.0010,38.7498,6,
0.2460,0.0812,10.6051,14,
0.5201,0.0654,1.8112,44,
0.7079,0.0079,0.1683,24,
0.0089,0.0014,155.7350,13,
0.0215,0.0021,38.0710,6,
0.2429,0.0759,10.8739,14,
0.5152,0.0536,1.5518,44,
0.7201,0.0065,0.1257,24,
0.0083,0.0037,354.8602,13,
0.0183,0.0012,35.9231,5,
0.2394,0.0848,10.6742,14,
0.5373,0.0350,0.9585,46,
0.6637,0.0069,0.1342,23,
0.1672,0.0513,10.7765,4,
0.0080,0.0046,303.3635,13,
0.0208,0.0005,10.6457,6,
0.2403,0.0674,11.2319,14,
0.5789,0.0355,0.8840,49,
0.6290,0.0059,0.1410,22,
0.1552,0.0271,14.0930,4,
0.0091,0.0050,265.4231,13,
0.0453,0.0014,5.7599,7,
0.2410,0.0605,10.6175,14,
0.6100,0.0421,0.8248,51,
0.5733,0.0066,0.1670,20,
0.0086,0.0042,283.9820,14,
0.0207,0.0001,8.3194,6,
0.2439,0.0707,10.6187,14,
0.6086,0.0440,0.9141,51,
0.5782,0.0038,0.1315,20,
0.1602,0.0280,12.8375,4,
0.0089,0.0037,288.7182,12,
0.0400,0.0009,6.4736,6,
0.2389,0.0867,10.7594,14,
0.6057,0.0451,0.9508,50,
0.5996,0.0074,0.1648,21,
0.1166,0.0492,16.7209,4,
0.0082,0.0017,283.9357,13,
0.0177,0.0012,36.2575,6,
0.2430,0.0578,11.3282,14,
0.5934,0.0495,1.0148,50,
0.6013,0.0068,0.1513,21,
0.0080,0.0057,290.9755,12,
0.0288,0.0005,12.9535,7,
0.2408,0.0826,10.5060,14,
0.5923,0.0505,1.0240,50,
0.5806,0.0108,0.2545,20,
0.0081,0.0021,345.6178,13,
0.0296,0.0007,9.1853,7,
0.2528,0.0627,11.5021,14,
0.6011,0.0544,1.0253,51,
0.6068,0.0043,0.1138,21,
0.1465,0.0379,11.2000,4,
0.0084,0.0029,356.3264,13,
0.0317,0.0009,17.5391,7,
0.2581,0.0628,10.9424,14,
0.5926,0.0482,0.9769,51,
0.6005,0.0073,0.1746,21,
0.0087,0.0018,243.6873,13,
0.0190,0.0006,16.6526,6,
0.2408,0.0676,11.0562,14,
0.6098,0.0653,1.2428,52,
0.5653,0.0066,0.1738,20,
0.0076,0.0048,321.3005,12,
0.0460,0.0040,16.7994,6,
0.2405,0.0745,10.2493,14,
0.6650,0.1059,1.6788,54,
0.5634,0.0028,0.1249,20,
0.0096,0.0016,255.0594,13,
0.0255,0.0008,11.5194,6,
0.2262,0.0740,10.8585,13,
0.7133,0.1239,1.8546,56,
0.5340,0.0019,0.6138,19,
0.1503,0.0294,11.4827,4,
0.0098,0.0059,267.7255,13,
0.0323,0.0013,9.9103,6,
0.2407,0.0821,10.7927,14,
0.6967,0.1250,2.0615,57,
0.4907,0.0023,0.1130,18,
0.0107,0.0019,170.6275,13,
0.0245,0.0009,15.4010,6,
0.2403,0.0718,10.7701,14,
0.1233,0.0093,18.5046,9,
0.4902,0.0746,2.1959,48,
0.4659,0.0066,0.2884,17,
0.1314,0.0285,13.9705,4,
0.0106,0.0054,245.2018,13,
0.0282,0.0007,89.8734,6,
0.2391,0.0779,10.8606,14,
0.1052,0.0279,16.0415,9,
0.4746,0.0635,1.8630,48,
0.3807,0.0026,0.5186,14,
0.1073,0.0350,17.3211,4,
0.0082,0.0012,261.6715,13,
0.0217,0.0014,33.8393,6,
0.2210,0.0707,11.1477,13,
0.1034,0.0297,16.9236,9,
0.4803,0.0784,2.3902,48,
0.3483,0.0016,0.5011,13,
0.0092,0.0051,295.9316,13,
0.0255,0.0017,23.5060,6,
0.2368,0.0813,11.0606,14,
0.1033,0.0257,15.8350,9,
0.4766,0.0808,2.5030,47,
0.3464,0.0053,0.6729,13,
0.0084,0.0009,266.3283,13,
0.0218,0.0020,40.8493,6,
0.2479,0.0637,10.5936,14,
0.0924,0.0206,15.9516,8,
0.4676,0.0604,2.1482,46,
0.3449,0.0053,0.6828,13,
0.0085,0.0055,286.8092,12,
0.0189,0.0004,12.6091,6,
0.2402,0.0786,10.7001,14,
0.1136,0.0100,26.3829,9,
0.4820,0.0661,2.1410,45,
0.3406,0.0139,1.2094,13,
0.0083,0.0035,305.8019,13,
0.0366,0.0020,12.4820,7,
0.2377,0.0814,10.8056,14,
0.6966,0.1194,2.3188,58,
0.3501,0.0024,2.4104,13,
0.0112,0.0035,240.2928,13,
0.0207,0.0003,8.3098,6,
0.2422,0.0722,10.7995,14,
0.6879,0.1060,2.0041,57,
0.3507,0.0055,0.6298,13,
0.0083,0.0041,319.9313,13,
0.0391,0.0012,6.7916,6,
0.2516,0.0704,10.2517,14,
0.6842,0.0910,1.8036,56,
0.3543,0.0049,0.4193,13,
0.1821,0.0521,9.7690,4,
0.0082,0.0044,315.1324,13,
0.0205,0.0012,43.7079,6,
0.2462,0.0638,10.9939,14,
0.6881,0.0990,1.6751,57,
0.3470,0.0026,0.3218,13,
0.0092,0.0020,284.3002,13,
0.0189,0.0017,40.9719,6,
0.2412,0.0773,10.6480,14,
0.6854,0.0781,1.4136,58,
0.3743,0.0056,0.4718,14,
0.0118,0.0031,151.1954,13,
0.0217,0.0009,19.7244,6,
0.2417,0.0725,10.8440,14,
0.6668,0.0550,1.2796,59,
0.3477,0.0019,0.3586,13,
0.0088,0.0039,247.0438,12,
0.0304,0.0007,9.3408,6,
0.2403,0.0822,10.6624,14,
0.6814,0.0570,1.1106,61,
0.3159,0.0028,0.2640,12,
0.0097,0.0033,249.4470,13,
0.0235,0.0007,16.1253,6,
0.2270,0.0699,10.8329,13,
0.6598,0.0738,1.4388,62,
0.3167,0.0034,0.3966,12,
0.0082,0.0052,289.3828,13,
0.0217,0.0014,24.3395,6,
0.2221,0.0735,11.1274,13,
0.6863,0.0859,1.4357,65,
0.2607,0.0016,0.3350,10,
0.0112,0.0050,232.6874,13,
0.0443,0.0022,9.4139,7,
0.2486,0.0639,10.1053,14,
0.6737,0.0932,1.5901,66,
0.2281,0.0018,0.3477,9,
0.0088,0.0019,311.7548,13,
0.0193,0.0007,17.4174,5,
0.2410,0.0778,11.0468,14,
0.6720,0.1021,1.7247,67,
0.2021,0.0021,0.5018,8,
0.1549,0.0378,10.2200,4,
0.0095,0.0024,277.1034,12,
0.0297,0.0015,26.4686,7,
0.2455,0.0749,10.7891,14,
0.6628,0.0798,1.4972,66,
0.2295,0.0043,2.2049,9,
0.1650,0.0286,11.3371,4,
0.0100,0.0055,249.0377,13,
0.0390,0.0022,12.4562,6,
0.2239,0.0722,11.1003,13,
0.6489,0.0647,1.3710,67,
0.2326,0.0028,1.0181,9,
0.0113,0.0038,171.1947,13,
0.0274,0.0004,56.0406,6,
0.2262,0.0728,10.8112,13,
0.6655,0.0707,1.3390,67,
0.2510,0.0091,1.4840,10,
0.0089,0.0013,219.1977,13,
0.0502,0.0028,9.3189,7,
0.2390,0.0890,10.5988,14,
0.6357,0.0663,1.3615,65,
0.2913,0.0024,0.3597,11,
0.1692,0.0528,10.9567,4,
0.0087,0.0031,314.6753,13,
0.0246,0.0012,16.0910,6,
0.2283,0.0747,10.7695,13,
0.6066,0.0671,1.4358,62,
0.2897,0.0018,0.8813,11,
0.1193,0.0356,17.8989,4,
0.0115,0.0061,221.1471,13,
0.0322,0.0004,8.8469,6,
0.2398,0.0687,11.0061,14,
0.5676,0.0574,1.4354,59,
0.3495,0.0055,0.5379,13,
0.1091,0.0325,17.4301,4,
0.0082,0.0018,245.6698,12,
0.0326,0.0009,12.3558,7,
0.2372,0.0676,10.7059,14,
0.5774,0.0642,1.4491,59,
0.3487,0.0030,0.3101,13,
0.0139,0.0038,228.3787,13,
0.0196,0.0015,56.9032,6,
0.2289,0.0695,10.8502,13,
0.5896,0.0678,1.4435,59,
0.3457,0.0024,0.1511,13,
0.1324,0.0275,13.4982,4,
0.0112,0.0048,227.4296,13,
0.0473,0.0027,9.7596,7,
0.2433,0.0629,10.9830,14,
0.5744,0.0595,1.3715,58,
0.3795,0.0015,0.1738,14,
0.0086,0.0022,206.4002,13,
0.0452,0.0012,5.1497,7,
0.2440,0.0716,10.8409,14,
0.5646,0.0667,1.5598,57,
0.4372,0.0036,0.1838,16,
0.1701,0.0503,10.3281,4,
0.0085,0.0049,286.7943,13,
0.0204,0.0011,28.6228,6,
0.2416,0.0796,10.7653,14,
0.5722,0.0612,1.4550,56,
0.4384,0.0073,0.4570,16,
0.1532,0.0282,11.4246,4,
0.0075,0.0028,333.9564,12,
0.0317,0.0014,10.3371,7,
0.2463,0.0651,10.6924,14,
0.5652,0.0715,1.6698,56,
0.4673,0.0088,0.5055,17,
0.0091,0.0017,317.3184,13,
0.0283,0.0009,8.8472,6,
0.2406,0.0826,10.5663,14,
0.5607,0.0707,1.6528,55,
0.4691,0.0057,0.3045,17,
0.1463,0.0515,13.4557,4,
0.0089,0.0053,303.7627,13,
0.0482,0.0017,6.0149,7,
0.2459,0.0718,11.0826,14,
0.5725,0.0721,1.6086,55,
0.4386,0.0020,0.1484,16,
0.1483,0.0268,11.9098,4,
0.0117,0.0019,99.9511,13,
0.0282,0.0008,7.8047,6,
0.2433,0.0726,10.6426,14,
0.5622,0.0728,1.6179,54,
0.4385,0.0038,0.2083,16,
0.1356,0.0376,12.5490,4,
0.0072,0.0056,308.4246,12,
0.0245,0.0006,14.6098,6,
0.2458,0.0556,10.8819,14,
0.5651,0.0813,1.7754,54,
0.4403,0.0018,1.8591,16,
0.0090,0.0032,315.0149,13,
0.0213,0.0010,24.6431,6,
0.2471,0.0703,10.1763,14,
0.5781,0.0835,1.7343,54,
0.4385,0.0016,0.3028,16,
0.0176,0.0043,106.8241,13,
0.0198,0.0008,15.0580,6,
0.2462,0.0728,10.7594,14,
0.5656,0.0823,1.7117,53,
0.4402,0.0031,0.1679,16,
0.1691,0.0529,11.5604,4,
0.0096,0.0050,244.7484,12,
0.0581,0.0047,12.2699,7,
0.2414,0.0755,10.9883,14,
0.5512,0.0686,1.6562,53,
0.4623,0.0078,0.4522,17,
0.1117,0.0261,20.5307,4,
0.0093,0.0034,242.5291,13,
0.0221,0.0004,13.7603,5,
0.2290,0.0755,10.6658,13,
0.5550,0.0740,1.7218,53,
0.4369,0.0036,0.2571,16,
0.0075,0.0026,354.3597,12,
0.0482,0.0027,10.6616,7,
0.2430,0.0582,10.6487,14,
0.5813,0.0840,1.6938,54,
0.4409,0.0018,0.3401,16,
0.0093,0.0044,255.9764,13,
0.0550,0.0020,5.6730,7,
0.2445,0.0723,10.6835,14,
0.5763,0.0865,1.7304,54,
0.4376,0.0021,0.1410,16,
0.0090,0.0030,291.0227,13,
0.0255,0.0008,11.0419,6,
0.2420,0.0799,10.8193,14,
0.5573,0.0648,1.5853,53,
0.4358,0.0060,0.3640,16,
0.0998,0.0255,21.5476,4,
0.0089,0.0016,271.9574,13,
0.0246,0.0006,10.0080,6,
0.2440,0.0705,10.1259,14,
0.5669,0.0752,1.6405,54,
0.4401,0.0052,0.5753,16,
0.0104,0.0024,249.3711,13,
0.0214,0.0012,24.2644,6,
0.2411,0.0770,10.8235,14,
0.5717,0.0763,1.6605,54,
0.4408,0.0032,3.4952,16,
0.0890,0.0248,25.3861,4,
0.0086,0.0034,343.5419,13,
0.0217,0.0003,5.2675,6,
0.2524,0.0580,10.6140,14,
0.5659,0.0666,1.5185,53,
0.4587,0.0083,0.4245,17,
0.0093,0.0023,290.2201,12,
0.0322,0.0013,18.3368,6,
0.2482,0.0794,10.7458,14,
0.5758,0.0876,1.7671,54,
0.4408,0.0017,0.1264,16,
0.0078,0.0051,316.6013,12,
0.0198,0.0012,101.5648,6,
0.2272,0.0770,10.7798,13,
0.5572,0.0793,1.7425,53,
0.4373,0.0032,0.1537,16,
0.0774,0.0249,26.3872,4,
0.0081,0.0047,294.7150,13,
0.0225,0.0013,21.8756,6,
0.2429,0.0776,10.6045,14,
0.5638,0.0667,1.5051,53,
0.4400,0.0074,0.4057,16,
0.0082,0.0026,258.7305,13,
0.0493,0.0021,7.6523,7,
0.2391,0.0690,10.9549,14,
0.5752,0.0787,1.6819,54,
0.4380,0.0020,0.3799,16,
0.0791,0.0228,27.1293,4,
0.0088,0.0035,340.6111,13,
0.0216,0.0018,36.6022,6,
0.2403,0.0667,10.8806,14,
0.5609,0.0633,1.4941,53,
0.4334,0.0087,0.4002,16,
0.0090,0.0038,328.1483,13,
0.0180,0.0006,14.8283,6,
0.2268,0.0755,10.8112,13,
0.5530,0.0704,1.6388,53,
0.4362,0.0046,0.6342,16,
0.1394,0.0548,15.4593,4,
0.0088,0.0019,356.6772,12,
0.0355,0.0013,8.3054,7,
0.2424,0.0770,10.8033,14,
0.5713,0.0633,1.4562,54,
0.4384,0.0017,0.1413,16,
0.0118,0.0050,175.2626,14,
0.0337,0.0025,17.8594,7,
0.2444,0.0589,10.2958,14,
0.5410,0.0455,1.3816,53,
0.4402,0.0072,0.4870,16,
0.0807,0.0302,24.9324,4,
0.0076,0.0012,363.7421,12,
0.0187,0.0006,14.7432,6,
0.2522,0.0648,10.6435,14,
0.5597,0.0626,4.0545,55,
0.4010,0.0025,0.1406,15,
0.1433,0.0322,12.5842,4,
0.0083,0.0035,281.1007,13,
0.0274,0.0009,17.1169,6,
0.2512,0.0733,10.1089,14,
0.5703,0.0500,2.4984,56,
0.3790,0.0031,0.2647,14,
0.1424,0.0257,16.1535,4,
0.0086,0.0049,275.0765,13,
0.0283,0.0004,51.1814,6,
0.2388,0.0803,10.7672,14,
0.5730,0.1326,3.1211,52,
0.3178,0.0052,0.6642,12,
0.1090,0.0115,8.8500,4,
0.0082,0.0059,291.2499,13,
0.0227,0.0022,34.8521,6,
0.2243,0.0743,10.9125,13,
0.1060,0.0421,29.1575,70,
0.1131,0.0038,2.3271,5,
0.0710,0.0367,28.8989,4,
0.0081,0.0026,273.3406,13,
0.0231,0.0015,62.6573,7,
0.2419,0.0693,11.1419,14,
0.2214,0.0120,3.8889,17,
0.0809,0.0149,26.3563,55,
0.1103,0.0114,24.8895,4,
0.0076,0.0039,305.9422,12,
0.0274,0.0007,25.7218,6,
0.2408,0.0766,10.6151,14,
0.1589,0.0559,17.0685,97,
0.0659,0.0079,14.1909,8,
0.0858,0.0239,24.0438,4,
0.0351,0.0013,13.2648,6,
0.2382,0.0811,10.8345,14,
0.1201,0.0577,18.6410,110,
0.0773,0.0297,26.1393,4,
0.0208,0.0015,26.4649,6,
0.2471,0.0623,10.2440,14,
0.1104,0.0833,20.7481,113,
0.0697,0.0222,28.5969,4,
0.0234,0.0006,15.5482,6,
0.2171,0.0741,11.4456,13,
0.1125,0.0869,21.2246,114,
0.0824,0.0295,26.7737,4,
0.0207,0.0018,33.6408,6,
0.2373,0.0793,10.7451,14,
0.1091,0.0823,21.4578,115,
0.0812,0.0259,27.3365,4,
0.0284,0.0015,16.3610,6,
0.2203,0.0732,11.1786,13,
0.1106,0.0847,20.8478,115,
0.0862,0.0275,24.9969,4,
0.0208,0.0021,37.3026,6,
0.2628,0.0666,11.0015,14,
0.1208,0.0911,20.0955,117,
0.0192,0.0016,35.3167,5,
0.2384,0.0721,11.3337,14,
0.1155,0.0597,19.5092,114,
0.0283,0.0012,11.6983,6,
0.1421,0.0979,18.1588,108,
0.2294,0.0743,10.7500,13,
0.1216,0.0525,17.2574,4,
0.0207,0.0001,8.3194,6,
0.2390,0.0816,10.8752,14,
0.5804,0.1281,3.0405,56,
0.3782,0.0019,0.2127,14,
0.1403,0.0540,14.7218,4,
0.0091,0.0046,330.3187,13,
0.0531,0.0027,7.9918,7,
0.2389,0.0808,10.9819,14,
0.5588,0.0854,5.9231,55,
0.4092,0.0029,1.7411,15,
0.0083,0.0038,265.1284,13,
0.0371,0.0015,13.0502,6,
0.2427,0.0652,10.6228,14,
0.5411,0.0689,1.9885,54,
0.4367,0.0044,0.2235,16,
0.0699,0.0235,29.4028,4,
0.0102,0.0034,241.2327,13,
0.0256,0.0017,21.8433,6,
0.2456,0.0630,10.7574,14,
0.5558,0.0699,1.6368,54,
0.4398,0.0030,0.4205,16,
0.1146,0.0267,18.8217,4,
0.0104,0.0014,259.2379,13,
0.0274,0.0008,23.2047,6,
0.2294,0.0765,10.8358,13,
0.5513,0.0717,1.6637,54,
0.4378,0.0042,0.2178,16,
0.0121,0.0040,164.1039,13,
0.0264,0.0009,9.7757,6,
0.2390,0.0714,11.1741,14,
0.5616,0.0746,1.6872,54,
0.4167,0.0020,0.4016,15,
0.1255,0.0273,16.7676,4,
0.0084,0.0023,369.2902,13,
0.0293,0.0007,27.7705,6,
0.1805,0.0277,13.9397,4,
0.2396,0.0714,11.0159,14,
0.5577,0.0850,1.8433,54,
0.4385,0.0020,0.1171,16,
0.0083,0.0016,374.8440,13,
0.0282,0.0008,7.6588,6,
0.2309,0.0702,10.5950,13,
0.5438,0.0713,1.7304,53,
0.4408,0.0018,0.2308,16,
0.0086,0.0031,302.9478,13,
0.0273,0.0006,8.4175,6,
0.2443,0.0715,10.8945,14,
0.5435,0.0645,1.5855,53,
0.4365,0.0045,0.2365,16,
0.0117,0.0055,260.0619,13,
0.0362,0.0015,10.2344,6,
0.2400,0.0717,10.8342,14,
0.5515,0.0794,1.8198,54,
0.4385,0.0018,2.8857,16,
0.0087,0.0035,266.8999,13,
0.0283,0.0006,8.9475,6,
0.2390,0.0813,10.8003,14,
0.5586,0.0811,1.7671,54,
0.4389,0.0036,0.1910,16,
0.1632,0.0504,11.0958,4,
0.0083,0.0026,346.7838,13,
0.0351,0.0013,10.5678,6,
0.2281,0.0780,10.8127,13,
0.5389,0.0670,1.6893,53,
0.4365,0.0063,0.5715,16,
0.0082,0.0032,308.5239,13,
0.0274,0.0012,37.8844,6,
0.2283,0.0679,10.5706,13,
0.5399,0.0610,1.5545,53,
0.4314,0.0191,1.1729,16,
0.0084,0.0020,234.3396,12,
0.0413,0.0013,5.8197,7,
0.2410,0.0804,10.5991,14,
0.5642,0.0729,1.5995,54,
0.4393,0.0030,0.3137,16,
0.0803,0.0258,26.7112,4,
0.0088,0.0037,309.4912,13,
0.0292,0.0004,6.2342,6,
0.2411,0.0642,10.7619,14,
0.5570,0.0836,1.8476,54,
0.4349,0.0031,0.2322,16,
0.0822,0.0226,24.5842,4,
0.0080,0.0057,292.7699,12,
0.0332,0.0017,12.3207,6,
0.2398,0.0773,10.9491,14,
0.5607,0.0838,1.8547,54,
0.4373,0.0020,0.2423,16,
0.0829,0.0313,24.1298,4,
0.0119,0.0041,162.4709,13,
0.0217,0.0019,38.3261,6,
0.2427,0.0695,10.6545,14,
0.5621,0.1268,4.8086,60,
0.4391,0.0031,0.2800,16,
0.0115,0.0028,197.5950,13,
0.0274,0.0004,41.8352,6,
0.2408,0.0693,10.8475,14,
0.6196,0.0606,3.0650,64,
0.4430,0.0043,0.1718,16,
0.1544,0.0556,13.2769,4,
0.0115,0.0055,223.4576,13,
0.0433,0.0031,13.5349,7,
0.2388,0.0869,10.7758,14,
0.6375,0.0729,2.4926,67,
0.4661,0.0074,0.3988,17,
0.0088,0.0047,307.4728,13,
0.0218,0.0015,34.1113,6,
0.2406,0.0812,10.7294,14,
0.6448,0.0846,2.4635,68,
0.4678,0.0031,0.2222,17,
0.0082,0.0021,349.3383,13,
0.0236,0.0007,9.4189,6,
0.2319,0.0695,10.5968,13,
0.6622,0.0749,2.6052,69,
0.4416,0.0019,0.2785,16,
0.0104,0.0027,207.0747,13,
0.0285,0.0017,17.3353,6,
0.2601,0.0500,10.3894,14,
0.6541,0.0706,2.7591,68,
0.4359,0.0021,0.9800,16,
0.0084,0.0032,307.7773,13,
0.0198,0.0008,15.0223,6,
0.2595,0.0535,10.5885,14,
0.6287,0.0923,2.5009,67,
0.4668,0.0052,0.3536,17,
0.0083,0.0038,271.3341,13,
0.0197,0.0008,15.2823,6,
0.2214,0.0681,11.2366,13,
0.6642,0.0752,2.5846,69,
0.4398,0.0018,0.3000,16,
0.0099,0.0025,289.0417,13,
0.0198,0.0018,37.3631,6,
0.2246,0.0769,10.9178,13,
0.6486,0.0816,2.5715,69,
0.4408,0.0018,0.7607,16,
0.0079,0.0044,332.8804,13,
0.0214,0.0015,36.0624,6,
0.2185,0.0751,11.2911,13,
0.6478,0.0801,2.5718,69,
0.4371,0.0021,0.5018,16,
0.0078,0.0060,295.8912,13,
0.0232,0.0005,18.8605,7,
0.2416,0.0806,10.6974,14,
0.6465,0.0856,2.7131,69,
0.4399,0.0021,0.2257,16,
0.1453,0.0278,13.0467,4,
0.0083,0.0025,344.5780,13,
0.0217,0.0015,27.8783,6,
0.2448,0.0677,10.8574,14,
0.6263,0.0905,2.5594,68,
0.4678,0.0100,0.4301,17,
0.1671,0.0277,13.6038,4,
0.0078,0.0047,317.9344,12,
0.0173,0.0004,65.7834,6,
0.2307,0.0781,10.3448,13,
0.6590,0.0767,2.5392,70,
0.4400,0.0018,0.2079,16,
0.0157,0.0061,148.7995,13,
0.0255,0.0005,64.5358,6,
0.2216,0.0743,11.1491,13,
0.6412,0.0838,2.4168,70,
0.4373,0.0132,0.7940,16,
0.0083,0.0049,304.5223,13,
0.0257,0.0007,13.7238,6,
0.2247,0.0708,10.9052,13,
0.6701,0.0655,2.5731,72,
0.4090,0.0018,0.1681,15,
0.0081,0.0021,353.1910,13,
0.0217,0.0003,5.9858,6,
0.2458,0.0741,10.5127,14,
0.6321,0.0842,3.4224,66,
0.3814,0.0022,0.1367,14,
0.0091,0.0032,310.6884,13,
0.0161,0.0015,68.2845,6,
0.2390,0.0786,11.2614,14,
0.4568,0.0547,5.5915,52,
0.3790,0.0016,0.1464,14,
0.1681,0.0283,9.3200,4,
0.0077,0.0022,252.1084,12,
0.0236,0.0015,21.9768,6,
0.2404,0.0765,10.5334,14,
0.5620,0.0347,1.2404,64,
0.3471,0.0018,0.1976,13,
0.0091,0.0038,233.9065,13,
0.0264,0.0006,7.6407,6,
0.2467,0.0786,10.5350,14,
0.5607,0.0499,2.5354,65,
0.2595,0.0039,0.4405,10,
0.0079,0.0018,364.7399,12,
0.0322,0.0013,9.5887,6,
0.2454,0.0523,10.5902,14,
0.5543,0.0484,4.8274,67,
0.2004,0.0029,1.7651,8,
0.0122,0.0020,246.2214,13,
0.0217,0.0016,27.8786,6,
0.2401,0.0801,10.9167,14,
0.5486,0.0423,4.9392,69,
0.1366,0.0099,5.0633,6,
0.0103,0.0018,305.7553,13,
0.0245,0.0011,21.1928,6,
0.2256,0.0728,10.9360,13,
0.3929,0.0377,5.0514,55,
0.0093,0.0019,248.3024,13,
0.0246,0.0012,17.7947,6,
0.2443,0.0578,10.3387,14,
0.3279,0.0408,10.4870,48,
0.1711,0.0506,10.3870,4,
0.0089,0.0023,271.7685,13,
0.0245,0.0006,9.9087,6,
0.2178,0.0721,11.4491,13,
0.3216,0.0440,9.0995,48,
0.1741,0.0514,10.1835,4,
0.0087,0.0041,317.7031,13,
0.0224,0.0011,17.1263,6,
0.2444,0.0766,10.8237,14,
0.3008,0.0482,6.6363,46,
0.1493,0.0531,13.9173,4,
0.0120,0.0040,198.5794,13,
0.0381,0.0024,13.5381,6,
0.2414,0.0771,10.5606,14,
0.2747,0.0410,5.0632,39,
0.0144,0.0027,152.4839,13,
0.0207,0.0017,44.6806,6,
0.2421,0.0633,11.2918,14,
0.0514,0.0020,8.5197,9,
0.1603,0.0283,14.4242,4,
0.0111,0.0041,188.6125,13,
0.0303,0.0020,18.1826,6,
0.2348,0.0887,10.7855,14,
0.1742,0.0525,10.3530,4,
0.0082,0.0021,288.5848,12,
0.0181,0.0013,37.1858,6,
0.2237,0.0749,10.9431,13,
0.0091,0.0016,356.1925,13,
0.0190,0.0010,22.4903,6,
0.2416,0.0701,10.9389,14,
0.0111,0.0028,244.9769,12,
0.0332,0.0006,6.8375,6,
0.2380,0.0634,10.6918,14,
0.0082,0.0031,300.4599,13,
0.0355,0.0013,13.5620,7,
0.2214,0.0803,11.3997,13,
0.0082,0.0027,346.4339,13,
0.0345,0.0014,94.4991,7,
0.2535,0.0579,11.1253,14,
0.0083,0.0039,358.1467,13,
0.0192,0.0010,36.6921,5,
0.2444,0.0711,10.9399,14,
0.0134,0.0044,174.3531,13,
0.0311,0.0014,11.3635,6,
0.2374,0.0737,11.2825,14,
0.0109,0.0041,201.0483,14,
0.0165,0.0004,14.1307,5,
0.2385,0.0694,10.8157,14,
0.0083,0.0042,318.6375,13,
0.0263,0.0007,9.5449,6,
0.2362,0.0762,11.0260,14,
0.0084,0.0035,307.4931,13,
0.0180,0.0009,21.5486,6,
0.2278,0.0729,10.8894,13,
0.0087,0.0058,281.1899,13,
0.0217,0.0014,31.7579,6,
0.2421,0.0768,10.7567,14,
0.0083,0.0037,348.7681,13,
0.0361,0.0008,10.1203,6,
0.2440,0.0751,11.0315,14,
0.0087,0.0063,270.4160,13,
0.0332,0.0014,13.8780,6,
0.2270,0.0750,10.8824,13,
0.1542,0.0280,13.0824,4,
0.0082,0.0044,302.9292,13,
0.0322,0.0016,12.7148,6,
0.2502,0.0548,10.4054,14,
0.0095,0.0048,255.7549,13,
0.0330,0.0011,10.5575,6,
0.2457,0.0726,10.2746,14,
0.0842,0.0013,1.7073,4,
0.0100,0.0031,202.6341,13,
0.0341,0.0007,21.7457,6,
0.2397,0.0724,10.8723,14,
0.1143,0.0017,7.4904,5,
0.0082,0.0036,305.7147,13,
0.0190,0.0004,39.7339,6,
0.2467,0.0694,10.9777,14,
0.0916,0.0073,11.8262,14,
0.1406,0.0056,2.6764,6,
0.0084,0.0032,259.5801,13,
0.0196,0.0023,79.6259,6,
0.2437,0.0750,10.8081,14,
0.3371,0.0571,10.0275,50,
0.1708,0.0038,1.9974,7,
0.0083,0.0011,232.3370,12,
0.0313,0.0012,16.6988,6,
0.2424,0.0775,10.7504,14,
0.4900,0.0732,3.9470,64,
0.2006,0.0041,1.8298,8,
0.0079,0.0019,253.8584,12,
0.0322,0.0005,42.7327,6,
0.2428,0.0618,10.8928,14,
0.5036,0.0722,4.4753,62,
0.2022,0.0028,1.8181,8,
0.0080,0.0015,369.5230,12,
0.0180,0.0013,37.2810,6,
0.2474,0.0646,10.8257,14,
0.5013,0.0628,3.9980,60,
0.1998,0.0022,0.4802,8,
0.1065,0.0369,19.1354,4,
0.0084,0.0021,212.2390,13,
0.0218,0.0009,42.9157,6,
0.2439,0.0708,10.6804,14,
0.4955,0.0777,6.6906,57,
0.2317,0.0021,0.7887,9,
0.0081,0.0031,270.6858,13,
0.0266,0.0005,14.1240,6,
0.2222,0.0681,11.1305,13,
0.4973,0.0717,7.2768,56,
0.2288,0.0022,0.4363,9,
0.0106,0.0024,186.5311,13,
0.0198,0.0007,14.6386,6,
0.2450,0.0565,10.7186,14,
0.4975,0.0712,6.6793,56,
0.2578,0.0043,1.6350,10,
0.0081,0.0035,318.3266,13,
0.0216,0.0013,30.6474,6,
0.2191,0.0756,11.3590,13,
0.4798,0.0536,4.9617,56,
0.2567,0.0017,1.1421,10,
0.0122,0.0028,233.1816,14,
0.0255,0.0015,23.0550,6,
0.2471,0.0698,10.5898,14,
0.4687,0.0587,5.5976,56,
0.2888,0.0023,0.2432,11,
0.0093,0.0056,277.7113,13,
0.0198,0.0019,38.2652,6,
0.2216,0.0838,11.3285,13,
0.4664,0.0821,6.1422,56,
0.2912,0.0020,0.3172,11,
0.0088,0.0033,263.7474,13,
0.0322,0.0003,8.9360,6,
0.2455,0.0807,10.6201,14,
0.4697,0.1286,7.8763,50,
0.3155,0.0091,0.9135,12,
0.1612,0.0286,11.8541,4,
0.0082,0.0022,345.7090,13,
0.0255,0.0008,10.7217,6,
0.2332,0.0706,10.1947,13,
0.4769,0.1452,6.2968,42,
0.2893,0.0018,0.4108,11,
0.1262,0.0344,13.7949,4,
0.0085,0.0040,288.0443,12,
0.0199,0.0007,14.1883,6,
0.2406,0.0692,11.1812,14,
0.3165,0.0701,5.8452,36,
0.2871,0.0027,1.0103,11,
0.1681,0.0288,9.9757,4,
0.0115,0.0062,223.1112,13,
0.0372,0.0014,12.2578,6,
0.2390,0.0739,10.5369,14,
0.2801,0.0660,6.1892,32,
0.3178,0.0016,0.2326,12,
0.0086,0.0044,301.4612,13,
0.0176,0.0007,21.6012,6,
0.2266,0.0699,10.6566,13,
0.2685,0.0640,6.3771,32,
0.3151,0.0029,0.6122,12,
0.0081,0.0057,288.2706,13,
0.0257,0.0005,10.6761,6,
0.2200,0.0737,11.1959,13,
0.2872,0.0665,5.9362,35,
0.3211,0.0029,3.1821,12,
0.1578,0.0398,10.1730,4,
0.0092,0.0022,196.1717,13,
0.0332,0.0011,22.5680,6,
0.2526,0.0760,9.9419,14,
0.2980,0.0741,5.7493,36,
0.3458,0.0047,1.0317,13,
0.1582,0.0530,12.5243,4,
0.0115,0.0057,227.8887,13,
0.0403,0.0027,14.5129,7,
0.2422,0.0793,10.7534,14,
0.2862,0.0694,5.9979,35,
0.3216,0.0023,0.6858,12,
0.0297,0.0058,68.2506,13,
0.0364,0.0009,24.8293,7,
0.2555,0.0535,9.9043,14,
0.4811,0.1538,3.9615,48,
0.3489,0.0038,0.3416,13,
0.0097,0.0059,239.1862,13,
0.0541,0.0024,8.0222,7,
0.2202,0.0743,11.3182,13,
0.4627,0.1392,3.9008,51,
0.3439,0.0061,0.5363,13,
0.0232,0.0051,96.6616,13,
0.0391,0.0015,8.9097,6,
0.2398,0.0792,10.7276,14,
0.4692,0.1318,3.7440,54,
0.3448,0.0017,0.2740,13,
0.0085,0.0015,269.6000,13,
0.0236,0.0013,23.7753,6,
0.2408,0.0766,10.8913,14,
0.4764,0.1308,3.7491,55,
0.3140,0.0019,0.3523,12,
0.0904,0.0314,21.6697,4,
0.0082,0.0034,333.9784,13,
0.0326,0.0008,19.3417,7,
0.2421,0.0718,10.7512,14,
0.4723,0.1314,3.7437,54,
0.3471,0.0023,0.2539,13,
0.1385,0.0553,15.1129,4,
0.0086,0.0052,301.3015,13,
0.0208,0.0004,9.1249,6,
0.2388,0.0769,11.1000,14,
0.4642,0.1079,3.7309,54,
0.3202,0.0019,0.3049,12,
0.1473,0.0372,11.0467,4,
0.0084,0.0022,297.5980,13,
0.0371,0.0033,19.4664,6,
0.2486,0.0725,10.3522,14,
0.4659,0.1014,4.7704,54,
0.3201,0.0016,0.2085,12,
0.0842,0.0265,23.9066,4,
0.0085,0.0012,248.6992,13,
0.0254,0.0011,12.5039,6,
0.2288,0.0738,10.7294,13,
0.4748,0.0916,5.1167,54,
0.2881,0.0023,0.2710,11,
0.0110,0.0031,272.6175,14,
0.0243,0.0013,20.0355,6,
0.2302,0.0740,10.7674,13,
0.4777,0.0973,5.1049,54,
0.2887,0.0014,2.3875,11,
0.1523,0.0528,13.4712,4,
0.0076,0.0038,342.0542,12,
0.0256,0.0018,22.7202,6,
0.2277,0.0720,10.9507,13,
0.4562,0.0899,5.7987,53,
0.2892,0.0034,0.4393,11,
0.0101,0.0038,304.7366,14,
0.0571,0.0043,11.7579,7,
0.2449,0.0767,10.6828,14,
0.4849,0.1184,4.7750,54,
0.2603,0.0025,0.5204,10,
0.0082,0.0035,330.4840,13,
0.0210,0.0011,35.3866,6,
0.2443,0.0605,10.4390,14,
0.4854,0.1186,4.6499,54,
0.2561,0.0014,0.3557,10,
0.0097,0.0031,261.2489,14,
0.0174,0.0013,33.7764,5,
0.2428,0.0688,11.0033,14,
0.4681,0.1106,5.0279,53,
0.2531,0.0178,2.5200,10,
0.0122,0.0033,152.4789,13,
0.0443,0.0021,9.0384,7,
0.2509,0.0740,10.2408,14,
0.4823,0.1140,4.6056,54,
0.2285,0.0020,0.4948,9,
0.0087,0.0036,278.7750,13,
0.0236,0.0011,34.4594,6,
0.2389,0.0683,11.4996,14,
0.4616,0.1082,5.1893,53,
0.2308,0.0069,1.3737,9,
0.1107,0.0272,19.9491,4,
0.0078,0.0018,385.1848,12,
0.0410,0.0020,10.0976,6,
0.2635,0.0651,10.9059,14,
0.4718,0.1189,4.6929,54,
0.2293,0.0071,1.5048,9,
0.0102,0.0042,291.3631,14,
0.0169,0.0002,6.1043,6,
0.2417,0.0764,10.8367,14,
0.4744,0.1251,4.9069,54,
0.1983,0.0050,1.4424,8,
0.1675,0.0702,14.3216,26,
0.1235,0.0248,19.7937,4,
0.0086,0.0007,216.0362,13,
0.0532,0.0046,13.7584,7,
0.2462,0.0867,10.3369,14,
0.4621,0.1155,4.7958,54,
0.2091,0.0278,11.2958,37,
0.1751,0.0503,10.0346,4,
0.0126,0.0028,168.4400,13,
0.0341,0.0014,9.7444,6,
0.2212,0.0712,11.3089,13,
0.5206,0.1493,6.6770,62,
0.0103,0.0039,306.2187,13,
0.0433,0.0013,6.9746,7,
0.2249,0.0739,10.9598,13,
0.4222,0.1023,4.7847,50,
0.0906,0.0325,21.5063,13,
0.0095,0.0046,284.0251,13,
0.0176,0.0021,52.0696,5,
0.2399,0.0858,10.5427,14,
0.4939,0.0591,5.9620,61,
0.0087,0.0034,335.9812,13,
0.0201,0.0008,15.6130,6,
0.2309,0.0781,10.4398,13,
0.5004,0.0705,3.6334,61,
0.0084,0.0031,351.9583,13,
0.0473,0.0017,7.1347,7,
0.2379,0.0826,10.8904,14,
0.5007,0.0771,2.8993,60,
0.0090,0.0044,299.7434,13,
0.0332,0.0014,14.6987,6,
0.2288,0.0730,10.5783,13,
0.4960,0.1147,3.3203,60,
0.1731,0.0285,12.1675,4,
0.0077,0.0036,316.5768,12,
0.0361,0.0014,10.3347,6,
0.2513,0.0991,10.1464,14,
0.5304,0.1194,3.0506,63,
0.0098,0.0039,258.3360,14,
0.0462,0.0027,10.6267,7,
0.2427,0.0819,10.5451,14,
0.5426,0.1117,2.7358,65,
0.0114,0.0032,206.1620,14,
0.0207,0.0005,10.8222,6,
0.2409,0.0773,10.6937,14,
0.5500,0.1203,2.7278,67,
0.1433,0.0282,12.5975,4,
0.0083,0.0036,305.2449,13,
0.0351,0.0012,12.4768,6,
0.2461,0.0502,10.8931,14,
0.5648,0.1141,2.7301,68,
0.0110,0.0046,214.8370,14,
0.0492,0.0027,10.0118,7,
0.2436,0.0681,10.6828,14,
0.5248,0.0721,2.3340,60,
0.1483,0.0533,14.0724,4,
0.0084,0.0062,283.2458,13,
0.0217,0.0018,38.2898,6,
0.2390,0.0896,10.6604,14,
0.5203,0.0751,2.4322,58,
0.1492,0.0387,10.9542,4,
0.0081,0.0018,352.7883,13,
0.0274,0.0009,18.0364,6,
0.2312,0.0741,10.6725,13,
0.5238,0.0723,2.4392,53,
0.0081,0.0021,339.9852,13,
0.0198,0.0008,14.9641,6,
0.2447,0.0553,10.7338,14,
0.4363,0.0371,2.6579,46,
0.0082,0.0019,373.2301,13,
0.0414,0.0025,11.0185,7,
0.2507,0.0735,10.0979,14,
0.4055,0.0289,2.0305,41,
0.1303,0.0069,3.8134,6,
0.0136,0.0037,183.5861,14,
0.0274,0.0005,20.3736,6,
0.2411,0.0766,10.8724,14,
0.3558,0.0187,1.5225,31,
0.1150,0.0094,10.7041,12,
0.1363,0.0284,13.8170,4,
0.0090,0.0038,257.5258,13,
0.0303,0.0007,12.4620,6,
0.2369,0.0852,10.4667,14,
0.3275,0.0094,1.0906,24,
0.1690,0.0128,18.3292,20,
0.0099,0.0021,209.6753,13,
0.0180,0.0004,14.1875,6,
0.2434,0.0691,11.0712,14,
0.2775,0.0093,2.3716,18,
0.1833,0.0199,17.8683,21,
0.0097,0.0059,267.8646,13,
0.0198,0.0020,56.3769,6,
0.2412,0.0717,10.9671,14,
0.2854,0.0165,5.9855,16,
0.2191,0.0337,6.7055,27,
0.1691,0.0518,10.9399,4,
0.0088,0.0044,276.2117,13,
0.0272,0.0010,25.8957,6,
0.2286,0.0769,10.5931,13,
0.2143,0.0074,15.1984,13,
0.2437,0.0347,4.3052,29,
0.1553,0.0534,13.0999,4,
0.0078,0.0024,299.4174,12,
0.0235,0.0013,23.7315,6,
0.2398,0.0727,10.6339,14,
0.2149,0.0111,5.8846,12,
0.1208,0.0092,5.4857,21,
0.0451,0.0010,4.1807,4,
0.0090,0.0044,314.1161,13,
0.0492,0.0040,14.8133,7,
0.2479,0.0770,10.7797,14,
0.1769,0.0075,4.6315,11,
0.0620,0.0065,13.5203,11,
0.0410,0.0029,13.7747,4,
0.0100,0.0038,313.7601,14,
0.0390,0.0018,14.5799,6,
0.2276,0.0794,10.7873,13,
0.2011,0.0069,7.1779,11,
0.0311,0.0031,24.0824,6,
0.1186,0.0272,17.0728,4,
0.0085,0.0027,239.2854,13,
0.0264,0.0014,17.7242,6,
0.2658,0.0638,10.3088,14,
0.1661,0.0152,14.9928,9,
0.0308,0.0028,25.3731,6,
0.0094,0.0036,280.7470,14,
0.0226,0.0011,24.9342,6,
0.2384,0.0749,10.6659,14,
0.1717,0.0163,10.0200,8,
0.0277,0.0022,24.4559,4,
0.0089,0.0025,323.4938,13,
0.0303,0.0006,68.0236,6,
0.2430,0.0685,10.7939,14,
0.1020,0.0199,14.9125,6,
0.1172,0.0036,2.0391,5,
0.1642,0.0528,11.4577,4,
0.0087,0.0037,302.6719,13,
0.0224,0.0013,32.1797,6,
0.2418,0.0763,10.9022,14,
0.0542,0.0145,34.1609,4,
0.1697,0.0013,1.5650,7,
0.0078,0.0017,313.2110,12,
0.0512,0.0021,6.2019,7,
0.2421,0.0690,11.0895,14,
0.1223,0.0122,6.6032,6,
0.2017,0.0016,0.2871,8,
0.0085,0.0021,314.1406,13,
0.0361,0.0024,19.1474,6,
0.2370,0.0744,11.2603,14,
0.1519,0.0156,6.9453,12,
0.2024,0.0014,0.4029,8,
0.0862,0.0473,23.0956,4,
0.0102,0.0059,246.7792,13,
0.0235,0.0017,28.4174,6,
0.2759,0.0800,11.1264,14,
0.1516,0.0120,6.5421,11,
0.2315,0.0022,0.4598,9,
0.0081,0.0029,356.9693,13,
0.0293,0.0010,56.9497,6,
0.2728,0.0719,10.7960,14,
0.0232,0.0035,52.7831,4,
0.2273,0.0267,5.0131,10,
0.2304,0.0015,1.7136,9,
0.0086,0.0030,335.6014,13,
0.0206,0.0024,48.3868,6,
0.2511,0.0581,10.2852,14,
0.1256,0.0111,12.2852,5,
0.0442,0.0103,37.7048,7,
0.2228,0.0329,6.4844,12,
0.2046,0.0020,0.5383,8,
0.0090,0.0034,325.8562,13,
0.0207,0.0006,11.3984,6,
0.2414,0.0901,10.4971,14,
0.1231,0.0067,11.0330,8,
0.3062,0.0774,8.4383,36,
0.1934,0.0045,1.4843,8,
0.1205,0.0260,16.6884,4,
0.0098,0.0051,283.7540,13,
0.0312,0.0010,8.6327,6,
0.2218,0.0752,11.0482,13,
0.1519,0.0090,4.5951,12,
0.3322,0.0383,9.1965,33,
0.1386,0.0035,1.6613,6,
0.1284,0.0264,17.3517,4,
0.0096,0.0040,300.9207,13,
0.0189,0.0021,48.0921,6,
0.2199,0.0747,11.1734,13,
0.4928,0.2036,4.9111,44,
0.1411,0.0022,3.3393,6,
0.1364,0.0280,16.3703,4,
0.0086,0.0037,280.4205,13,
0.0199,0.0025,66.4785,6,
0.2660,0.0664,10.9869,14,
0.3676,0.0459,2.4702,25,
0.1886,0.0253,11.3008,19,
0.1393,0.0059,2.4812,6,
0.0092,0.0039,291.0635,14,
0.0303,0.0007,7.8058,6,
0.2408,0.0669,10.7309,14,
0.3593,0.0305,5.8235,30,
0.1868,0.0201,18.9071,18,
0.1119,0.0027,2.8444,5,
0.0087,0.0032,240.4651,13,
0.0217,0.0015,31.4886,6,
0.2411,0.0748,10.6862,14,
0.4977,0.1759,5.6947,55,
0.0860,0.0024,2.6886,4,
0.1652,0.0532,11.9960,4,
0.0176,0.0052,117.5228,13,
0.0245,0.0011,113.5107,6,
0.2662,0.0747,11.0116,14,
0.4981,0.1790,5.8234,55,
0.0099,0.0021,298.4631,13,
0.0188,0.0006,15.1436,6,
0.2409,0.0726,10.9922,14,
0.4879,0.1791,6.2471,54,
0.0097,0.0018,262.8960,13,
0.0216,0.0003,5.1822,6,
0.2592,0.0489,10.2839,14,
0.4854,0.1787,6.5555,54,
0.0122,0.0031,249.5447,13,
0.0247,0.0009,18.1589,6,
0.2420,0.0774,11.1653,14,
0.4717,0.1250,6.8375,55,
0.1415,0.0388,11.8914,4,
0.0098,0.0014,299.1261,13,
0.0473,0.0023,10.0079,7,
0.2250,0.0812,11.1917,13,
0.4950,0.1345,6.5148,57,
0.0088,0.0025,249.8585,13,
0.0230,0.0018,29.4015,6,
0.2283,0.0679,10.9381,13,
0.4879,0.1177,6.4626,56,
0.0868,0.0044,4.6190,4,
0.1500,0.0373,10.6629,4,
0.0083,0.0018,201.3858,13,
0.0246,0.0011,129.6588,6,
0.2659,0.0613,10.4695,14,
0.5120,0.1245,6.0264,58,
0.0822,0.0018,2.4314,4,
0.0085,0.0026,362.2264,13,
0.0434,0.0019,11.1258,7,
0.2289,0.0770,10.7901,13,
0.5140,0.1141,5.9808,58,
0.0845,0.0022,2.6413,4,
0.1642,0.0520,11.5303,4,
0.0084,0.0021,357.6283,13,
0.0171,0.0012,37.6222,6,
0.2540,0.0778,10.0639,14,
0.5040,0.1083,5.7921,58,
0.1123,0.0020,1.3428,5,
0.0159,0.0035,90.9738,13,
0.0189,0.0021,46.9983,6,
0.2522,0.0626,10.5255,14,
0.5058,0.1057,5.6338,58,
0.1132,0.0052,3.5357,5,
0.0089,0.0026,340.3528,13,
0.0509,0.0021,6.2375,6,
0.2406,0.0733,11.1499,14,
0.5207,0.0939,5.3256,59,
0.0871,0.0019,2.0474,4,
0.0103,0.0030,188.8331,13,
0.0423,0.0018,9.5070,7,
0.2460,0.0722,10.2477,14,
0.5104,0.0872,5.5051,59,
0.1121,0.0027,1.7109,5,
0.1225,0.0266,18.1085,4,
0.0084,0.0017,231.9532,13,
0.0322,0.0009,13.4846,6,
0.2217,0.0767,11.1409,13,
0.5266,0.0702,5.1745,60,
0.1142,0.0023,3.5596,5,
0.0094,0.0029,211.2627,14,
0.0549,0.0037,12.4663,6,
0.2382,0.0685,11.2273,14,
0.5096,0.0587,5.5831,59,
0.1391,0.0088,4.2181,6,
0.1344,0.0287,12.8957,4,
0.0084,0.0012,188.2946,13,
0.0303,0.0014,11.9068,6,
0.2443,0.0657,10.8731,14,
0.5444,0.0424,1.9983,62,
0.1448,0.0025,3.0363,6,
0.0088,0.0034,353.4300,13,
0.0307,0.0006,33.5638,7,
0.2466,0.0680,10.0574,14,
0.5544,0.0461,1.4446,63,
0.1435,0.0016,1.5119,6,
0.0134,0.0054,186.2528,13,
0.0284,0.0008,24.7377,6,
0.2397,0.0839,10.7852,14,
0.5482,0.0497,1.1955,62,
0.1706,0.0071,2.1019,7,
0.1097,0.0264,18.8406,4,
0.0087,0.0040,288.0776,13,
0.0263,0.0009,32.0979,6,
0.2205,0.0737,11.5140,13,
0.5499,0.0497,1.3277,61,
0.1349,0.0034,2.0098,6,
0.1265,0.0281,13.9748,4,
0.0085,0.0034,244.7111,13,
0.0272,0.0014,15.7300,6,
0.2463,0.0875,10.4109,14,
0.5531,0.0569,1.2634,61,
0.1672,0.0057,1.8794,7,
0.0084,0.0021,338.1989,13,
0.0254,0.0008,52.7961,6,
0.2384,0.0786,11.0932,14,
0.5498,0.0546,1.2386,61,
0.1611,0.0017,0.7438,7,
0.1043,0.0287,17.7298,4,
0.0088,0.0015,337.0261,13,
0.0200,0.0026,62.9385,6,
0.2249,0.0719,10.8040,13,
0.5392,0.0506,1.2863,60,
0.1987,0.0013,0.6872,8,
0.1454,0.0547,14.1089,4,
0.0237,0.0053,85.5843,13,
0.0473,0.0044,15.4400,7,
0.2418,0.0780,10.9673,14,
0.5546,0.0564,1.2896,60,
0.1710,0.0015,0.8135,7,
0.0726,0.0225,27.7030,4,
0.0135,0.0030,128.0848,13,
0.0208,0.0021,47.4086,6,
0.2447,0.0653,11.1274,14,
0.5501,0.0563,1.2638,60,
0.1999,0.0013,0.9447,8,
0.0076,0.0028,361.6352,12,
0.0551,0.0037,10.4095,7,
0.2397,0.0703,11.1278,14,
0.5409,0.0563,1.3013,59,
0.2010,0.0054,1.7249,8,
0.1231,0.0303,14.2758,4,
0.0088,0.0031,264.5689,13,
0.0262,0.0009,63.9373,6,
0.2295,0.0685,10.5756,13,
0.5372,0.0526,1.1993,59,
0.2010,0.0034,1.1221,8,
0.1219,0.0009,0.7009,4,
0.0105,0.0013,201.5426,12,
0.0226,0.0013,21.6846,6,
0.2678,0.0663,10.7145,14,
0.5462,0.0529,1.2226,59,
0.1739,0.0023,1.8164,7,
0.0092,0.0022,335.2150,14,
0.0321,0.0008,23.5082,6,
0.2415,0.0826,10.5388,14,
0.5307,0.0506,1.1911,59,
0.1981,0.0028,1.4734,8,
0.0083,0.0026,321.1779,13,
0.0343,0.0005,5.3700,6,
0.2467,0.0544,10.5322,14,
0.5410,0.0529,1.1562,59,
0.1987,0.0053,1.3856,8,
0.0217,0.0033,59.4853,13,
0.0381,0.0011,6.6989,6,
0.2398,0.0794,10.8781,14,
0.5420,0.0558,1.2747,59,
0.1680,0.0027,9.8280,7,
0.1099,0.0233,18.4002,4,
0.0115,0.0030,262.7799,13,
0.0236,0.0014,29.0246,6,
0.2380,0.0883,10.8735,14,
0.5425,0.0519,1.2439,59,
0.1714,0.0043,1.7157,7,
0.0099,0.0054,261.4691,12,
0.0423,0.0028,12.1404,7,
0.2348,0.0824,11.0153,14,
0.5427,0.0524,1.2469,59,
0.2013,0.0031,2.2173,8,
0.0087,0.0056,296.4528,12,
0.0341,0.0005,5.0610,6,
0.2520,0.0758,10.1274,14,
0.5263,0.0435,1.1704,59,
0.2015,0.0016,1.4289,8,
0.0086,0.0034,313.3252,13,
0.0245,0.0014,23.4009,6,
0.2282,0.0751,10.8751,13,
0.5405,0.0527,1.2412,59,
0.2016,0.0045,1.3506,8,
0.0079,0.0022,281.5654,12,
0.0303,0.0007,7.8058,6,
0.2431,0.0713,10.6637,14,
0.5335,0.0508,1.2539,59,
0.2256,0.0027,1.2657,9,
0.0090,0.0050,325.0321,13,
0.0188,0.0010,24.0971,6,
0.2422,0.0770,10.8596,14,
0.5398,0.0498,1.2728,59,
0.2008,0.0018,1.2311,8,
0.0084,0.0045,324.3120,13,
0.0460,0.0026,10.7546,6,
0.2378,0.0827,10.8939,14,
0.5417,0.0521,1.2930,59,
0.2251,0.0022,0.7152,9,
0.0127,0.0035,157.6752,13,
0.0297,0.0010,10.9435,6,
0.2255,0.0763,11.0573,13,
0.5423,0.0516,1.2763,59,
0.2002,0.0018,2.7420,8,
0.0087,0.0027,339.9262,13,
0.0469,0.0025,9.7163,6,
0.2398,0.0814,10.6469,14,
0.5172,0.0272,1.0503,58,
0.2274,0.0045,1.0166,9,
0.0106,0.0035,235.9949,13,
0.0208,0.0002,8.6122,6,
0.2405,0.0763,10.6446,14,
0.5426,0.0548,1.3351,59,
0.2016,0.0018,0.4617,8,
0.1751,0.0516,10.4517,4,
0.0092,0.0050,289.2402,13,
0.0313,0.0015,11.9902,6,
0.2515,0.0576,10.6300,14,
0.5219,0.0350,1.1506,58,
0.1976,0.0043,1.1476,8,
0.0095,0.0045,262.5435,12,
0.0181,0.0005,14.1777,6,
0.2288,0.0790,10.8798,13,
0.5393,0.0457,1.2037,59,
0.1975,0.0042,1.1423,8,
0.0085,0.0050,265.0114,13,
0.0246,0.0006,8.5223,6,
0.2399,0.0711,11.3340,14,
0.5399,0.0475,1.3350,59,
0.1652,0.0022,0.7473,7,
0.0113,0.0045,181.3364,13,
0.0246,0.0011,76.3370,6,
0.2553,0.0493,10.5530,14,
0.5391,0.0463,1.2290,59,
0.1994,0.0017,1.3134,8,
0.0083,0.0044,317.5142,13,
0.0215,0.0002,5.2283,6,
0.2386,0.0736,11.1892,14,
0.5534,0.0519,1.2586,59,
0.1980,0.0022,14.4419,8,
0.0085,0.0040,336.3863,13,
0.0581,0.0046,11.6313,7,
0.2417,0.0770,10.6602,14,
0.5424,0.0490,1.2521,59,
0.1990,0.0055,1.1897,8,
0.0083,0.0021,374.2193,12,
0.0217,0.0023,34.8699,6,
0.2277,0.0745,10.8271,13,
0.5404,0.0535,1.3792,59,
0.2004,0.0047,1.2788,8,
0.0119,0.0048,227.2442,13,
0.0226,0.0016,28.8409,6,
0.2405,0.0772,10.6393,14,
0.5335,0.0469,1.2677,59,
0.2017,0.0018,0.4612,8,
0.0085,0.0038,272.3426,13,
0.0206,0.0005,10.4201,6,
0.2285,0.0758,10.5435,13,
0.5450,0.0532,1.3430,59,
0.1979,0.0057,1.5921,8,
0.0094,0.0039,298.3172,14,
0.0212,0.0013,26.1109,5,
0.2401,0.0795,10.2743,14,
0.5376,0.0513,1.4053,59,
0.2017,0.0028,0.7104,8,
0.0087,0.0025,307.8559,13,
0.0191,0.0008,15.7330,6,
0.2414,0.0616,10.4818,14,
0.5387,0.0445,1.2336,59,
0.1725,0.0019,4.0273,7,
0.0085,0.0035,280.1919,12,
0.0216,0.0014,28.7477,6,
0.2459,0.0705,10.9079,14,
0.5388,0.0452,1.2962,59,
0.1709,0.0016,10.8653,7,
0.0079,0.0018,264.0576,12,
0.0440,0.0025,13.4936,6,
0.2419,0.0721,10.8162,14,
0.5536,0.0602,1.4134,59,
0.1997,0.0044,1.4198,8,
0.0084,0.0062,284.2562,13,
0.0217,0.0010,78.4588,6,
0.2440,0.0772,10.6957,14,
0.5374,0.0418,1.1547,59,
0.1709,0.0017,0.6000,7,
0.0084,0.0022,316.5227,13,
0.0372,0.0014,9.0296,6,
0.2241,0.0834,11.2129,13,
0.5339,0.0462,1.2808,59,
0.1728,0.0019,0.6315,7,
0.0082,0.0035,332.4935,13,
0.0482,0.0018,6.5466,7,
0.2518,0.0718,10.1411,14,
0.5420,0.0518,1.3581,59,
0.2003,0.0055,1.6650,8,
0.0087,0.0032,280.9435,13,
0.0365,0.0021,12.2400,7,
0.2548,0.0568,10.1794,14,
0.5563,0.0644,1.5120,59,
0.1956,0.0011,4.7273,8,
0.0083,0.0025,327.8539,13,
0.0313,0.0004,9.1451,6,
0.2218,0.0697,11.0721,13,
0.5496,0.0536,1.3526,59,
0.1956,0.0072,1.8331,8,
0.0126,0.0063,234.0936,14,
0.0180,0.0009,24.5146,6,
0.2411,0.0781,10.8049,14,
0.5436,0.0492,1.3072,59,
0.1715,0.0028,0.8038,7,
0.0083,0.0015,179.7523,13,
0.0322,0.0004,18.5144,6,
0.2390,0.0859,10.5685,14,
0.5393,0.0480,1.3393,59,
0.1721,0.0030,10.6166,7,
0.0083,0.0034,316.6858,13,
0.0294,0.0013,11.3057,6,
0.2398,0.0842,10.8124,14,
0.5424,0.0581,1.4103,59,
0.1985,0.0043,1.2094,8,
0.0113,0.0021,143.8524,13,
0.0217,0.0011,25.8469,6,
0.2285,0.0790,10.9100,13,
0.5429,0.0536,1.3080,59,
0.2006,0.0052,1.3858,8,
0.0085,0.0037,299.3007,13,
0.0420,0.0021,13.2860,6,
0.2473,0.0772,10.1934,14,
0.5426,0.0523,1.3481,59,
0.2008,0.0034,3.7446,8,
0.1098,0.0266,17.7569,4,
0.0095,0.0019,156.7041,13,
0.0243,0.0010,62.4330,6,
0.2476,0.0749,10.5462,14,
0.5480,0.0539,1.4043,59,
0.1685,0.0027,17.4906,7,
0.0099,0.0012,190.1592,13,
0.0199,0.0008,15.3604,6,
0.2451,0.0590,11.0893,14,
0.5259,0.0380,1.2543,58,
0.1990,0.0062,1.3331,8,
0.0109,0.0037,243.3682,13,
0.0199,0.0003,9.1887,6,
0.2434,0.0686,11.0676,14,
0.5363,0.0411,1.2083,59,
0.1704,0.0041,1.6596,7,
0.0112,0.0028,161.6794,13,
0.0198,0.0003,5.9743,6,
0.2402,0.0751,10.9669,14,
0.5453,0.0419,1.1889,59,
0.1737,0.0027,2.5978,7,
0.0086,0.0015,221.6512,13,
0.0226,0.0015,29.3299,6,
0.2248,0.0773,11.1767,13,
0.5435,0.0522,1.3213,59,
0.1997,0.0009,2.8947,8,
0.1880,0.0506,8.8390,4,
0.0087,0.0039,263.1832,13,
0.0207,0.0004,9.0768,6,
0.2426,0.0749,10.9907,14,
0.5420,0.0507,1.3848,59,
0.1730,0.0012,0.3594,7,
0.1691,0.0513,10.8416,4,
0.0103,0.0034,217.0320,12,
0.0345,0.0005,9.3483,7,
0.2440,0.0627,10.8813,14,
0.5375,0.0443,1.2043,59,
0.1716,0.0021,1.5872,7,
0.0078,0.0042,319.0997,12,
0.0216,0.0014,33.1300,6,
0.2403,0.0778,10.9095,14,
0.5448,0.0501,1.3357,59,
0.1620,0.0003,0.2493,7,
0.0084,0.0016,336.4790,13,
0.0219,0.0012,35.3859,6,
0.2446,0.0773,10.4265,14,
0.5379,0.0433,1.2424,59,
0.1723,0.0017,1.2147,7,
0.0167,0.0050,112.1189,13,
0.0283,0.0013,31.2088,6,
0.2409,0.0676,10.9848,14,
0.5435,0.0513,1.3017,59,
0.1678,0.0025,2.9072,7,
0.0230,0.0063,93.9027,14,
0.0200,0.0006,10.9351,6,
0.2406,0.0784,11.1192,14,
0.5406,0.0455,1.2430,59,
0.1723,0.0017,0.7696,7,
0.0103,0.0029,252.8467,14,
0.0190,0.0009,33.3537,6,
0.2456,0.0798,10.6764,14,
0.5496,0.0480,1.2875,59,
0.1717,0.0015,3.3004,7,
0.0085,0.0044,304.2255,13,
0.0282,0.0011,11.9407,6,
0.2242,0.0781,11.0554,13,
0.5219,0.0362,1.1894,58,
0.2008,0.0051,2.1750,8,
0.1978,0.0587,9.3307,5,
0.0090,0.0024,263.2314,12,
0.0401,0.0022,14.4693,6,
0.2451,0.0741,10.7049,14,
0.5411,0.0492,1.3248,59,
0.1723,0.0041,1.6147,7,
0.0083,0.0025,238.8782,12,
0.0255,0.0010,88.5212,6,
0.2605,0.0493,10.2426,14,
0.5602,0.0610,1.4188,60,
0.1747,0.0011,1.1240,7,
0.0087,0.0030,340.9899,13,
0.0568,0.0040,11.4897,6,
0.2440,0.0783,10.8204,14,
0.5445,0.0581,1.4425,59,
0.1719,0.0017,0.9527,7,
0.0115,0.0056,204.7017,13,
0.0323,0.0014,11.1037,6,
0.2371,0.0861,10.8070,14,
0.5369,0.0447,1.2563,59,
0.1732,0.0014,0.7221,7,
0.0090,0.0063,260.8854,14,
0.0450,0.0026,11.1619,6,
0.2433,0.0663,10.6713,14,
0.5452,0.0490,1.2902,59,
0.1993,0.0012,0.6056,8,
0.0086,0.0022,335.1269,13,
0.0233,0.0011,27.6150,6,
0.2304,0.0693,10.8023,13,
0.5362,0.0406,1.2387,59,
0.1719,0.0011,1.1198,7,
0.0109,0.0031,244.4940,13,
0.0303,0.0008,21.0424,6,
0.2249,0.0700,10.8619,13,
0.5326,0.0436,1.2575,59,
0.1720,0.0029,2.2920,7,
0.1731,0.0512,10.3979,4,
0.0107,0.0045,225.3835,13,
0.0197,0.0018,37.6152,6,
0.2200,0.0776,11.1573,13,
0.5486,0.0588,1.3857,59,
0.1983,0.0066,1.6495,8,
0.0087,0.0027,323.7201,13,
0.0216,0.0014,31.1890,6,
0.2696,0.0769,11.1636,14,
0.5443,0.0505,1.2908,59,
0.1996,0.0088,1.8983,8,
0.0133,0.0047,179.6490,13,
0.0199,0.0016,52.1385,6,
0.2410,0.0754,11.0747,14,
0.5395,0.0545,1.4220,59,
0.1982,0.0033,4.4543,8,
0.0100,0.0019,210.2331,12,
0.0352,0.0014,13.7871,6,
0.2447,0.0443,11.1479,14,
0.5508,0.0566,1.3943,59,
0.1994,0.0037,1.2000,8,
0.0106,0.0042,215.9471,13,
0.0400,0.0024,13.5707,6,
0.2410,0.0733,10.8054,14,
0.5467,0.0543,1.3849,59,
0.2016,0.0014,0.7143,8,
0.0125,0.0058,221.0083,13,
0.0255,0.0008,10.0849,6,
0.2408,0.0787,10.7208,14,
0.5511,0.0550,1.3796,59,
0.2005,0.0029,1.4910,8,
0.0083,0.0066,273.6601,13,
0.0226,0.0015,28.6620,6,
0.2369,0.0777,11.3095,14,
0.5387,0.0522,1.3884,59,
0.1993,0.0019,4.7711,8,
0.1174,0.0289,15.8892,4,
0.0087,0.0021,330.6125,13,
0.0302,0.0006,5.8715,6,
0.2443,0.0704,10.6234,14,
0.5434,0.0529,1.3807,59,
0.2011,0.0037,1.2471,8,
0.0112,0.0041,186.1482,13,
0.0262,0.0006,7.2754,6,
0.2324,0.0838,10.7609,13,
0.5227,0.0351,1.1390,58,
0.2006,0.0058,1.5441,8,
0.0098,0.0031,292.6605,13,
0.0254,0.0004,10.0122,6,
0.2423,0.0809,10.8757,14,
0.5359,0.0424,1.2393,59,
0.1728,0.0019,0.6311,7,
0.0115,0.0061,230.2725,13,
0.0283,0.0005,13.1108,6,
0.2403,0.0726,10.9459,14,
0.5452,0.0516,1.3379,59,
0.1648,0.0029,1.8610,7,
0.0081,0.0032,297.1480,12,
0.0209,0.0006,12.0755,6,
0.2247,0.0707,11.1128,13,
0.5538,0.0626,1.4838,59,
0.2016,0.0045,1.1936,8,
0.0081,0.0012,328.8582,13,
0.0180,0.0012,33.7215,6,
0.2405,0.0775,10.9380,14,
0.5434,0.0478,1.2956,59,
0.2005,0.0033,6.4339,8,
0.0100,0.0034,188.8395,13,
0.0288,0.0011,15.3605,7,
0.2424,0.0778,10.6891,14,
0.5550,0.0528,1.2625,59,
0.1726,0.0022,3.1541,7,
0.1602,0.0278,12.1159,4,
0.0094,0.0016,310.5487,12,
0.0235,0.0013,25.3455,6,
0.2599,0.0652,10.9366,14,
0.5399,0.0494,1.3425,59,
0.2006,0.0048,1.3398,8,
0.0082,0.0042,320.8461,13,
0.0187,0.0020,47.5243,6,
0.2436,0.0636,11.2567,14,
0.5573,0.0542,1.4225,60,
0.1717,0.0031,1.4943,7,
0.0089,0.0023,317.1549,13,
0.0459,0.0021,8.4715,6,
0.2413,0.0702,10.7542,14,
0.0268,0.0071,102.1553,8,
0.4579,0.0243,5.1600,52,
0.1842,0.0045,2.0715,8,
0.0128,0.0028,202.6957,14,
0.0361,0.0008,9.7160,6,
0.1402,0.0055,6.6161,7,
0.0728,0.0165,34.0232,11,
0.5676,0.0180,1.5718,64,
0.1572,0.0037,1.2279,7,
0.0104,0.0053,244.9111,13,
0.0198,0.0016,31.0173,6,
0.6049,0.0414,1.6406,69,
0.1722,0.0021,0.6090,7,
0.1592,0.0511,11.7444,4,
0.0093,0.0043,273.1688,13,
0.0218,0.0005,7.7281,6,
0.0234,0.0009,45.5422,5,
0.6372,0.0511,1.3679,73,
0.1367,0.0015,4.4163,6,
0.0097,0.0019,198.1645,13,
0.0502,0.0027,8.9192,7,
0.0177,0.0019,60.9408,4,
0.6403,0.0407,1.1625,74,
0.1452,0.0020,1.2751,6,
0.0095,0.0032,327.3151,13,
0.0255,0.0014,20.2557,6,
0.0344,0.0014,9.0722,4,
0.6538,0.0360,1.4459,75,
0.1147,0.0017,1.3288,5,
0.1666,0.0370,9.0953,4,
0.0096,0.0019,334.2696,13,
0.0244,0.0010,121.7469,6,
0.0353,0.0008,5.2899,4,
0.6415,0.0353,1.8016,75,
0.0853,0.0003,0.6194,4,
0.1681,0.0510,10.7791,4,
0.0084,0.0018,274.3956,13,
0.0180,0.0022,89.7448,6,
0.0428,0.0011,9.9947,5,
0.6224,0.0232,1.5585,76,
0.0844,0.0037,4.2412,4,
0.0084,0.0028,308.2862,13,
0.0254,0.0012,22.5956,6,
0.0656,0.0055,10.8034,4,
0.6035,0.0334,4.5065,74,
0.0103,0.0050,245.9541,13,
0.0361,0.0008,10.5556,6,
0.0551,0.0042,10.7588,4,
0.5513,0.0334,1.4641,70,
0.0079,0.0012,299.2914,12,
0.0356,0.0006,38.6293,7,
0.4306,0.0297,6.0673,57,
0.0108,0.0060,229.8484,13,
0.0284,0.0005,8.5206,6,
0.0268,0.0004,6.1046,4,
0.3562,0.0290,3.5803,49,
0.1672,0.0523,10.8805,4,
0.0100,0.0038,218.8756,13,
0.0245,0.0013,26.6239,6,
0.0370,0.0023,13.0160,4,
0.3023,0.0329,3.4029,43,
0.0084,0.0039,319.7689,13,
0.0217,0.0015,25.5658,6,
0.0548,0.0045,11.7580,4,
0.2276,0.0334,5.3869,29,
0.1483,0.0381,11.0370,4,
0.0089,0.0054,266.8587,12,
0.0279,0.0010,12.2076,7,
0.1099,0.0020,1.5357,4,
0.0444,0.0013,6.3077,5,
0.1253,0.0403,17.4848,4,
0.0102,0.0045,252.3846,12,
0.0284,0.0020,22.7237,6,
0.0400,0.0023,13.2869,5,
0.1582,0.0536,12.8130,4,
0.0088,0.0031,234.6948,13,
0.0236,0.0017,25.1279,6,
0.0080,0.0062,274.6559,13,
0.0247,0.0005,20.6051,6,
0.0099,0.0013,135.0683,13,
0.0332,0.0017,11.9406,6,
0.0107,0.0037,191.6300,12,
0.0420,0.0016,7.6294,6,
0.0097,0.0026,336.3209,13,
0.0341,0.0012,14.0003,6,
0.0093,0.0040,238.0631,13,
0.0236,0.0010,34.4833,6,
0.0087,0.0028,284.4068,13,
0.0283,0.0016,16.4810,6,
0.0083,0.0054,294.6355,13,
0.0198,0.0008,15.0964,6,
0.0087,0.0019,287.9637,13,
0.0206,0.0016,30.3985,6,
0.0088,0.0012,352.9749,13,
0.0226,0.0008,11.6112,6,
0.0094,0.0049,261.6883,13,
0.0217,0.0003,4.8474,6,
0.0119,0.0034,168.8837,13,
0.0189,0.0005,13.3540,6,
0.0102,0.0035,278.9771,13,
0.0246,0.0010,15.3842,6,
0.0082,0.0019,311.3170,13,
0.0630,0.0030,5.6212,7,
0.0083,0.0046,275.2287,13,
0.0332,0.0017,12.0975,6,
0.0082,0.0031,342.3725,13,
0.0560,0.0030,7.0009,7,
0.0086,0.0012,365.1766,13,
0.0244,0.0009,12.4866,6,
0.0086,0.0037,331.3248,13,
0.0313,0.0012,9.8528,6,
0.0259,0.0064,68.8627,4,
0.0084,0.0023,331.4227,13,
0.1023,0.0051,12.6272,5,
0.1016,0.0071,21.0005,5,
0.0995,0.0022,17.9384,5,
0.1158,0.0581,17.2654,4,
0.0993,0.0121,19.4533,5,
0.1002,0.0072,14.0718,5,
0.1015,0.0044,9.9795,5,
0.0996,0.0022,5.2274,5,
0.1021,0.0119,20.9063,5,
0.0983,0.0021,12.7342,5,
0.1023,0.0132,20.6154,5,
0.1001,0.0042,8.9030,5,
0.1029,0.0154,20.8255,5,
0.0937,0.0076,17.4455,4,
0.0954,0.0486,22.1148,7,
0.1029,0.0103,20.7336,5,
0.0931,0.0069,18.5482,4,
0.0686,0.0071,13.9806,4,
0.0649,0.0282,31.6103,6,
0.0855,0.0085,8.7121,11,
0.0352,0.0028,18.6898,4,
0.0273,0.0079,67.5580,5,
0.5599,0.0879,2.4461,69,
0.0718,0.0042,7.1299,5,
0.1861,0.0356,8.3148,7,
0.0280,0.0089,66.6910,5,
0.5696,0.0937,5.1008,80,
0.0864,0.0037,6.4946,5,
0.2048,0.0807,12.0949,9,
0.0396,0.0012,16.2226,4,
0.5792,0.1173,4.2753,80,
0.1238,0.0159,9.8434,5,
0.4205,0.0922,5.7803,19,
0.1087,0.0195,10.9489,25,
0.3190,0.0231,8.4859,50,
0.0846,0.0033,3.7445,4,
0.1261,0.0166,7.7779,7,
0.1052,0.0213,14.7057,28,
0.2861,0.0241,6.8652,45,
0.1121,0.0008,4.6983,5,
0.5606,0.1403,2.3981,76,
0.1439,0.0012,0.4515,6,
0.1579,0.0501,12.5876,8,
0.5759,0.0923,1.9492,76,
0.1761,0.0021,0.6481,7,
0.1617,0.0464,12.1868,8,
0.5773,0.1043,2.2589,77,
0.1958,0.0008,5.4411,8,
0.1612,0.0760,14.1949,9,
0.5836,0.1291,2.6442,78,
0.1958,0.0009,0.3349,8,
0.1804,0.0777,13.7999,10,
0.5911,0.1364,2.7279,78,
0.2497,0.0009,0.2830,10,
0.1728,0.0789,14.7425,9,
0.5925,0.1389,2.7925,77,
0.2775,0.0008,0.2303,11,
0.1615,0.0451,11.8706,8,
0.6719,0.1396,2.9567,77,
0.2964,0.0018,0.2392,12,
0.1221,0.0328,13.8331,6,
0.6833,0.1462,2.8814,78,
0.3367,0.0016,0.1320,13,
0.1081,0.0381,17.7515,6,
0.6779,0.1312,2.6923,76,
0.3904,0.0041,0.2885,14,
0.0541,0.0067,16.7909,5,
0.1058,0.0158,11.2587,6,
0.0443,0.0045,62.5063,8,
0.6073,0.0582,4.0605,64,
0.4032,0.0021,0.1683,15,
0.1002,0.0089,7.7520,5,
0.5417,0.1143,5.7288,25,
0.5778,0.0507,1.8227,57,
0.4013,0.0030,0.5369,15,
0.0862,0.0018,13.4347,5,
0.5413,0.1005,5.8024,25,
0.5596,0.0607,1.5877,54,
0.4527,0.0035,0.3410,17,
0.0343,0.0010,6.7342,4,
0.5327,0.1069,5.6978,25,
0.5618,0.0824,1.8117,53,
0.4673,0.0022,0.1535,17,
0.0867,0.0028,4.2158,5,
0.5305,0.1035,5.9447,25,
0.5522,0.0754,1.7016,51,
0.5038,0.0130,0.9222,19,
0.0351,0.0012,10.2756,4,
0.1316,0.0241,13.9126,7,
0.3288,0.1099,9.2836,17,
0.5411,0.0719,1.7639,51,
0.5240,0.0071,0.5648,19,
0.0822,0.0056,6.4925,5,
0.5367,0.0931,5.9121,24,
0.5430,0.0680,1.7044,51,
0.5282,0.0056,0.4735,19,
0.0775,0.0007,4.2626,5,
0.5238,0.1030,5.9778,23,
0.5503,0.0730,1.6340,51,
0.5352,0.0029,0.2153,20,
0.0937,0.0095,8.7991,5,
0.5313,0.1067,5.8717,25,
0.5406,0.0588,1.4158,50,
0.5359,0.0063,3.3715,20,
0.0811,0.0017,3.5895,5,
0.5399,0.0861,5.8184,24,
0.5440,0.0553,1.4158,50,
0.5217,0.0046,0.3346,19,
0.0887,0.0022,16.7875,5,
0.5445,0.0975,5.7122,25,
0.5478,0.0637,1.5484,50,
0.5405,0.0033,0.1711,20,
0.0808,0.0007,4.1513,5,
0.5411,0.1058,5.7415,25,
0.5542,0.0690,1.5362,50,
0.5328,0.0030,0.1879,20,
0.0900,0.0026,13.8512,5,
0.5312,0.0843,5.9420,25,
0.5323,0.0512,1.3313,50,
0.5395,0.0034,0.2860,20,
0.0341,0.0004,68.1321,4,
0.5235,0.1158,6.0012,25,
0.5190,0.0480,1.4324,49,
0.5598,0.0037,0.1914,21,
0.0884,0.0085,9.0156,5,
0.5193,0.1078,6.0355,23,
0.5148,0.0568,1.6044,49,
0.5600,0.0117,0.3917,20,
0.0333,0.0009,7.2099,4,
0.1280,0.0208,15.3111,7,
0.3413,0.0957,8.7814,17,
0.5353,0.0581,1.6185,50,
0.5307,0.0033,0.1765,20,
0.0320,0.0027,28.9930,4,
0.1302,0.0221,13.5260,7,
0.3407,0.1007,8.7793,17,
0.5199,0.0543,1.5538,50,
0.5191,0.0033,2.0310,19,
0.0748,0.0038,6.3161,5,
0.5409,0.0795,5.8378,24,
0.5166,0.0588,1.5330,50,
0.5317,0.0132,0.5867,20,
0.0348,0.0007,4.9753,4,
0.1313,0.0217,13.5804,7,
0.3254,0.0988,9.3153,17,
0.5248,0.0759,1.8667,51,
0.4962,0.0031,0.2639,18,
0.0951,0.0073,6.8132,5,
0.5300,0.0992,5.9103,25,
0.5098,0.0722,1.8257,51,
0.5103,0.0090,0.8015,19,
0.0642,0.0005,0.9417,4,
0.1303,0.0175,12.0635,7,
0.3387,0.1043,8.9251,17,
0.5246,0.0865,2.0194,53,
0.4839,0.0025,0.2461,17,
0.0782,0.0032,4.5192,5,
0.5389,0.0884,5.8914,24,
0.5257,0.0799,1.9040,55,
0.4551,0.0023,0.1469,16,
0.0759,0.0063,9.6054,5,
0.5415,0.0953,5.7597,24,
0.5204,0.0678,1.6444,57,
0.4013,0.0028,0.1900,15,
0.0846,0.0052,5.8965,5,
0.5337,0.1068,5.8570,25,
0.4919,0.0525,1.4503,57,
0.3916,0.0024,0.1805,15,
0.0504,0.0044,13.7313,5,
0.1069,0.0233,14.4016,6,
0.3520,0.0787,8.8108,18,
0.4926,0.0589,1.5971,59,
0.3750,0.0019,0.2418,14,
0.0899,0.0033,9.6587,5,
0.5388,0.0958,5.7574,25,
0.5018,0.0558,1.4988,61,
0.3642,0.0023,0.2393,14,
0.0354,0.0012,7.8391,4,
0.5273,0.1282,5.6317,24,
0.4921,0.0526,1.5855,61,
0.3660,0.0015,0.1151,14,
0.0854,0.0037,6.8429,5,
0.5430,0.0899,5.7965,25,
0.4735,0.0339,1.5520,61,
0.3614,0.0029,0.2254,14,
0.0644,0.0008,1.6191,4,
0.1303,0.0128,10.1511,7,
0.3494,0.1195,8.2842,18,
0.4689,0.0420,1.6571,61,
0.3824,0.0049,0.6263,14,
0.0728,0.0055,9.2018,5,
0.5246,0.0931,6.0243,23,
0.5001,0.0616,1.7535,63,
0.3900,0.0062,0.6319,14,
0.1103,0.0120,8.6720,5,
0.1364,0.0205,9.6883,7,
0.3493,0.1153,8.5867,18,
0.4746,0.0365,1.6521,62,
0.3662,0.0022,0.2185,14,
0.0465,0.0029,11.2658,5,
0.5248,0.1065,5.9224,23,
0.4814,0.0355,1.5291,62,
0.3706,0.0030,0.2066,14,
0.0872,0.0032,5.1549,5,
0.5289,0.1091,5.8574,25,
0.4820,0.0322,1.5822,62,
0.3631,0.0029,0.2368,14,
0.0845,0.0031,4.3799,5,
0.5294,0.0855,5.8849,25,
0.4879,0.0373,1.5535,62,
0.3643,0.0027,0.2507,14,
0.0843,0.0047,6.5532,5,
0.1092,0.0245,14.3193,6,
0.3563,0.0863,8.6380,18,
0.4907,0.0347,1.5845,62,
0.3996,0.0040,0.2403,15,
0.0807,0.0040,7.7652,5,
0.5278,0.1009,5.9617,25,
0.4737,0.0326,1.6492,61,
0.3783,0.0025,0.1755,14,
0.0343,0.0007,4.8732,4,
0.5271,0.1124,5.8527,25,
0.4885,0.0509,1.9485,61,
0.3824,0.0019,0.4657,14,
0.0849,0.0041,4.6107,5,
0.5282,0.1092,5.9000,25,
0.4824,0.0491,1.9877,60,
0.3805,0.0032,1.1936,14,
0.0846,0.0026,4.1124,5,
0.5480,0.1092,5.4896,24,
0.4815,0.0463,2.1435,59,
0.3631,0.0028,0.2302,14,
0.0643,0.0004,0.8101,4,
0.5434,0.1089,5.5681,24,
0.4737,0.0459,2.4257,58,
0.3615,0.0027,0.2123,14,
0.0317,0.0027,29.4841,4,
0.2152,0.0264,6.7761,9,
0.3312,0.1039,9.2295,17,
0.4839,0.0505,2.1492,58,
0.3423,0.0027,0.2139,13,
0.0478,0.0070,22.3411,4,
0.5179,0.1041,5.9838,23,
0.4773,0.0452,2.2988,57,
0.3598,0.0052,1.1920,14,
0.0842,0.0027,4.4101,5,
0.5320,0.0987,5.8186,25,
0.4952,0.0555,2.1012,58,
0.3653,0.0019,0.2198,14,
0.0935,0.0032,7.4790,5,
0.5324,0.0983,5.8814,24,
0.4743,0.0440,2.1070,57,
0.3684,0.0024,0.2946,14,
0.0325,0.0004,3.5083,4,
0.1339,0.0228,13.6976,7,
0.3355,0.1065,8.9540,17,
0.4872,0.0600,2.3538,57,
0.3528,0.0019,0.1540,13,
0.0862,0.0080,8.9510,5,
0.5254,0.1115,5.9887,23,
0.4793,0.0486,2.1751,57,
0.3666,0.0061,0.5831,14,
0.0831,0.0026,4.7493,5,
0.5359,0.1039,5.7452,25,
0.4720,0.0455,2.2232,56,
0.3632,0.0018,0.3519,14,
0.0759,0.0054,8.3424,5,
0.5195,0.1072,5.9398,23,
0.4917,0.0584,2.2281,57,
0.3619,0.0032,0.2521,14,
0.0873,0.0049,5.5486,5,
0.5330,0.1043,5.8292,25,
0.4758,0.0418,1.9650,57,
0.3648,0.0044,0.7262,14,
0.0807,0.0043,5.3499,5,
0.5206,0.1072,6.0010,23,
0.4961,0.0528,1.9618,58,
0.3616,0.0018,0.1803,14,
0.0880,0.0031,5.0866,5,
0.5302,0.1092,5.9406,25,
0.4669,0.0391,2.5099,56,
0.3626,0.0026,0.2172,14,
0.0653,0.0008,1.7821,4,
0.5346,0.1153,5.7226,24,
0.4861,0.0522,1.9997,58,
0.3710,0.0033,0.2452,14,
0.0945,0.0085,8.0101,5,
0.5287,0.1790,5.9185,26,
0.4750,0.0442,2.0422,57,
0.3377,0.0035,0.2730,13,
0.0946,0.0080,7.7350,5,
0.5314,0.0961,5.8439,25,
0.4897,0.0523,1.9483,58,
0.3704,0.0041,6.9069,14,
0.0330,0.0002,1.3614,4,
0.1318,0.0225,12.2727,7,
0.3237,0.1016,9.4659,17,
0.4789,0.0457,2.2169,57,
0.3450,0.0028,0.2149,13,
0.0827,0.0050,6.7608,5,
0.5440,0.0917,5.7634,24,
0.4892,0.0492,1.9607,58,
0.3642,0.0032,0.2367,14,
0.0888,0.0051,8.1098,5,
0.5290,0.1174,5.8912,25,
0.5030,0.0534,2.1305,58,
0.3608,0.0055,1.3771,14,
0.0843,0.0018,8.8377,5,
0.5280,0.0952,5.9959,25,
0.4913,0.0510,2.1257,58,
0.3604,0.0052,0.5631,14,
0.0653,0.0001,0.3249,4,
0.5322,0.1250,5.7540,24,
0.4695,0.0392,1.8612,57,
0.3782,0.0097,0.8579,14,
0.0338,0.0007,5.2900,4,
0.5310,0.1056,5.9128,25,
0.4742,0.0428,2.1950,57,
0.3361,0.0026,0.2310,13,
0.0322,0.0002,1.3639,4,
0.1325,0.0206,15.1712,7,
0.3288,0.1012,9.1757,17,
0.4785,0.0442,2.1736,57,
0.3627,0.0032,0.2271,14,
0.0870,0.0021,21.6510,5,
0.5440,0.1193,5.6308,25,
0.4871,0.0516,2.2132,57,
0.3634,0.0053,0.3428,14,
0.3412,0.0358,5.1438,8,
0.0338,0.0028,26.1970,4,
0.1329,0.0225,12.6683,7,
0.3276,0.0943,9.4085,17,
0.4753,0.0431,2.2989,57,
0.3685,0.0029,0.2363,14,
0.2918,0.0359,8.6319,7,
0.0841,0.0039,5.9333,5,
0.5324,0.0955,5.9165,25,
0.4960,0.0532,2.0399,58,
0.3662,0.0033,0.2213,14,
0.3201,0.0440,3.4056,8,
0.0339,0.0010,6.8524,4,
0.1308,0.0143,11.1697,7,
0.3290,0.1045,9.2054,17,
0.4828,0.0468,1.9053,58,
0.3795,0.0066,1.3373,14,
0.3335,0.0345,3.0224,8,
0.0860,0.0028,3.9876,5,
0.5313,0.0942,5.8845,25,
0.4889,0.0550,2.2610,58,
0.3672,0.0032,4.0390,14,
0.3578,0.0698,4.0781,9,
0.0821,0.0032,4.3018,5,
0.5337,0.0880,5.9628,25,
0.4873,0.0537,2.2906,57,
0.3655,0.0020,0.3186,14,
0.3430,0.0462,3.8176,9,
0.0320,0.0004,3.5417,4,
0.5367,0.1231,5.5397,25,
0.4728,0.0422,2.2170,57,
0.3672,0.0043,4.7552,14,
0.3919,0.0826,3.8890,10,
0.0470,0.0029,11.1030,5,
0.5175,0.1061,6.0572,23,
0.4868,0.0483,2.1269,58,
0.3621,0.0034,0.2476,14,
0.3832,0.0712,3.6797,10,
0.0828,0.0035,5.2557,5,
0.5382,0.0984,5.7647,25,
0.4894,0.0486,2.0082,58,
0.3633,0.0016,0.2729,14,
0.3748,0.0535,3.1273,10,
0.0811,0.0022,3.2092,5,
0.5424,0.1150,5.6629,25,
0.4881,0.0510,2.0873,58,
0.3746,0.0050,0.8626,14,
0.3813,0.0987,4.3775,10,
0.0819,0.0032,4.3879,5,
0.5296,0.1012,5.8432,25,
0.4889,0.0551,2.1476,58,
0.3678,0.0037,0.2224,14,
0.3263,0.0881,6.8196,9,
0.0873,0.0046,5.1458,5,
0.1365,0.0214,10.1803,7,
0.3457,0.1263,8.7913,18,
0.4892,0.0545,2.2967,57,
0.3685,0.0032,0.2164,14,
0.3517,0.1130,6.8348,10,
0.0830,0.0033,5.4643,5,
0.5421,0.0887,5.7788,25,
0.4815,0.0507,2.2409,57,
0.3642,0.0030,0.1848,14,
0.4497,0.0585,7.1087,12,
0.0826,0.0030,3.6402,5,
0.5296,0.0916,5.9162,25,
0.4959,0.0605,2.2629,58,
0.3734,0.0024,0.2117,14,
0.1815,0.0453,9.1754,5,
0.2779,0.0322,3.8707,8,
0.0317,0.0014,20.5627,4,
0.5284,0.1166,5.8062,25,
0.4898,0.0450,1.9952,58,
0.3618,0.0033,0.3180,14,
0.3343,0.0628,4.2346,10,
0.0762,0.0049,7.2684,5,
0.5255,0.1081,5.9432,23,
0.4914,0.0484,2.0616,58,
0.3646,0.0034,0.2436,14,
0.1665,0.0460,10.1152,5,
0.0873,0.0020,10.7622,5,
0.5338,0.1044,5.8502,25,
0.4862,0.0531,2.4445,57,
0.3618,0.0047,0.2652,14,
0.2050,0.0146,14.3835,6,
0.0344,0.0012,8.2642,4,
0.5304,0.1066,5.8869,25,
0.4662,0.0383,2.1773,57,
0.3805,0.0033,2.9093,14,
0.0982,0.0060,5.3322,4,
0.0316,0.0004,3.6266,4,
0.1302,0.0233,12.5230,7,
0.3388,0.1002,8.7027,17,
0.4740,0.0415,2.1692,57,
0.3645,0.0096,1.4232,14,
0.1036,0.0106,7.5621,4,
0.0514,0.0046,14.5695,5,
0.5415,0.1060,5.6915,24,
0.4779,0.0457,2.1954,57,
0.3666,0.0030,0.2142,14,
0.1039,0.0058,4.2631,4,
0.0344,0.0007,5.0888,4,
0.1302,0.0209,12.7320,7,
0.3275,0.0931,9.2844,17,
0.4877,0.0475,2.0088,58,
0.3667,0.0041,0.2987,14,
0.1281,0.0416,14.5819,4,
0.0876,0.0020,7.6835,5,
0.5416,0.0881,5.8061,25,
0.4971,0.0543,2.1764,58,
0.3612,0.0020,0.4792,14,
0.1330,0.0342,12.2801,4,
0.0340,0.0004,2.6145,4,
0.5291,0.1244,5.6299,24,
0.4738,0.0363,2.0028,57,
0.3749,0.0062,0.7169,14,
0.3196,0.0490,5.1323,7,
0.0858,0.0040,5.0265,5,
0.5369,0.0894,5.8585,24,
0.4846,0.0515,2.2186,58,
0.3668,0.0022,0.1750,14,
0.1720,0.0508,10.9912,5,
0.0341,0.0007,5.1885,4,
0.5303,0.1165,5.7116,25,
0.4797,0.0445,1.9387,58,
0.3845,0.0053,0.4186,14,
0.3225,0.1759,7.3962,10,
0.0733,0.0064,10.2979,5,
0.5447,0.0899,5.7748,24,
0.4909,0.0561,2.2227,58,
0.3662,0.0031,0.2355,14,
0.2875,0.0420,6.3680,7,
0.0783,0.0016,3.8829,6,
0.5261,0.1125,6.0218,24,
0.4699,0.0388,2.7190,56,
0.3641,0.0048,0.2746,14,
0.3272,0.1593,7.4312,10,
0.0821,0.0005,0.9004,5,
0.5388,0.0865,5.7763,24,
0.4920,0.0542,2.1027,58,
0.3752,0.0032,0.1913,14,
0.1678,0.1031,12.6692,6,
0.0338,0.0004,3.1726,4,
0.1342,0.0142,11.0735,7,
0.3285,0.1074,9.2942,17,
0.4759,0.0414,2.5369,57,
0.3662,0.0037,0.2739,14,
0.2077,0.1077,10.9601,7,
0.0347,0.0007,9.0107,4,
0.5309,0.1075,5.8505,25,
0.4937,0.0495,2.3731,57,
0.3573,0.0026,0.1932,14,
0.2614,0.0872,9.2847,8,
0.0634,0.0011,3.6502,4,
0.5341,0.1164,5.6382,24,
0.4839,0.0476,2.0983,58,
0.3735,0.0024,0.1769,14,
0.3355,0.1718,7.1488,10,
0.0960,0.0077,7.0616,5,
0.5322,0.0943,5.8583,25,
0.4874,0.0544,2.0497,58,
0.3859,0.0050,0.3659,14,
0.2576,0.0478,10.0376,7,
0.1311,0.0239,14.1565,7,
0.3431,0.1065,8.7415,17,
0.4734,0.0418,2.5054,57,
0.3365,0.0026,0.2142,13,
0.1753,0.1041,12.2337,6,
0.0337,0.0002,1.3753,4,
0.2237,0.0428,6.3483,8,
0.3317,0.1087,9.1509,17,
0.4694,0.0357,2.1935,57,
0.3657,0.0029,0.2849,14,
0.2880,0.1344,8.4765,9,
0.0331,0.0028,27.2053,4,
0.1318,0.0172,10.0786,7,
0.3406,0.1025,8.6556,18,
0.4714,0.0384,2.3106,57,
0.3423,0.0032,0.2946,13,
0.2526,0.1303,9.2066,8,
0.0663,0.0008,4.3832,4,
0.1349,0.0230,14.4529,7,
0.3380,0.1079,9.0551,17,
0.4757,0.0389,2.0020,57,
0.3748,0.0065,1.2523,14,
0.2594,0.0884,8.9484,8,
0.0782,0.0022,3.4275,5,
0.5393,0.0945,5.8766,24,
0.4839,0.0468,2.2326,58,
0.3639,0.0034,0.2166,14,
0.2551,0.1217,9.1915,8,
0.0653,0.0018,4.3476,4,
0.5352,0.1053,5.6781,24,
0.4831,0.0476,2.0431,58,
0.3726,0.0023,0.2036,14,
0.2842,0.1354,8.4056,9,
0.0327,0.0004,3.3831,4,
0.5289,0.1048,5.9204,25,
0.4677,0.0372,1.9965,57,
0.3876,0.0018,0.5050,14,
0.2441,0.1166,9.4418,8,
0.0347,0.0012,8.1167,4,
0.5279,0.1059,5.8114,25,
0.4685,0.0378,2.1902,57,
0.3700,0.0023,0.1452,14,
0.3217,0.1711,7.3383,10,
0.0878,0.0035,7.1669,5,
0.5438,0.0885,5.7725,25,
0.4904,0.0470,2.0991,58,
0.3661,0.0022,0.2415,14,
0.2877,0.1300,8.2547,9,
0.0804,0.0015,32.9496,5,
0.5389,0.1092,5.6073,24,
0.4905,0.0502,2.0668,58,
0.3673,0.0031,0.2287,14,
0.2732,0.1357,8.8227,9,
0.0884,0.0026,6.3834,5,
0.5334,0.0988,5.7090,25,
0.4928,0.0491,2.3304,58,
0.3628,0.0061,1.6453,14,
0.2722,0.1344,8.6654,9,
0.0757,0.0046,7.0242,5,
0.5399,0.0910,5.8599,24,
0.4809,0.0455,2.5355,57,
0.3605,0.0021,0.2745,14,
0.3244,0.1680,7.1416,10,
0.0805,0.0050,6.6749,5,
0.5318,0.1035,5.9310,25,
0.4875,0.0508,2.2151,58,
0.3658,0.0030,0.2619,14,
0.3003,0.0849,7.8123,8,
0.0644,0.0009,2.2949,4,
0.5334,0.1150,5.6514,24,
0.4852,0.0509,2.0400,58,
0.3859,0.0031,3.5465,14,
0.2962,0.0810,7.8310,8,
0.0810,0.0046,5.9194,5,
0.5214,0.1178,6.0265,23,
0.4845,0.0485,2.1610,58,
0.3686,0.0036,0.2438,14,
0.1775,0.0983,11.7007,6,
0.0318,0.0004,3.6639,4,
0.1300,0.0240,13.0946,7,
0.3449,0.1166,8.7359,17,
0.4667,0.0355,3.0372,56,
0.3615,0.0033,0.2656,14,
0.1768,0.0992,12.1709,6,
0.1168,0.0153,10.3948,5,
0.5303,0.1144,5.9190,25,
0.4717,0.0403,2.1063,57,
0.3634,0.0026,0.2025,14,
0.2107,0.1001,11.0449,7,
0.0785,0.0019,5.8791,5,
0.5444,0.0971,5.7117,24,
0.4923,0.0478,1.8275,58,
0.3615,0.0033,0.2499,14,
0.1681,0.1042,12.5941,6,
0.0843,0.0049,6.1518,5,
0.5242,0.1127,5.9020,23,
0.4893,0.0410,2.4225,58,
0.3662,0.0041,0.2939,14,
0.2400,0.1254,9.6671,8,
0.0798,0.0010,24.6804,5,
0.5420,0.0872,5.8507,24,
0.4727,0.0244,5.0667,58,
0.3713,0.0041,0.2823,14,
0.2385,0.1291,9.6451,8,
0.0806,0.0035,4.7090,5,
0.5351,0.0819,5.9266,25,
0.4581,0.0353,2.6009,57,
0.2796,0.0011,0.1668,11,
0.3138,0.1843,7.4984,10,
0.0919,0.0132,11.2540,5,
0.5275,0.1087,5.9967,23,
0.4626,0.0426,2.8835,58,
0.1815,0.0906,11.6630,6,
0.0818,0.0009,5.9458,5,
0.5338,0.0860,5.8827,25,
0.4725,0.0404,3.5967,59,
0.1743,0.0103,8.6928,27,
0.0684,0.0201,41.8298,14,
0.1702,0.0992,12.7996,6,
0.0330,0.0002,1.3614,4,
0.1313,0.0222,12.4608,7,
0.3265,0.0971,9.3009,17,
0.4814,0.0307,6.2909,59,
0.4416,0.0209,1.6016,70,
0.2583,0.1241,8.9698,8,
0.0806,0.0014,12.8209,5,
0.5399,0.0860,5.8389,24,
0.4801,0.0320,5.7772,59,
0.4107,0.0213,1.4961,65,
0.2134,0.1097,10.8227,7,
0.0644,0.0010,2.6443,4,
0.2066,0.0482,7.7831,8,
0.3381,0.0982,8.9669,17,
0.4717,0.0341,4.9534,59,
0.4374,0.0215,1.4663,71,
0.2797,0.1423,8.6120,9,
0.0330,0.0005,3.6691,4,
0.5282,0.0988,5.8930,25,
0.4786,0.0452,4.4292,60,
0.4735,0.0886,2.7932,74,
0.3175,0.1732,7.6251,10,
0.0844,0.0032,6.0794,5,
0.5423,0.0920,5.7263,25,
0.4783,0.0578,3.6714,60,
0.4072,0.0223,3.1986,77,
0.2220,0.0994,10.5058,7,
0.0865,0.0061,6.6498,5,
0.5293,0.1114,5.8935,25,
0.4806,0.0688,3.6033,60,
0.3769,0.0201,4.6157,80,
0.1725,0.1000,12.2144,6,
0.0472,0.0034,12.6153,5,
0.5229,0.1132,5.9614,23,
0.4862,0.0872,4.0153,60,
0.3382,0.0296,4.1799,79,
0.2305,0.0805,9.9479,7,
0.0795,0.0014,1.7641,5,
0.5418,0.1039,5.6829,24,
0.4858,0.1011,3.9561,61,
0.3493,0.0297,4.9469,79,
0.1735,0.1075,12.1858,6,
0.0343,0.0004,3.1672,4,
0.5308,0.1184,5.7077,24,
0.5607,0.2242,4.0394,70,
0.1347,0.0274,30.0293,48,
0.2076,0.1065,11.1563,7,
0.0825,0.0031,6.0228,5,
0.5429,0.0862,5.7986,24,
0.4847,0.1259,4.1819,61,
0.0480,0.0158,51.4990,14,
0.2048,0.1341,10.8921,7,
0.0878,0.0030,4.3964,5,
0.5295,0.0933,5.8392,25,
0.5624,0.1834,4.0501,74,
0.0295,0.0039,45.3617,7,
0.1204,0.0152,9.7012,5,
0.5336,0.1062,5.8419,25,
0.5524,0.1824,4.0930,72,
0.0891,0.0006,2.6146,4,
0.0866,0.0062,7.4994,5,
0.5251,0.1076,6.0182,23,
0.5542,0.1786,4.0761,71,
0.0828,0.0007,0.8623,4,
0.1445,0.0354,11.0396,4,
0.0331,0.0007,5.5220,4,
0.5352,0.1099,5.5266,24,
0.5537,0.2103,4.1210,69,
0.0642,0.0062,34.1344,22,
0.1001,0.0120,10.2087,5,
0.5237,0.1160,5.9126,25,
0.4721,0.1316,4.5856,58,
0.1104,0.0054,24.3328,37,
0.1473,0.0394,11.5546,4,
0.0306,0.0027,26.6359,4,
0.5402,0.0807,5.7820,24,
0.4715,0.1219,4.6832,57,
0.0937,0.0077,23.6172,41,
0.1167,0.0150,9.7431,5,
0.5314,0.1168,5.7730,25,
0.4550,0.1297,4.9080,55,
0.0822,0.0397,32.6375,58,
0.0838,0.0031,4.3278,5,
0.5308,0.0937,5.9351,25,
0.4609,0.1229,4.7731,56,
0.0911,0.0276,31.7561,59,
0.0880,0.0058,6.0452,5,
0.5304,0.1041,5.9265,25,
0.4801,0.1468,4.6949,57,
0.0977,0.0293,33.3878,59,
0.0326,0.0002,1.3627,4,
0.1318,0.0215,12.9063,7,
0.3311,0.0992,9.2037,17,
0.4782,0.1197,4.5139,57,
0.1078,0.0282,33.2270,65,
0.0316,0.0004,3.6209,4,
0.5363,0.1233,5.5597,24,
0.4770,0.1448,4.5719,58,
0.0655,0.0290,45.6163,73,
0.0458,0.0021,8.0468,5,
0.5220,0.1048,5.9469,23,
0.5461,0.1615,4.0026,64,
0.2235,0.0029,1.9928,9,
0.0383,0.0068,84.0131,29,
0.0334,0.0004,3.2429,4,
0.1323,0.0209,12.5383,7,
0.3291,0.0996,9.1069,17,
0.5469,0.1631,3.9666,64,
0.2503,0.0022,0.9124,10,
0.0118,0.0061,232.0943,13,
0.3116,0.0105,6.5226,8,
0.0653,0.0003,3.1609,4,
0.1297,0.0111,12.4476,7,
0.3368,0.1063,9.1031,17,
0.5396,0.1574,4.0057,65,
0.2791,0.0028,0.3168,11,
0.3518,0.0149,0.9829,9,
0.1275,0.0163,9.2196,5,
0.5302,0.1077,5.9146,25,
0.5430,0.1543,4.0208,65,
0.2784,0.0018,0.2097,11,
0.4191,0.0359,1.9629,10,
0.0339,0.0005,5.4409,4,
0.1325,0.0207,15.1234,7,
0.3279,0.1046,9.2328,17,
0.5406,0.1573,4.0060,65,
0.2517,0.0016,0.2546,10,
0.4581,0.0390,1.6178,11,
0.0799,0.0011,9.0700,5,
0.5437,0.0869,5.8383,24,
0.5341,0.1500,4.0227,64,
0.2551,0.0021,0.3392,10,
0.4245,0.0333,1.5767,10,
0.0333,0.0004,3.3594,4,
0.5294,0.1700,5.8755,26,
0.5404,0.1487,3.9438,65,
0.2515,0.0012,0.1662,10,
0.4218,0.0672,2.9077,10,
0.0436,0.0009,4.1107,5,
0.5435,0.0871,5.7672,24,
0.5385,0.1446,4.0149,67,
0.1956,0.0015,0.3304,8,
0.0649,0.0019,27.4290,7,
0.1433,0.0253,11.9369,7,
0.3495,0.1016,8.6503,18,
0.5486,0.1504,4.0828,68,
0.1115,0.0003,0.3696,5,
0.0093,0.0042,228.4688,4,
0.0573,0.0008,2.7981,4,
0.0826,0.0200,19.0674,4,
0.3351,0.0264,1.9422,8,
0.0244,0.0011,14.4811,4,
0.0509,0.0073,20.0939,5,
0.0621,0.0035,19.4994,5,
0.0033,0.0013,701.4415,4,
0.0902,0.0128,12.2349,8,
0.2239,0.0514,6.8898,8,
0.3310,0.0975,9.1936,17,
0.5348,0.1522,4.1235,68,
0.7603,0.0023,0.0706,18,
0.0995,0.0149,11.3622,6,
0.0194,0.0017,50.0372,5,
0.0932,0.0396,24.8737,4,
0.0646,0.0089,24.2154,7,
0.0859,0.0106,10.8883,4,
0.3912,0.0385,2.2825,9,
0.0427,0.0028,12.9908,5,
0.0807,0.0103,12.4472,7,
0.0042,0.0012,578.3245,5,
0.0799,0.0013,18.9108,8,
0.5337,0.0895,5.7801,24,
0.4305,0.0538,6.5248,53,
0.0466,0.0249,45.1073,10,
0.9825,0.0049,0.5246,25,
0.1423,0.0024,2.4945,6,
0.1521,0.0561,12.9744,8,
0.0125,0.0007,52.7309,5,
0.1039,0.0229,23.6069,4,
0.0701,0.0072,41.7358,8,
0.0232,0.0013,50.5480,5,
0.0912,0.0035,4.0231,7,
0.0082,0.0014,150.7594,4,
0.0146,0.0003,20.5072,5,
0.0791,0.0027,3.9439,8,
0.5284,0.0930,5.7925,24,
0.4264,0.0656,5.8049,54,
0.0407,0.0151,46.7838,8,
1.0911,0.0030,0.0559,26,
0.1385,0.0018,12.4923,6,
0.1487,0.0549,13.0716,8,
0.0089,0.0003,225.5378,4,
0.0959,0.0376,23.2436,4,
0.0702,0.0114,37.6746,8,
0.0326,0.0038,31.5485,5,
0.0906,0.0025,2.5139,7,
0.3369,0.0658,4.6358,17,
0.1451,0.0420,11.7225,9,
0.1094,0.0251,14.3931,6,
0.3395,0.0933,8.8683,17,
0.5119,0.1534,4.2493,60,
1.0070,0.0081,0.0706,25,
0.3770,0.0387,5.6037,14,
0.0174,0.0031,69.6433,5,
0.0924,0.0365,21.2846,4,
0.0790,0.0093,25.6899,8,
0.0260,0.0015,23.0694,5,
0.0757,0.0041,5.5672,6,
0.2441,0.0083,1.5574,11,
0.0041,0.0024,552.0412,5,
0.0777,0.0020,2.7397,8,
0.5397,0.0849,5.7426,24,
0.4299,0.0569,6.5310,53,
0.0164,0.0036,89.3311,4,
1.0620,0.0065,0.5109,26,
0.1144,0.0026,3.7496,5,
0.1522,0.0328,9.5698,8,
0.0182,0.0022,49.8791,5,
0.0978,0.0458,21.7300,4,
0.0772,0.0077,32.3773,8,
0.0308,0.0025,23.0308,5,
0.0924,0.0070,6.6269,7,
0.0650,0.0021,23.3415,6,
0.0086,0.0009,99.8236,4,
0.0800,0.0008,1.7001,6,
0.0816,0.0051,6.4573,8,
0.1397,0.0261,11.4249,7,
0.3270,0.0933,9.3494,17,
0.4231,0.0596,5.5756,53,
1.0812,0.0023,0.0833,27,
0.1400,0.0044,2.0380,6,
0.1420,0.0426,12.8726,8,
0.0165,0.0028,69.6200,5,
0.0955,0.0160,26.1065,4,
0.0780,0.0089,28.6342,8,
0.0298,0.0045,36.6029,5,
0.0712,0.0056,8.6100,6,
0.0676,0.0024,14.5384,6,
0.0054,0.0025,378.6038,5,
0.0676,0.0005,0.9290,4,
0.0812,0.0054,6.8415,8,
0.5341,0.1040,5.8050,25,
0.4327,0.0662,5.8082,54,
0.0358,0.0070,41.4545,5,
1.1407,0.0036,0.0942,28,
0.1480,0.0027,2.0089,6,
0.1429,0.0360,11.5479,8,
0.0160,0.0025,67.9529,5,
0.0970,0.0237,25.0403,4,
0.0771,0.0069,27.9495,8,
0.0305,0.0045,77.0274,6,
0.0778,0.0018,3.7599,6,
0.0123,0.0014,190.3850,4,
0.0120,0.0033,134.2081,5,
0.0833,0.0012,1.4046,5,
0.1154,0.0304,14.0355,8,
0.1321,0.0248,11.7795,7,
0.3273,0.0961,9.3341,17,
0.4231,0.0636,5.7204,53,
0.0361,0.0078,42.7765,5,
1.1733,0.0035,0.0568,29,
0.1427,0.0032,1.6804,6,
0.1550,0.0358,10.0888,8,
0.0202,0.0027,50.0029,5,
0.0943,0.0500,21.1649,4,
0.0682,0.0088,44.0743,8,
0.0330,0.0009,8.4198,5,
0.0845,0.0075,9.1192,7,
0.0071,0.0007,374.0316,4,
0.0145,0.0018,89.2739,5,
0.0705,0.0011,1.8552,4,
0.0822,0.0042,7.1421,8,
0.5400,0.1077,5.5322,25,
0.4401,0.0679,5.8885,54,
0.0329,0.0065,43.3158,5,
1.0311,0.0038,0.0381,25,
0.1356,0.0019,10.4761,6,
0.1514,0.0337,10.0254,8,
0.0092,0.0001,0.0000,4,
0.1014,0.0578,20.8340,4,
0.0808,0.0098,31.2506,8,
0.0324,0.0041,29.7015,5,
0.0918,0.0007,1.7133,7,
0.0653,0.0034,24.3915,6,
0.0099,0.0019,146.8792,5,
0.0694,0.0011,1.9311,4,
0.0870,0.0104,12.2023,8,
0.5419,0.1039,5.3757,25,
0.5187,0.1530,4.3066,59,
1.0097,0.0048,0.0827,25,
0.1368,0.0025,1.9811,6,
0.1767,0.0392,8.6791,9,
0.0092,0.0001,0.0000,4,
0.0976,0.0256,24.5028,4,
0.0778,0.0095,37.8835,8,
0.0330,0.0007,5.4150,5,
0.0868,0.0068,7.2841,7,
0.2429,0.0087,1.4075,10,
0.0128,0.0018,75.3424,6,
0.0804,0.0030,5.4161,8,
0.5426,0.1037,5.4690,25,
0.4357,0.0690,6.3723,54,
0.0308,0.0098,58.1587,6,
1.0830,0.0058,0.1588,27,
0.4060,0.0485,5.7865,15,
0.0174,0.0031,69.6014,5,
0.0982,0.0207,25.0484,4,
0.0777,0.0100,29.0570,8,
0.0375,0.0020,10.5881,5,
0.0883,0.0077,7.6739,7,
0.0102,0.0026,221.3695,4,
0.0194,0.0011,26.3520,5,
0.0702,0.0006,1.7593,5,
0.0849,0.0040,16.0298,8,
0.5394,0.1169,5.6621,25,
0.4435,0.0648,6.3329,54,
0.0365,0.0105,47.3077,6,
0.8851,0.0088,0.0997,21,
0.4095,0.0550,4.9674,15,
0.0166,0.0028,69.5293,5,
0.1112,0.0359,20.3293,4,
0.0770,0.0110,33.7047,8,
0.0357,0.0046,30.6608,5,
0.0883,0.0094,9.7975,7,
0.0093,0.0001,0.0000,4,
0.0076,0.0013,272.7778,5,
0.0859,0.0016,1.7773,5,
0.0801,0.0036,4.7365,8,
0.1431,0.0266,11.9181,7,
0.3191,0.0903,9.5753,17,
0.4333,0.0664,5.8232,54,
0.0392,0.0120,45.1711,7,
1.1312,0.0036,0.0425,28,
0.1528,0.0038,2.0051,6,
0.1473,0.0327,10.1355,8,
0.0165,0.0027,69.3912,5,
0.0931,0.0472,22.7864,4,
0.0762,0.0070,25.6851,8,
0.0854,0.0071,8.1129,4,
0.0211,0.0026,46.3822,4,
0.0800,0.0182,20.7432,7,
0.2534,0.0097,1.3881,12,
0.0061,0.0035,349.5331,5,
0.1091,0.0272,14.4724,8,
0.5339,0.1102,5.4490,24,
0.4371,0.0661,6.6139,54,
0.0484,0.0080,23.5069,9,
0.0175,0.0073,214.9769,14,
1.1790,0.0047,0.1553,29,
0.1447,0.0036,2.0555,6,
0.1498,0.0332,10.1803,8,
0.0162,0.0018,48.3041,5,
0.0916,0.0273,25.6696,4,
0.1030,0.0099,13.6257,9,
0.0824,0.0100,11.4982,4,
0.0419,0.0025,56.5860,6,
0.0758,0.0233,25.7956,7,
0.0626,0.0060,32.7642,7,
0.0080,0.0017,185.4806,5,
0.0473,0.0004,1.3797,4,
0.1067,0.0279,15.2736,8,
0.1377,0.0227,12.5035,7,
0.3213,0.0985,9.2092,17,
0.5256,0.1915,4.4003,62,
0.0467,0.0079,47.1238,24,
0.9769,0.0032,0.0879,25,
0.1416,0.0019,1.7301,6,
0.1301,0.0232,9.7367,7,
0.0189,0.0030,81.5810,5,
0.0916,0.0527,22.1372,4,
0.0543,0.0079,47.8696,5,
0.0285,0.0021,22.2086,5,
0.0472,0.0005,1.9827,4,
0.0579,0.0025,34.9413,4,
0.0780,0.0066,8.2923,8,
0.5161,0.1068,5.9766,23,
0.5371,0.1780,4.3450,65,
0.0283,0.0070,117.8016,25,
0.2804,0.0019,0.5287,6,
0.0632,0.0077,14.8008,4,
0.0662,0.0007,2.3369,7,
0.5335,0.1074,5.5197,24,
0.5417,0.1777,4.2501,65,
0.0320,0.0080,145.6714,23,
0.0745,0.0064,10.2827,7,
0.5379,0.0992,5.7967,24,
0.5454,0.1750,4.1937,66,
0.0186,0.0096,143.5407,22,
0.0447,0.0011,5.7401,5,
0.5355,0.1088,5.5617,24,
0.5481,0.1709,4.1302,65,
0.0349,0.0065,92.0102,21,
0.0521,0.0006,1.8725,6,
0.5485,0.0929,5.6189,24,
0.5362,0.1496,4.0938,66,
0.0158,0.0075,145.2697,18,
0.0443,0.0009,3.9623,5,
0.1335,0.0218,14.6677,7,
0.3357,0.0940,8.9537,17,
0.5425,0.1490,4.0582,67,
0.0260,0.0099,92.5339,15,
0.0598,0.0046,11.2245,6,
0.5431,0.0983,5.5772,25,
0.5395,0.1398,4.0210,66,
0.0113,0.0082,192.4658,14,
0.0562,0.0023,21.5021,6,
0.2170,0.0265,4.6353,8,
0.3349,0.0998,9.1204,17,
0.5411,0.1749,4.1566,67,
0.0237,0.0065,119.8407,16,
0.1496,0.0017,6.2595,4,
0.0732,0.0065,9.4614,8,
0.1080,0.0187,12.5456,6,
0.3553,0.0707,8.7428,18,
0.5243,0.1807,4.3759,64,
0.0273,0.0068,121.2722,18,
0.0591,0.0014,3.4092,4,
0.0867,0.0017,8.9825,4,
0.0368,0.0043,24.0383,4,
0.0600,0.0013,18.4697,4,
0.0809,0.0033,5.2773,8,
0.5291,0.1071,5.8079,25,
0.5304,0.1812,4.4425,63,
0.0312,0.0045,93.1832,20,
0.5130,0.0039,0.2276,11,
0.0579,0.0069,15.4881,4,
0.0297,0.0015,16.5723,5,
0.0945,0.0131,18.7448,4,
0.0581,0.0133,44.9990,6,
0.0313,0.0013,24.6570,6,
0.0497,0.0105,29.5968,5,
0.0664,0.0053,14.3900,5,
0.0060,0.0015,353.3555,5,
0.0790,0.0020,4.4765,8,
0.5334,0.1004,5.8434,25,
0.5125,0.1791,4.5501,59,
0.0407,0.0079,102.0538,22,
1.0273,0.0028,0.0957,25,
0.1057,0.0017,1.3188,5,
0.1781,0.0408,8.7317,9,
0.0082,0.0000,0.0000,4,
0.1006,0.0292,23.2455,4,
0.0974,0.0116,21.0448,11,
0.0321,0.0023,66.5334,5,
0.1060,0.0067,4.7347,7,
0.0089,0.0016,325.3987,5,
0.0941,0.0022,1.9430,7,
0.1292,0.0274,12.3459,9,
0.5369,0.1100,5.8201,25,
0.3892,0.0206,3.6570,48,
0.0275,0.0062,139.2119,23,
1.6816,0.0089,0.0240,47,
0.4034,0.0365,7.5803,17,
0.0078,0.0007,89.7575,4,
0.1404,0.0207,16.8077,17,
0.0363,0.0007,4.8480,5,
0.0668,0.0012,7.8100,5,
0.0107,0.0016,247.7313,6,
0.0840,0.0023,2.7296,7,
0.0365,0.0017,11.9768,5,
0.0799,0.0041,6.2129,8,
0.1358,0.0230,10.4524,7,
0.3297,0.0923,9.2824,17,
0.3331,0.0300,2.7684,40,
0.0235,0.0079,165.6862,24,
1.9035,0.0167,0.0484,54,
0.3873,0.0549,5.3427,17,
0.0076,0.0004,330.6168,4,
0.1155,0.0231,22.9086,16,
0.0841,0.0049,5.8292,4,
0.0412,0.0040,18.2295,6,
0.0529,0.0006,38.1487,4,
0.1940,0.0114,7.8578,14,
0.1251,0.0124,18.5971,34,
0.0874,0.0042,4.6295,9,
0.5486,0.1088,5.5636,25,
0.2925,0.0267,2.9983,36,
1.8193,0.0108,0.0395,52,
0.4045,0.0426,7.1599,17,
0.0713,0.0060,9.1892,4,
0.0990,0.0120,9.3545,6,
0.0101,0.0004,98.0745,5,
0.1136,0.0254,24.1043,16,
0.0274,0.0036,35.9892,5,
0.0490,0.0022,7.4981,4,
0.1839,0.0063,5.7624,12,
0.1163,0.0161,19.0987,34,
0.0934,0.0048,5.8541,7,
0.5423,0.0965,5.6269,25,
0.2871,0.0306,3.3747,35,
1.7304,0.0153,0.0464,49,
0.3935,0.0603,5.8274,17,
0.0102,0.0004,104.9425,5,
0.1004,0.0320,25.3801,16,
0.0281,0.0040,37.2265,5,
0.0542,0.0017,4.5963,4,
0.1908,0.0140,12.3578,14,
0.1377,0.0383,15.3639,37,
0.0960,0.0026,19.5133,6,
0.1322,0.0256,10.1721,7,
0.3380,0.0836,8.7030,18,
0.2912,0.0286,3.2059,36,
1.6888,0.0119,0.0931,47,
0.3783,0.0476,6.3363,17,
0.0968,0.0074,5.8104,5,
0.0101,0.0005,80.8448,5,
0.1081,0.0340,24.8130,16,
0.0298,0.0034,28.6449,5,
0.0509,0.0123,31.9051,5,
0.1907,0.0120,7.5040,12,
0.1286,0.0352,17.3558,39,
0.0964,0.0076,7.8187,9,
0.5373,0.1654,5.8288,26,
0.2888,0.0253,3.0697,36,
1.4894,0.0193,0.0647,41,
0.3924,0.0565,5.8239,17,
0.0720,0.0020,3.1400,4,
0.0093,0.0004,115.0209,5,
0.1140,0.0257,22.9750,16,
0.0191,0.0026,52.0051,4,
0.0486,0.0011,4.1717,4,
0.1986,0.0107,3.0170,13,
0.0047,0.0027,494.7199,6,
0.0301,0.0007,5.7389,4,
0.0708,0.0054,11.2460,8,
0.5337,0.0932,5.8989,25,
0.3418,0.0336,2.8161,41,
0.0859,0.0096,22.4325,33,
1.5058,0.0066,0.0585,41,
0.3964,0.0478,5.9866,17,
0.0736,0.0055,8.0545,4,
0.0078,0.0006,82.5159,4,
0.1938,0.0181,12.6239,18,
0.0276,0.0056,49.6498,5,
0.0935,0.0073,9.0960,6,
0.1151,0.0279,17.8492,38,
0.0984,0.0034,2.8385,8,
0.0358,0.0003,1.9468,5,
0.0786,0.0010,1.3260,8,
0.5202,0.1052,5.8192,25,
0.3665,0.0275,3.2171,45,
1.4809,0.0094,0.1621,40,
0.3928,0.0395,7.5501,16,
0.0075,0.0000,0.0000,4,
0.1124,0.0087,18.7996,11,
0.0269,0.0018,73.3273,5,
0.0805,0.0023,3.0221,6,
0.0066,0.0045,325.5073,6,
0.0923,0.0026,2.4034,7,
0.0831,0.0060,6.8754,8,
0.5480,0.0925,5.6513,24,
0.4242,0.0350,7.1773,52,
0.0599,0.0048,11.9093,4,
0.0388,0.0066,74.5348,32,
1.3007,0.0067,0.0520,34,
0.1099,0.0005,2.4419,5,
0.2003,0.0467,8.2088,10,
0.0143,0.0012,168.8698,4,
0.0894,0.0424,22.7078,4,
0.0602,0.0127,41.4587,6,
0.0835,0.0097,10.7690,4,
0.0272,0.0017,21.4801,5,
0.0871,0.0121,12.5366,8,
0.1311,0.0227,11.4987,7,
0.3346,0.0958,9.1071,17,
0.5230,0.1884,4.4164,62,
0.0310,0.0064,112.3222,32,
0.0574,0.0035,9.0421,6,
0.5452,0.0895,5.6624,25,
0.4659,0.1185,4.5616,57,
0.0424,0.0060,69.7672,32,
0.0408,0.0040,18.1928,5,
0.5416,0.1051,5.7979,25,
0.4677,0.1165,4.5299,57,
0.0297,0.0087,123.9308,31,
0.0504,0.0053,15.7474,6,
0.5438,0.1217,5.6499,25,
0.5097,0.1843,4.4453,59,
0.0390,0.0087,67.4580,32,
0.0676,0.0032,6.4903,7,
0.1333,0.0230,13.1081,7,
0.3355,0.0854,9.1177,17,
0.5130,0.1741,4.5028,59,
0.0253,0.0092,134.0494,33,
0.3921,0.0042,0.7517,8,
0.0225,0.0038,87.3370,4,
0.0386,0.0056,40.1951,4,
0.0260,0.0016,18.3128,4,
0.0471,0.0031,10.6376,4,
0.0810,0.0056,7.0678,8,
0.2102,0.0478,7.2787,8,
0.3265,0.1061,9.2767,17,
0.4687,0.1202,4.5246,58,
0.0411,0.0068,61.9803,34,
0.8445,0.0028,0.1179,21,
0.1086,0.0026,1.8053,5,
0.1063,0.0190,12.3222,6,
0.0154,0.0011,91.4253,5,
0.0932,0.0296,26.0596,4,
0.0731,0.0087,20.9174,8,
0.0303,0.0046,81.0869,6,
0.0736,0.0068,9.9753,6,
0.0038,0.0011,459.8729,4,
0.0806,0.0053,6.9619,8,
0.1365,0.0241,14.7000,7,
0.3487,0.0762,8.7695,18,
0.4238,0.0481,6.7731,53,
0.0206,0.0064,151.0409,33,
1.3566,0.0051,0.0365,36,
0.4370,0.0592,3.8933,16,
0.0107,0.0001,0.0000,5,
0.1011,0.0159,11.2404,4,
0.1263,0.0093,11.4936,12,
0.0298,0.0031,31.0937,5,
0.0794,0.0026,12.0270,6,
0.1169,0.0168,18.4469,39,
0.0979,0.0015,1.3710,8,
0.1078,0.0255,14.4080,9,
0.1290,0.0329,13.2491,7,
0.3469,0.0836,8.5462,18,
0.3817,0.0236,3.3215,47,
1.5997,0.0096,0.1013,44,
0.4178,0.0641,5.3993,18,
0.0725,0.0057,9.5551,4,
0.0105,0.0006,73.8946,5,
0.1143,0.0257,22.5459,17,
0.0833,0.0072,8.0568,4,
0.1564,0.0175,5.5379,9,
0.0316,0.0022,24.7576,5,
0.0585,0.0089,18.3076,5,
0.1884,0.0068,3.5242,13,
0.1108,0.0242,20.0802,38,
0.0729,0.0010,2.2816,7,
0.1654,0.0186,10.5116,8,
0.3575,0.0980,8.2216,19,
0.2875,0.0278,3.1882,36,
1.7418,0.0164,0.0538,48,
0.3957,0.0461,7.0237,17,
0.0999,0.0051,4.9169,5,
0.3833,0.0291,5.7933,24,
0.1716,0.0111,2.8707,10,
0.0301,0.0107,64.8881,6,
0.2929,0.0094,1.0308,18,
0.1096,0.0124,19.5239,38,
0.0349,0.0008,5.6907,4,
0.1340,0.0105,19.7486,7,
0.3398,0.0928,8.5986,18,
0.2514,0.0257,3.5529,31,
0.0456,0.0064,31.4728,7,
1.7530,0.0079,0.0230,49,
0.3889,0.0671,5.4605,17,
0.1236,0.0105,5.3477,6,
0.3753,0.0297,5.9832,29,
0.1237,0.0101,5.2163,8,
0.0250,0.0012,16.1190,5,
0.0211,0.0031,55.3937,5,
0.1030,0.0099,21.8626,41,
0.1424,0.0022,0.8559,11,
0.0442,0.0028,12.3490,5,
0.1381,0.0282,11.5485,7,
0.3407,0.1113,8.4587,18,
0.2383,0.0241,3.6825,29,
0.0553,0.0130,29.3230,8,
1.6903,0.0116,0.0598,47,
0.4189,0.0439,4.1293,17,
0.1234,0.0067,3.9256,6,
0.3909,0.0274,6.6073,30,
0.1682,0.0207,5.2694,7,
0.0646,0.0088,15.3348,4,
0.0382,0.0061,31.5455,6,
0.2318,0.0103,1.9163,15,
0.0943,0.0093,22.3733,40,
0.0593,0.0035,7.8695,6,
0.5384,0.1010,5.2314,25,
0.2382,0.0266,3.4994,28,
1.9585,0.0103,0.0224,57,
0.3960,0.0639,5.4468,17,
0.1498,0.0152,5.4885,7,
0.3337,0.0300,5.9343,30,
0.3852,0.0689,6.2575,16,
0.0267,0.0020,29.2779,5,
0.2489,0.0232,2.9948,47,
0.1304,0.0006,1.3003,10,
0.0602,0.0031,6.6076,6,
0.1436,0.0248,8.7821,7,
0.3471,0.1018,8.5497,18,
0.2295,0.0277,3.9267,28,
2.0124,0.0027,0.0126,59,
0.4040,0.0537,6.6206,17,
0.1355,0.0183,7.2181,7,
0.3751,0.0269,5.9557,30,
0.2614,0.0368,4.0830,15,
0.0344,0.0008,8.9478,5,
0.0073,0.0016,254.1088,4,
0.1140,0.0068,20.7817,38,
0.1539,0.0040,1.4438,11,
0.0555,0.0065,15.5725,5,
0.1385,0.0269,10.1027,7,
0.3512,0.0747,8.3377,18,
0.2435,0.0270,3.8398,30,
1.9075,0.0181,0.0507,56,
0.3938,0.0481,6.7187,17,
0.2523,0.0224,6.0469,12,
0.0526,0.0009,5.8956,6,
0.1696,0.0365,14.9179,16,
0.2498,0.0562,6.5057,14,
0.0347,0.0022,26.7061,5,
0.3891,0.0088,0.8911,20,
0.1078,0.0079,15.8846,38,
0.5276,0.1026,5.7608,25,
0.2927,0.0344,3.3946,35,
2.1045,0.0144,0.0245,60,
0.3794,0.0379,5.6607,16,
0.0076,0.0006,84.8685,4,
0.1126,0.0233,22.6804,16,
0.2100,0.0279,4.9661,10,
0.0717,0.0106,15.5538,6,
0.0235,0.0054,84.1384,5,
0.0456,0.0075,25.3475,4,
0.1898,0.0027,1.1902,12,
0.1098,0.0080,20.1305,36,
0.0293,0.0027,23.2313,4,
0.0745,0.0013,12.6666,8,
0.5441,0.0772,5.3983,25,
0.3235,0.0276,2.6733,39,
1.8589,0.0059,0.0741,53,
0.3989,0.0461,6.4329,17,
0.1267,0.0108,5.3495,6,
0.0082,0.0000,0.0000,4,
0.1553,0.0129,9.2015,17,
0.1612,0.0653,12.5091,9,
0.0292,0.0020,20.3065,5,
0.0615,0.0112,21.1206,5,
0.2102,0.0072,1.4434,12,
0.1235,0.0138,18.3362,33,
0.0375,0.0010,6.9218,4,
0.0826,0.0034,12.6687,8,
0.5322,0.0959,5.4660,25,
0.3541,0.0252,2.8485,43,
1.7437,0.0111,0.0323,50,
0.3956,0.0490,4.9881,17,
0.1214,0.0136,6.7569,6,
0.0105,0.0005,71.2089,5,
0.2196,0.0129,5.6910,17,
0.0299,0.0034,27.8191,5,
0.0727,0.0023,3.8420,5,
0.1233,0.0130,18.0243,31,
0.1179,0.0040,2.1106,10,
0.0349,0.0005,4.5031,4,
0.0829,0.0051,7.2040,8,
0.5389,0.0899,5.4849,25,
0.3600,0.0241,3.0709,45,
1.6396,0.0047,0.8142,46,
0.4014,0.0459,6.0942,17,
0.0725,0.0088,12.5327,4,
0.0104,0.0001,11.4505,5,
0.1306,0.0146,7.3314,14,
0.0268,0.0022,102.5340,5,
0.0587,0.0038,9.1060,5,
0.1221,0.0070,17.8022,28,
0.0922,0.0024,2.3732,8,
0.0373,0.0007,4.0958,4,
0.0859,0.0094,11.4692,8,
0.5423,0.0913,5.3518,25,
0.3774,0.0238,3.9496,47,
1.5568,0.0036,0.0928,43,
0.4070,0.0451,6.9739,17,
0.0090,0.0003,225.9001,4,
0.0772,0.0062,8.8364,6,
0.1535,0.0123,7.2835,11,
0.0199,0.0019,128.5766,4,
0.0788,0.0027,3.5806,6,
0.0076,0.0013,250.5423,5,
0.0967,0.0009,0.9865,8,
0.0843,0.0061,7.1170,8,
0.5392,0.0903,5.6679,25,
0.4070,0.0293,3.3950,51,
0.0195,0.0083,133.2949,19,
1.4686,0.0104,0.0450,38,
0.4035,0.0357,6.1445,14,
0.0087,0.0005,57.3336,4,
0.1171,0.0110,6.1989,5,
0.0891,0.0087,34.0882,9,
0.0214,0.0018,31.7468,4,
0.0835,0.0123,17.5328,7,
0.1052,0.0028,1.8569,7,
0.0807,0.0019,12.0778,8,
0.5463,0.1001,5.3918,25,
0.4196,0.0296,3.4308,52,
0.0153,0.0083,159.2979,19,
1.3230,0.0042,0.0949,35,
0.4119,0.0430,6.8403,15,
0.0127,0.0015,72.9603,5,
0.1240,0.0037,2.6653,6,
0.0714,0.0073,39.8363,9,
0.0337,0.0027,26.6256,5,
0.0769,0.0017,3.5899,6,
0.0124,0.0011,68.4511,4,
0.0909,0.0023,2.3209,7,
0.1057,0.0184,13.3048,9,
0.5302,0.0902,5.8023,24,
0.4132,0.0231,4.6812,52,
0.0192,0.0109,124.1898,18,
1.1776,0.0093,0.0453,31,
0.3826,0.0810,6.0500,16,
0.0152,0.0013,46.7857,4,
0.0736,0.0029,4.3861,5,
0.0829,0.0103,20.3737,8,
0.0285,0.0035,34.0633,5,
0.0621,0.0013,3.6927,5,
0.1070,0.0057,12.1159,4,
0.0801,0.0013,6.5774,8,
0.5260,0.1091,5.6622,25,
0.4314,0.0330,6.8724,53,
0.0176,0.0069,174.7632,17,
1.1069,0.0110,0.0660,27,
0.1153,0.0016,2.9013,5,
0.1719,0.0411,9.2390,9,
0.0167,0.0014,92.5559,5,
0.0912,0.0023,5.7754,6,
0.0665,0.0141,34.0772,7,
0.0287,0.0027,25.4831,5,
0.0588,0.0054,12.8874,5,
0.0779,0.0037,5.7117,8,
0.5335,0.0969,5.6782,24,
0.4351,0.0564,6.7158,54,
0.0242,0.0119,100.8710,17,
1.1335,0.0061,0.1080,28,
0.1435,0.0029,3.6280,6,
0.1447,0.0359,11.2381,8,
0.0244,0.0019,32.3757,5,
0.1214,0.0130,7.4806,6,
0.0542,0.0109,40.8357,7,
0.0266,0.0018,74.3297,5,
0.0547,0.0036,11.9414,5,
0.0837,0.0057,6.7138,8,
0.1396,0.0277,13.4772,7,
0.3236,0.0903,9.4011,17,
0.4418,0.0481,8.1251,54,
0.0209,0.0072,188.1023,15,
1.1658,0.0042,0.0381,28,
0.1204,0.0011,2.6720,5,
0.1546,0.0294,8.6755,8,
0.0199,0.0012,24.5283,5,
0.1532,0.0168,5.5470,5,
0.0626,0.0127,34.4914,7,
0.0253,0.0036,67.6739,5,
0.0580,0.0047,12.7071,5,
0.1650,0.0401,10.1439,9,
0.5281,0.0954,5.9112,24,
0.4345,0.0592,5.9584,54,
0.0248,0.0063,88.8470,11,
1.1252,0.0032,0.0481,28,
0.1149,0.0010,0.6217,5,
0.1565,0.0273,8.0666,8,
0.0126,0.0007,43.4888,4,
0.1842,0.0146,3.3571,6,
0.0628,0.0133,34.7288,7,
0.0344,0.0007,5.1174,5,
0.0435,0.0010,4.2837,4,
0.0827,0.0025,11.6607,8,
0.5444,0.0892,5.4356,24,
0.5445,0.1635,4.2828,63,
0.0552,0.0025,13.9827,6,
0.6668,0.0019,0.1519,16,
0.0836,0.0128,13.4063,5,
0.0991,0.0052,4.2549,4,
0.0469,0.0028,12.0274,4,
0.0241,0.0004,5.7252,4,
0.0828,0.0059,7.5859,8,
0.5309,0.1063,5.8360,25,
0.5534,0.1569,4.0652,71,
0.3880,0.0027,1.0197,8,
0.0572,0.0099,21.3877,4,
0.1382,0.0374,12.4311,8,
0.5578,0.0972,5.2060,25,
0.5376,0.1570,4.1715,70,
0.3355,0.0025,0.2039,7,
0.0619,0.0107,19.9377,4,
0.0704,0.0031,5.0977,4,
0.0412,0.0048,28.7416,4,
0.0206,0.0007,12.8952,4,
0.0750,0.0051,7.0829,8,
0.5441,0.0918,5.6298,24,
0.5384,0.1616,4.1754,70,
0.0871,0.0248,19.8017,5,
0.0197,0.0011,36.0825,4,
0.0688,0.0014,3.4871,4,
0.0466,0.0117,49.7906,7,
0.0340,0.0017,12.6029,5,
0.0436,0.0014,6.0370,4,
0.0865,0.0102,10.6097,8,
0.5440,0.0950,5.4155,25,
0.4397,0.0468,7.5841,54,
0.0244,0.0042,83.6203,11,
1.1431,0.0073,0.0518,30,
0.3950,0.0423,5.7223,16,
0.0115,0.0006,38.5048,5,
0.0966,0.0111,19.6118,11,
0.0803,0.0203,20.1283,4,
0.0295,0.0026,31.4744,5,
0.0855,0.0169,16.9036,7,
0.0050,0.0012,313.2913,5,
0.0942,0.0025,2.2431,7,
0.0807,0.0019,33.0404,8,
0.1535,0.0285,12.4684,7,
0.3284,0.0931,9.3241,17,
0.3997,0.0260,4.6560,49,
0.0202,0.0081,154.6319,15,
1.5087,0.0058,0.0429,42,
0.3887,0.0547,6.3857,17,
0.0105,0.0004,95.3582,5,
0.1537,0.0095,13.2340,12,
0.0823,0.0063,7.9252,4,
0.0481,0.0054,18.8206,5,
0.0723,0.0059,9.0696,6,
0.0082,0.0032,256.3397,6,
0.1016,0.0037,2.9008,8,
0.0812,0.0051,7.7118,8,
0.5291,0.1416,5.9244,26,
0.4042,0.0299,3.6977,49,
0.0290,0.0052,150.5791,15,
1.3981,0.0044,0.1428,39,
0.1527,0.0073,2.6342,4,
0.3765,0.0456,7.3487,16,
0.0080,0.0001,0.0000,4,
0.0989,0.0254,24.4019,4,
0.1369,0.0089,12.7689,12,
0.0306,0.0036,41.7127,5,
0.0791,0.0163,23.8279,7,
0.0117,0.0010,53.1637,5,
0.0978,0.0019,1.5660,8,
0.0187,0.0011,39.6093,4,
0.0835,0.0041,6.4995,8,
0.5275,0.1128,5.5127,24,
0.3863,0.0268,4.4971,48,
0.0442,0.0077,43.6940,14,
1.5112,0.0040,0.0433,42,
0.3846,0.0535,6.4800,17,
0.0102,0.0001,0.0000,5,
0.1489,0.0092,17.1485,12,
0.0277,0.0012,49.2068,5,
0.0745,0.0048,6.4721,6,
0.0044,0.0014,618.5541,5,
0.0956,0.0031,2.8481,7,
0.0848,0.0055,6.6007,8,
0.5120,0.0978,6.0770,23,
0.4169,0.0225,6.6893,51,
0.0183,0.0065,135.3910,13,
1.2408,0.0047,0.1354,31,
0.4261,0.0490,4.5055,15,
0.0152,0.0012,46.7316,4,
0.1013,0.0273,24.1809,4,
0.0477,0.0106,48.7125,7,
0.0312,0.0035,27.6354,5,
0.0391,0.0035,19.8574,4,
0.1066,0.0270,14.9345,8,
0.5596,0.0878,5.3373,25,
0.5463,0.1559,4.1226,68,
0.7225,0.0027,0.1542,18,
0.0993,0.0142,11.5471,6,
0.0187,0.0007,15.3872,4,
0.0939,0.0036,21.6588,4,
0.0622,0.0073,24.4707,6,
0.0355,0.0031,18.2110,5,
0.0853,0.0040,12.5557,8,
0.5432,0.1050,5.6744,25,
0.5423,0.1559,4.1508,68,
0.5930,0.0033,0.0917,13,
0.0944,0.0205,15.6805,6,
0.0206,0.0007,13.2727,4,
0.0972,0.0610,20.3637,4,
0.0534,0.0083,48.3896,5,
0.0521,0.0058,15.8657,5,
0.0850,0.0087,10.2337,8,
0.1303,0.0229,12.2078,7,
0.3410,0.0990,9.0700,17,
0.5404,0.1561,4.1584,68,
0.6170,0.0041,0.1193,14,
0.0753,0.0139,18.1195,5,
0.0914,0.0386,22.9366,4,
0.0461,0.0044,37.5474,5,
0.0347,0.0003,5.6535,5,
0.0843,0.0058,8.1461,8,
0.5311,0.1002,5.8489,25,
0.5432,0.1580,4.1712,66,
0.8102,0.0059,0.1131,18,
0.0950,0.0261,17.9641,6,
0.0921,0.0233,26.0290,4,
0.0704,0.0069,18.2855,6,
0.0205,0.0051,76.3043,4,
0.0375,0.0033,18.0372,4,
0.0933,0.0190,14.7932,8,
0.1403,0.0285,15.8231,7,
0.3256,0.0983,9.3311,17,
0.5366,0.1575,4.2011,66,
0.6816,0.0022,0.0980,15,
0.0792,0.0116,14.5866,5,
0.0123,0.0022,105.2260,4,
0.0930,0.0297,26.1360,4,
0.0470,0.0045,33.4508,5,
0.0239,0.0152,84.7371,5,
0.0913,0.0164,14.0558,8,
0.1329,0.0268,14.2663,7,
0.3243,0.0965,9.2856,17,
0.5407,0.1547,4.1429,66,
0.6152,0.0039,2.5419,15,
0.0802,0.0083,10.6834,5,
0.0206,0.0036,97.5636,4,
0.0935,0.0484,22.0057,4,
0.0566,0.0008,4.0293,4,
0.0265,0.0008,10.3292,5,
0.0362,0.0072,39.4012,4,
0.0781,0.0040,7.6454,8,
0.5327,0.1143,5.8056,25,
0.5275,0.1575,4.2267,64,
0.6472,0.0013,0.0829,14,
0.0788,0.0179,19.6058,5,
0.0210,0.0014,42.4240,5,
0.0910,0.0523,22.9254,4,
0.0610,0.0069,36.0752,5,
0.0325,0.0010,7.2956,5,
0.0378,0.0046,23.6955,4,
0.0853,0.0083,8.8062,8,
0.1312,0.0268,13.2697,7,
0.3271,0.0981,9.3528,17,
0.5336,0.1555,4.1781,66,
0.3313,0.0017,0.4281,7,
0.0765,0.0143,17.3062,5,
0.0113,0.0037,189.9185,4,
0.0907,0.0219,26.8865,4,
0.0385,0.0070,58.7570,5,
0.0283,0.0160,73.5316,5,
0.0749,0.0057,8.0430,8,
0.5407,0.0858,5.6587,24,
0.5251,0.1545,4.2437,62,
0.5973,0.0027,0.1649,13,
0.0958,0.0293,18.9416,6,
0.0132,0.0053,186.6065,4,
0.0927,0.0089,8.2580,4,
0.0487,0.0062,51.9134,5,
0.0197,0.0022,46.2784,4,
0.0797,0.0025,4.8933,8,
0.5486,0.1107,5.6258,25,
0.5227,0.1534,4.2238,62,
0.6184,0.0028,0.1800,14,
0.0750,0.0101,14.2536,5,
0.0088,0.0051,224.5103,4,
0.0915,0.0203,17.6753,4,
0.0392,0.0053,53.3890,5,
0.0272,0.0018,72.2032,5,
0.0855,0.0036,5.9013,8,
0.5359,0.1074,5.7414,25,
0.4596,0.0803,5.1821,56,
0.0838,0.0006,4.1193,4,
0.8253,0.0035,2.2475,19,
0.1286,0.0522,15.2815,6,
0.0144,0.0018,83.0695,4,
0.0950,0.0442,20.8384,4,
0.0416,0.0057,51.4813,5,
0.0326,0.0006,8.5582,5,
0.0811,0.0024,6.4793,8,
0.5312,0.1011,5.8735,25,
0.4588,0.0537,4.2995,57,
0.1395,0.0013,0.6040,6,
0.5879,0.0039,0.1539,14,
0.0972,0.0228,16.0771,6,
0.0093,0.0041,229.4458,4,
0.0917,0.0416,24.4900,4,
0.0723,0.0044,12.7844,5,
0.0282,0.0057,49.3023,5,
0.0871,0.0090,9.2424,8,
0.5411,0.0918,5.7327,24,
0.4598,0.0244,7.7234,57,
0.2510,0.0036,0.5482,10,
0.7181,0.0025,0.1325,16,
0.1056,0.0293,21.4110,6,
0.0157,0.0009,32.7147,4,
0.0926,0.0553,21.7780,4,
0.0353,0.0056,62.8232,5,
0.0328,0.0026,31.0449,5,
0.0837,0.0054,7.7554,8,
0.5428,0.0919,5.6343,24,
0.4698,0.0404,2.5492,58,
0.2830,0.0041,0.5255,11,
0.6548,0.0027,0.1179,15,
0.0974,0.0248,16.9841,6,
0.0246,0.0058,85.2600,4,
0.0946,0.0368,24.9678,4,
0.0583,0.0067,41.4642,5,
0.0366,0.0002,1.5269,5,
0.0541,0.0040,12.0812,4,
0.0803,0.0070,8.6907,8,
0.5299,0.1117,5.6971,25,
0.4659,0.0331,2.2924,58,
0.2775,0.0062,0.7631,11,
0.6627,0.0022,0.7073,16,
0.0807,0.0173,18.6027,5,
0.0149,0.0022,93.4535,4,
0.0869,0.0380,25.4347,4,
0.0554,0.0058,40.0730,5,
0.0287,0.0044,39.2384,5,
0.0366,0.0058,34.2800,4,
0.0795,0.0051,7.6232,8,
0.1334,0.0211,10.7129,7,
0.3563,0.1047,8.0925,18,
0.4589,0.0283,2.6417,58,
0.2801,0.0046,0.5331,11,
0.5560,0.0028,0.5741,13,
0.0946,0.0215,16.9263,6,
0.0096,0.0054,218.4436,4,
0.0930,0.0401,23.3161,4,
0.0734,0.0029,7.1304,5,
0.0360,0.0012,73.5896,5,
0.0736,0.0061,9.0034,8,
0.5459,0.0885,5.6160,24,
0.4599,0.0240,2.8510,58,
0.2800,0.0034,0.4262,11,
0.5412,0.0042,0.1408,12,
0.0944,0.0181,14.3676,6,
0.0172,0.0066,112.3110,4,
0.0931,0.0220,26.2403,4,
0.0374,0.0104,61.7100,5,
0.0363,0.0053,30.8126,5,
0.0850,0.0020,9.3006,8,
0.5375,0.1010,5.7573,25,
0.4565,0.0276,3.0417,58,
0.3049,0.0058,0.6368,12,
0.8036,0.0046,0.2305,19,
0.0946,0.0187,14.6989,6,
0.0113,0.0042,196.4759,4,
0.0928,0.0450,22.4079,4,
0.0534,0.0038,29.8113,5,
0.0320,0.0024,34.3200,5,
0.0393,0.0026,14.5812,4,
0.0805,0.0020,2.7145,8,
0.5379,0.0854,5.6701,24,
0.4562,0.0240,2.7815,58,
0.2778,0.0037,0.5581,11,
0.7568,0.0048,0.1418,17,
0.0756,0.0090,13.0695,5,
0.0149,0.0033,141.9956,4,
0.0951,0.0508,21.8023,4,
0.0563,0.0057,37.3230,5,
0.0295,0.0031,27.5714,5,
0.0392,0.0137,47.6275,4,
0.0836,0.0068,7.7578,8,
0.1329,0.0299,13.2546,7,
0.3272,0.0935,9.3997,17,
0.4710,0.0379,2.3128,58,
0.2791,0.0016,0.5159,11,
0.7172,0.0055,0.1284,16,
0.0751,0.0122,16.6494,5,
0.0453,0.0044,40.6292,5,
0.0278,0.0033,33.0840,5,
0.0813,0.0050,7.2019,8,
0.5297,0.1092,5.7213,25,
0.4661,0.0301,2.2420,58,
0.2928,0.0048,0.5164,11,
0.7654,0.0020,0.0819,18,
0.0839,0.0130,14.3644,5,
0.0186,0.0020,63.6145,4,
0.0928,0.0269,25.8743,4,
0.0429,0.0080,56.1070,6,
0.0431,0.0046,18.1163,5,
0.0654,0.0006,1.7162,7,
0.1296,0.0181,10.8855,7,
0.3525,0.0880,8.5585,18,
0.4576,0.0241,2.4409,58,
0.2849,0.0029,0.3833,11,
0.7112,0.0019,0.0922,16,
0.0985,0.0301,17.9176,6,
0.0176,0.0023,78.6231,4,
0.0906,0.0323,25.7409,4,
0.0583,0.0073,43.1364,5,
0.0287,0.0026,57.7862,5,
0.0393,0.0029,15.1215,4,
0.0800,0.0018,15.5180,8,
0.5317,0.1217,5.7675,25,
0.4522,0.0230,2.7390,56,
0.2720,0.0067,0.8323,11,
0.5445,0.0035,0.3273,12,
0.0944,0.0195,15.2079,6,
0.0113,0.0042,195.2508,4,
0.0924,0.0536,22.2159,4,
0.0602,0.0071,42.8221,5,
0.0262,0.0006,7.2425,4,
0.0385,0.0037,19.4271,4,
0.0828,0.0067,7.8536,8,
0.1291,0.0248,12.4197,7,
0.3418,0.1064,8.9390,17,
0.4430,0.0201,2.5752,56,
0.2801,0.0019,0.3942,11,
0.5494,0.0033,0.1714,12,
0.1201,0.0494,16.4380,6,
0.0104,0.0038,202.3378,4,
0.0945,0.0284,24.4474,4,
0.0444,0.0064,52.5164,6,
0.0306,0.0023,22.2681,5,
0.0725,0.0086,12.7744,8,
0.1031,0.0108,8.7152,6,
0.3438,0.0706,8.9715,18,
0.4500,0.0239,2.1103,56,
0.2804,0.0053,0.6801,11,
0.7119,0.0048,0.0946,16,
0.0966,0.0316,19.1784,6,
0.0150,0.0043,162.9615,4,
0.0940,0.0218,26.0688,4,
0.0583,0.0058,28.9532,5,
0.0315,0.0003,2.2724,5,
0.0460,0.0014,5.7008,4,
0.0852,0.0087,9.4683,8,
0.1437,0.0234,12.8596,7,
0.3261,0.1034,9.3081,17,
0.4590,0.0315,2.2459,56,
0.2781,0.0017,0.3863,11,
0.6307,0.0028,0.3596,14,
0.0785,0.0111,14.2811,5,
0.0112,0.0037,189.5817,4,
0.0920,0.0541,22.1901,4,
0.0525,0.0028,20.0385,5,
0.0349,0.0035,25.1151,5,
0.0405,0.0003,4.6115,4,
0.0860,0.0108,11.1118,8,
0.5418,0.0928,5.7459,24,
0.4360,0.0191,2.3744,55,
0.2769,0.0044,0.5618,11,
0.7159,0.0012,0.7645,16,
0.0859,0.0281,21.1365,5,
0.0162,0.0011,34.4077,5,
0.1222,0.0098,9.0672,5,
0.0563,0.0060,42.1872,5,
0.0285,0.0036,35.2506,5,
0.0377,0.0128,49.8945,4,
0.0806,0.0061,7.4859,8,
0.1364,0.0258,12.7219,7,
0.3232,0.1012,9.3414,17,
0.4473,0.0252,2.4376,56,
0.2794,0.0044,0.5902,11,
0.7085,0.0021,0.0819,16,
0.0809,0.0183,18.8475,5,
0.0139,0.0016,134.1251,4,
0.1009,0.0201,24.1814,4,
0.0376,0.0051,54.6443,5,
0.0304,0.0038,30.6099,5,
0.0829,0.0075,8.9758,8,
0.5311,0.1099,5.7577,25,
0.4450,0.0238,2.2965,56,
0.2715,0.0020,0.4437,11,
0.6701,0.0053,0.1398,15,
0.0817,0.0133,14.9493,5,
0.0151,0.0028,116.6544,4,
0.0943,0.0487,23.6536,4,
0.0516,0.0064,47.2963,5,
0.0874,0.0079,8.2005,4,
0.0201,0.0032,59.0862,4,
0.0378,0.0027,15.0325,4,
0.0933,0.0171,13.8881,8,
0.1315,0.0173,10.1742,7,
0.3479,0.0877,8.7503,18,
0.4556,0.0279,2.0570,57,
0.2837,0.0049,0.6812,11,
0.6590,0.0037,0.1597,15,
0.1137,0.0431,17.0250,6,
0.0127,0.0005,24.0142,4,
0.0929,0.0360,24.3917,4,
0.0375,0.0103,60.0053,5,
0.0308,0.0033,32.2328,5,
0.0781,0.0020,7.0604,8,
0.5459,0.1060,5.6123,25,
0.4435,0.0226,2.5382,56,
0.2501,0.0032,0.5042,10,
0.6622,0.0062,0.1129,16,
0.0767,0.0155,18.4536,5,
0.0104,0.0047,207.5396,4,
0.0905,0.0250,26.4797,4,
0.0632,0.0078,26.8625,6,
0.0377,0.0014,26.1305,5,
0.1324,0.0347,12.5320,8,
0.5599,0.0969,5.0477,25,
0.4505,0.0275,2.0393,56,
0.2520,0.0023,0.4150,10,
0.6010,0.0023,2.5470,13,
0.0798,0.0236,21.7304,5,
0.0159,0.0032,128.4668,4,
0.0922,0.0497,22.7830,4,
0.0481,0.0064,28.8439,5,
0.0548,0.0051,13.4429,5,
0.0442,0.0022,9.4834,4,
0.0872,0.0113,11.6320,8,
0.1308,0.0293,13.7192,7,
0.3427,0.1028,8.8482,17,
0.4483,0.0240,2.0940,56,
0.2799,0.0032,0.4801,11,
0.7216,0.0040,0.0968,16,
0.1117,0.0018,1.2031,4,
0.0752,0.0121,16.5203,5,
0.0144,0.0023,110.2291,4,
0.0930,0.0128,14.5652,4,
0.0515,0.0016,7.0893,4,
0.0445,0.0066,26.5390,5,
0.0416,0.0016,7.1824,4,
0.1358,0.0370,12.5074,8,
0.1353,0.0178,9.0658,7,
0.3290,0.0951,9.3868,17,
0.4488,0.0244,1.9934,56,
0.2524,0.0023,0.3522,10,
0.6178,0.0038,0.1378,14,
0.0774,0.0136,16.8852,5,
0.0149,0.0032,139.5562,4,
0.0919,0.0100,17.1689,4,
0.0592,0.0065,37.2585,5,
0.0819,0.0090,10.2961,4,
0.0336,0.0009,21.3741,5,
0.0595,0.0117,23.2777,4,
0.0857,0.0102,11.9846,8,
0.5422,0.1121,5.3208,25,
0.4472,0.0198,2.3586,56,
0.2507,0.0016,0.8145,10,
0.7149,0.0029,0.0908,17,
0.0769,0.0106,14.5095,5,
0.0112,0.0058,182.9058,4,
0.0934,0.0229,25.6723,4,
0.0563,0.0057,29.3016,5,
0.0294,0.0055,43.8651,5,
0.0425,0.0120,43.2139,4,
0.0835,0.0065,8.8067,8,
0.1369,0.0250,11.3359,7,
0.3241,0.1068,9.3096,17,
0.4392,0.0204,2.4248,55,
0.2491,0.0014,0.3769,10,
0.6234,0.0014,0.1886,14,
0.0808,0.0128,14.9638,5,
0.0131,0.0026,136.7438,4,
0.1085,0.0490,18.7838,4,
0.0667,0.0026,26.6686,5,
0.0359,0.0038,24.1367,5,
0.1391,0.0371,12.2131,8,
0.5597,0.0825,5.3296,25,
0.4565,0.0328,2.1104,56,
0.2804,0.0033,0.4131,11,
0.6585,0.0031,0.1476,15,
0.0772,0.0118,14.1886,5,
0.0120,0.0031,181.6561,4,
0.0927,0.0205,26.4865,4,
0.0505,0.0062,35.8870,5,
0.0201,0.0017,34.9256,4,
0.0389,0.0026,15.0393,4,
0.1036,0.0269,15.1363,8,
0.5546,0.1067,5.1739,25,
0.4487,0.0260,2.2274,56,
0.2760,0.0062,0.7286,11,
0.6252,0.0015,0.1280,14,
0.0820,0.0104,11.4159,5,
0.0213,0.0004,6.8810,4,
0.0854,0.0228,28.7874,4,
0.0460,0.0042,40.6937,5,
0.0270,0.0017,21.7958,5,
0.0754,0.0060,8.9440,8,
0.5404,0.0907,5.6833,24,
0.4601,0.0301,1.8664,57,
0.2831,0.0037,0.4586,11,
0.5519,0.0035,0.1732,13,
0.0951,0.0179,13.8953,6,
0.0161,0.0024,98.3967,4,
0.0917,0.0323,25.6474,4,
0.0534,0.0080,46.6746,6,
0.0251,0.0040,51.2619,5,
0.0807,0.0050,6.4441,8,
0.5424,0.1070,5.3770,24,
0.4474,0.0242,2.1035,56,
0.2795,0.0049,0.7125,11,
0.7779,0.0041,0.2384,18,
0.0753,0.0150,18.4501,5,
0.0161,0.0014,49.4950,4,
0.0918,0.0063,5.8176,4,
0.0573,0.0054,30.9702,5,
0.0298,0.0026,24.0029,5,
0.0420,0.0041,19.0796,4,
0.0789,0.0037,4.5879,8,
0.1308,0.0255,11.5615,7,
0.3274,0.1011,9.3739,17,
0.4460,0.0222,1.9784,56,
0.2796,0.0016,0.3866,11,
0.6726,0.0039,0.2642,15,
0.1123,0.0018,1.5214,4,
0.0750,0.0140,18.0690,5,
0.0188,0.0021,58.5615,4,
0.0934,0.0310,25.6665,4,
0.0544,0.0071,47.5700,5,
0.0824,0.0052,6.1827,4,
0.0215,0.0027,43.3367,4,
0.0383,0.0016,8.8416,4,
0.0852,0.0052,6.7114,8,
0.5242,0.1048,5.8730,24,
0.4497,0.0208,2.1805,56,
0.2765,0.0015,0.3749,11,
0.6279,0.0021,0.0958,14,
0.0792,0.0185,19.7132,5,
0.0152,0.0029,125.1550,4,
0.0925,0.0224,25.9399,4,
0.0562,0.0030,37.8653,5,
0.0236,0.0110,89.9610,5,
0.0432,0.0014,8.7317,4,
0.0688,0.0010,6.4229,7,
0.1327,0.0169,13.6559,7,
0.3470,0.0759,8.8922,18,
0.4552,0.0307,1.9838,56,
0.2764,0.0028,0.4292,11,
0.8161,0.0027,0.0783,19,
0.0982,0.0265,17.2825,6,
0.0188,0.0010,57.8988,4,
0.0921,0.0175,27.1532,4,
0.0391,0.0053,56.1969,5,
0.0377,0.0035,23.0285,5,
0.0795,0.0029,3.5182,8,
0.5313,0.1107,5.8668,25,
0.4439,0.0217,2.3847,56,
0.2763,0.0043,0.6327,11,
0.7620,0.0053,0.0990,17,
0.0967,0.0205,15.4250,6,
0.0118,0.0027,127.9724,4,
0.1225,0.0115,8.3492,5,
0.0436,0.0054,53.2380,5,
0.0276,0.0019,48.1170,5,
0.0381,0.0111,45.7721,4,
0.0802,0.0047,5.9476,8,
0.5309,0.0992,5.9114,25,
0.4650,0.0312,2.0023,57,
0.2511,0.0016,6.5735,10,
0.6280,0.0045,0.1636,14,
0.0820,0.0114,12.4728,5,
0.0204,0.0006,12.7031,4,
0.0952,0.0542,22.1223,4,
0.0613,0.0076,40.4702,5,
0.0220,0.0017,28.7015,4,
0.0388,0.0026,15.1126,4,
0.0834,0.0073,9.0640,8,
0.1364,0.0278,12.5741,7,
0.3260,0.1001,9.3482,17,
0.4403,0.0201,2.3305,56,
0.2639,0.0018,0.3680,10,
0.7142,0.0043,0.1183,17,
0.0796,0.0150,17.1147,5,
0.0126,0.0005,24.0241,4,
0.0967,0.0276,23.4438,4,
0.0399,0.0053,56.7824,5,
0.0261,0.0028,35.2732,5,
0.0802,0.0026,4.8748,8,
0.5279,0.1006,5.9163,25,
0.4637,0.0329,1.9758,57,
0.2801,0.0056,0.7469,11,
0.6300,0.0037,0.1095,14,
0.0838,0.0180,17.8256,5,
0.0205,0.0032,117.0968,5,
0.0918,0.0390,24.4244,4,
0.0553,0.0082,47.6862,5,
0.0248,0.0006,8.3872,4,
0.0370,0.0065,35.8395,4,
0.0923,0.0170,14.4973,8,
0.1321,0.0265,15.7002,7,
0.3368,0.0919,8.9903,17,
0.4481,0.0266,2.1590,56,
0.2774,0.0044,0.6177,11,
0.5991,0.0035,0.1325,13,
0.1126,0.0014,1.0006,4,
0.0941,0.0153,12.8456,6,
0.0254,0.0027,88.6442,4,
0.1133,0.0482,18.4435,4,
0.0602,0.0072,43.2422,5,
0.0206,0.0011,21.1423,4,
0.0506,0.0020,6.5932,4,
0.0824,0.0073,8.9617,8,
0.1310,0.0130,10.3755,7,
0.3342,0.0975,8.9404,17,
0.4537,0.0307,2.0456,56,
0.2755,0.0068,0.8498,11,
0.5300,0.0027,0.1726,12,
0.0947,0.0238,17.1686,6,
0.2009,0.0012,0.4158,5,
0.0206,0.0033,109.8623,5,
0.0950,0.0221,25.1420,4,
0.0544,0.0067,47.4255,5,
0.0201,0.0019,49.1432,4,
0.0506,0.0045,13.3405,4,
0.0804,0.0058,7.1904,8,
0.5303,0.1063,5.9379,25,
0.4449,0.0218,2.2114,56,
0.2808,0.0053,0.7119,11,
0.8158,0.0043,0.2389,19,
0.0954,0.0233,16.8280,6,
0.2014,0.0251,4.7857,5,
0.0935,0.0315,25.4880,4,
0.0444,0.0045,40.9348,5,
0.0287,0.0044,39.0707,5,
0.0841,0.0020,18.0397,8,
0.5333,0.1040,5.7836,25,
0.4511,0.0234,2.4385,56,
0.2501,0.0016,0.4974,10,
0.7678,0.0054,0.1699,17,
0.0789,0.0164,18.4880,5,
0.0136,0.0022,83.3317,4,
0.1004,0.0622,19.5699,4,
0.0563,0.0078,45.9447,5,
0.0846,0.0033,27.3543,4,
0.0317,0.0052,37.7106,5,
0.0360,0.0089,45.2121,4,
0.0556,0.0022,20.3840,4,
0.0842,0.0052,6.1743,8,
0.5436,0.0549,5.8614,24,
0.4547,0.0253,2.1169,57,
0.2747,0.0012,0.2684,11,
0.6286,0.0028,0.4040,14,
0.0798,0.0134,15.6976,5,
0.0158,0.0030,130.9265,4,
0.0932,0.0476,22.5580,4,
0.0566,0.0090,46.9288,5,
0.0884,0.0176,15.6224,4,
0.0278,0.0122,73.7562,6,
0.0369,0.0027,16.6708,4,
0.1082,0.0292,14.9853,8,
0.5573,0.1005,5.0209,25,
0.4483,0.0246,2.2695,56,
0.2752,0.0043,0.5855,11,
0.7062,0.0023,0.3900,16,
0.0779,0.0161,18.0610,5,
0.0139,0.0046,177.0731,4,
0.0920,0.0266,26.2016,4,
0.0554,0.0071,40.9439,5,
0.0270,0.0152,74.7774,5,
0.0411,0.0039,19.3251,4,
0.0770,0.0004,6.2777,8,
0.5399,0.1042,5.4732,24,
0.4563,0.0306,2.1021,56,
0.2759,0.0032,0.4174,11,
0.6287,0.0025,0.0886,14,
0.0819,0.0122,13.1361,5,
0.0119,0.0007,46.1245,4,
0.0935,0.0377,24.6537,4,
0.0415,0.0070,54.7711,6,
0.0258,0.0069,64.4959,5,
0.0757,0.0036,5.3784,8,
0.5328,0.1059,5.8564,25,
0.4434,0.0213,2.5270,56,
0.2674,0.0015,0.5573,11,
0.7219,0.0032,0.1186,16,
0.0752,0.0136,17.4303,5,
0.0329,0.0010,7.9781,4,
0.0963,0.0614,20.4354,4,
0.0552,0.0079,43.6319,5,
0.0253,0.0127,84.8071,5,
0.0432,0.0003,1.6975,4,
0.0734,0.0033,14.1083,8,
0.5397,0.0868,5.8220,24,
0.4628,0.0323,1.9682,57,
0.2808,0.0053,0.6653,11,
0.6526,0.0049,0.1030,14,
0.0799,0.0150,17.2602,5,
0.0148,0.0030,144.5129,4,
0.0867,0.0375,26.0870,4,
0.0499,0.0075,30.2483,5,
0.0185,0.0033,67.8462,4,
0.0393,0.0034,16.6796,4,
0.0840,0.0058,7.2522,8,
0.1309,0.0253,13.3665,7,
0.3294,0.0923,9.3230,17,
0.4497,0.0221,2.1327,56,
0.2521,0.0015,0.4093,10,
0.7113,0.0036,2.1971,16,
0.0751,0.0106,14.6261,5,
0.0143,0.0023,160.6980,4,
0.0938,0.0074,11.3610,4,
0.0357,0.0075,64.6936,5,
0.0348,0.0034,29.6415,5,
0.0849,0.0032,7.2489,8,
0.5339,0.1043,5.7398,25,
0.4436,0.0204,2.2082,56,
0.2524,0.0016,1.4019,10,
0.6230,0.0025,0.0943,14,
0.0766,0.0158,18.6371,5,
0.0126,0.0062,161.3744,5,
0.0928,0.0253,25.1119,4,
0.0497,0.0043,32.0435,5,
0.0266,0.0091,72.6415,5,
0.0763,0.0051,7.8149,8,
0.5315,0.1145,5.7382,25,
0.4477,0.0211,2.4665,56,
0.2523,0.0015,0.8457,10,
0.6204,0.0022,0.9921,14,
0.0751,0.0095,13.8506,5,
0.0105,0.0073,182.1575,4,
0.0938,0.0522,22.2626,4,
0.0543,0.0067,45.6179,6,
0.0355,0.0017,10.8225,5,
0.0394,0.0036,19.0305,4,
0.0684,0.0012,3.2023,7,
0.5522,0.0950,5.3366,25,
0.4493,0.0235,2.0031,56,
0.2791,0.0049,0.6250,11,
0.7793,0.0030,0.1914,18,
0.0757,0.0116,15.4865,5,
0.0920,0.0064,5.9408,4,
0.0440,0.0059,46.0589,5,
0.0267,0.0020,61.7199,5,
0.0810,0.0014,1.9315,8,
0.5354,0.1066,5.7831,25,
0.4467,0.0208,2.3094,56,
0.2763,0.0012,1.0436,11,
0.6693,0.0016,0.1146,15,
0.0801,0.0046,5.7650,5,
0.0129,0.0032,164.7817,4,
0.0938,0.0373,23.9855,4,
0.0525,0.0064,39.9370,5,
0.0416,0.0031,17.6741,5,
0.0470,0.0003,1.4931,4,
0.0988,0.0210,14.5888,8,
0.1361,0.0144,9.2880,7,
0.3490,0.0707,8.9454,18,
0.4494,0.0254,2.1762,56,
0.2784,0.0024,0.4096,11,
0.6648,0.0041,0.3227,16,
0.0804,0.0103,13.1907,5,
0.0195,0.0016,44.8055,4,
0.0942,0.0444,22.1212,4,
0.0471,0.0067,50.7171,6,
0.0278,0.0041,37.9372,5,
0.0493,0.0015,5.1653,4,
0.0703,0.0104,16.8881,8,
0.5319,0.0869,5.8974,24,
0.4668,0.0358,2.0648,57,
0.2482,0.0021,0.5319,10,
0.6543,0.0031,0.6395,15,
0.0783,0.0188,20.1234,5,
0.0139,0.0031,149.8679,4,
0.0924,0.0568,21.7638,4,
0.0562,0.0079,45.9430,5,
0.0850,0.0062,7.3837,4,
0.0199,0.0008,29.4584,4,
0.0498,0.0034,11.2657,4,
0.0808,0.0027,3.9156,8,
0.5258,0.1114,5.8433,25,
0.4446,0.0235,2.2351,56,
0.2814,0.0032,0.4920,11,
0.6094,0.0026,0.2503,15,
0.0806,0.0140,15.8801,5,
0.0185,0.0004,9.3651,4,
0.0893,0.0236,27.3655,4,
0.0590,0.0024,24.5628,5,
0.0264,0.0005,7.8861,5,
0.0458,0.0024,9.5174,4,
0.1198,0.0320,13.6181,8,
0.5517,0.0897,5.5409,25,
0.4507,0.0275,2.3202,56,
0.2772,0.0031,0.9119,11,
0.5456,0.0034,0.1301,12,
0.0822,0.0197,18.9470,5,
0.0119,0.0021,105.0229,4,
0.0916,0.0313,25.0956,4,
0.0427,0.0049,42.3782,5,
0.0287,0.0002,2.2908,5,
0.0684,0.0157,24.0232,8,
0.5445,0.0875,5.5357,24,
0.4499,0.0263,2.1523,56,
0.2754,0.0072,0.9625,11,
0.5455,0.0037,0.1050,12,
0.0947,0.0234,16.8352,6,
0.0135,0.0056,171.9005,5,
0.0943,0.0075,6.7066,4,
0.0401,0.0054,54.2984,5,
0.0339,0.0010,8.1941,5,
0.0829,0.0041,9.5615,8,
0.5315,0.0929,5.8329,25,
0.4472,0.0212,2.7248,56,
0.2805,0.0019,0.3944,11,
0.7636,0.0027,0.3813,18,
0.0968,0.0213,14.7545,6,
0.0171,0.0029,103.2749,4,
0.0919,0.0426,23.9370,4,
0.0572,0.0008,2.2867,4,
0.0201,0.0019,49.1432,4,
0.0415,0.0007,3.1870,4,
0.0850,0.0060,6.5720,8,
0.1332,0.0232,13.0138,7,
0.3247,0.0966,9.3086,17,
0.4446,0.0193,2.2724,55,
0.2511,0.0014,1.0945,10,
0.9154,0.0069,0.0818,23,
0.0984,0.0220,15.1391,6,
0.0148,0.0049,164.9227,4,
0.0921,0.0149,15.2092,4,
0.0614,0.0072,41.5445,5,
0.0316,0.0028,34.7397,5,
0.0631,0.0054,11.8244,4,
0.0863,0.0107,11.6170,8,
0.2312,0.0396,5.8429,8,
0.3264,0.1050,9.3380,17,
0.4483,0.0224,2.4954,56,
0.2504,0.0012,1.4561,10,
0.6641,0.0019,0.4679,16,
0.0769,0.0134,16.2546,5,
0.0176,0.0019,62.5002,4,
0.0937,0.0522,21.6324,4,
0.0526,0.0023,11.3374,4,
0.0266,0.0057,52.8990,5,
0.0406,0.0010,5.0126,4,
0.0747,0.0056,8.3613,8,
0.5343,0.0942,5.7012,24,
0.4620,0.0306,2.0694,57,
0.2514,0.0014,0.5184,10,
0.5501,0.0020,0.2883,13,
0.0803,0.0090,11.5996,5,
0.0168,0.0043,145.5214,4,
0.0947,0.0338,25.3339,4,
0.0499,0.0069,31.0177,5,
0.0192,0.0021,48.4570,4,
0.0377,0.0082,40.3654,4,
0.1011,0.0236,14.9985,8,
0.1330,0.0248,13.0031,7,
0.3493,0.0857,8.5573,18,
0.4512,0.0264,1.9740,56,
0.2784,0.0024,0.4036,11,
0.7742,0.0038,0.5671,17,
0.0729,0.0091,14.0525,5,
0.0281,0.0003,3.9328,4,
0.0883,0.0292,25.2104,4,
0.0498,0.0043,36.1166,5,
0.0289,0.0023,21.7774,5,
0.0855,0.0064,7.2838,8,
0.5410,0.0897,5.7294,24,
0.4580,0.0264,2.0690,57,
0.2808,0.0094,1.0727,11,
0.6512,0.0045,0.3342,14,
0.0961,0.0265,17.5192,6,
0.0236,0.0056,84.1764,4,
0.0909,0.0355,26.1340,4,
0.0517,0.0063,25.6914,5,
0.0868,0.0126,22.0527,4,
0.0254,0.0009,12.0028,4,
0.0404,0.0023,11.8826,4,
0.1103,0.0273,14.2924,8,
0.5662,0.1010,5.0528,25,
0.4510,0.0268,2.0920,56,
0.2794,0.0066,0.8203,11,
0.5479,0.0030,0.0991,12,
0.0951,0.0227,16.6694,6,
0.0311,0.0073,54.9076,4,
0.0952,0.0071,25.8917,4,
0.0592,0.0069,38.0466,5,
0.0241,0.0018,61.0731,4,
0.0688,0.0134,20.2347,4,
0.0966,0.0199,14.4507,8,
0.5377,0.1088,5.5432,24,
0.4522,0.0271,2.1100,56,
0.2799,0.0042,0.6313,11,
0.5765,0.0036,1.9142,13,
0.0796,0.0168,18.5884,5,
0.0122,0.0058,169.4255,4,
0.0971,0.0312,23.5288,4,
0.0524,0.0049,47.8608,5,
0.0271,0.0017,21.7043,5,
0.0385,0.0042,21.4009,4,
0.0834,0.0029,4.7684,8,
0.5354,0.1135,5.9118,25,
0.4412,0.0236,2.2012,55,
0.2502,0.0013,0.4825,10,
0.6855,0.0049,0.1332,16,
0.0955,0.0239,16.9900,6,
0.0926,0.0445,23.2602,4,
0.0553,0.0012,3.5037,4,
0.0838,0.0059,6.6790,4,
0.0211,0.0013,41.4445,4,
0.0387,0.0023,12.7460,4,
0.1026,0.0249,15.3274,8,
0.1330,0.0272,14.1627,7,
0.3427,0.0875,8.8721,18,
0.4508,0.0260,1.9493,56,
0.2772,0.0050,0.6872,11,
0.6612,0.0019,0.3696,15,
0.1194,0.0528,16.7637,6,
0.0263,0.0010,15.3015,5,
0.0924,0.0126,11.5349,4,
0.0470,0.0049,39.8194,5,
0.0314,0.0021,83.6042,5,
0.0393,0.0158,49.5722,4,
0.0836,0.0084,10.4357,8,
0.1354,0.0295,13.1297,7,
0.3247,0.1048,9.3074,17,
0.4528,0.0249,2.3367,56,
0.2721,0.0016,1.0090,11,
0.7160,0.0036,0.1420,16,
0.0817,0.0134,14.9660,5,
0.0111,0.0048,204.8738,4,
0.0925,0.0462,22.2979,4,
0.0601,0.0032,40.8233,5,
0.0332,0.0008,6.7934,5,
0.0435,0.0003,1.8676,4,
0.0706,0.0116,17.6227,8,
0.5418,0.0871,5.5071,24,
0.4595,0.0244,2.3005,57,
0.2515,0.0018,0.6848,10,
0.6484,0.0049,0.1020,14,
0.0774,0.0138,16.2809,5,
0.0177,0.0045,133.9496,4,
0.0919,0.0503,23.1323,4,
0.0554,0.0084,47.2130,5,
0.0846,0.0099,10.8936,4,
0.0208,0.0034,57.9041,4,
0.0377,0.0078,40.0602,4,
0.0844,0.0091,10.1017,8,
0.2143,0.0516,7.4810,8,
0.3272,0.1021,9.3356,17,
0.4462,0.0242,2.1311,56,
0.2609,0.0018,0.6445,10,
0.7390,0.0032,0.0739,17,
0.0804,0.0118,14.1953,5,
0.0158,0.0030,131.5530,4,
0.0938,0.0281,25.7912,4,
0.0471,0.0073,33.9605,5,
0.0857,0.0073,8.1992,4,
0.0348,0.0052,37.7881,5,
0.1175,0.0318,14.0944,8,
0.5478,0.0929,5.3417,25,
0.4557,0.0266,1.9948,57,
0.2817,0.0046,0.5394,11,
0.6628,0.0019,0.1274,15,
0.0763,0.0155,18.9619,5,
0.0103,0.0018,162.1364,4,
0.0952,0.0240,24.9136,4,
0.0357,0.0083,66.1188,5,
0.0314,0.0029,61.8264,5,
0.0803,0.0038,6.3436,8,
0.5426,0.0930,5.7396,25,
0.4419,0.0220,2.3939,55,
0.2523,0.0015,12.4137,10,
0.6059,0.0032,0.1454,13,
0.0943,0.0112,9.4131,6,
0.0144,0.0028,128.2743,4,
0.0919,0.0598,21.1003,4,
0.0612,0.0069,37.6989,5,
0.0883,0.0076,7.7418,4,
0.0226,0.0022,36.4920,4,
0.0584,0.0062,14.1578,4,
0.0767,0.0020,10.6931,8,
0.1318,0.0267,13.0333,7,
0.3407,0.0968,9.0220,17,
0.4472,0.0249,2.0128,56,
0.2799,0.0032,0.4801,11,
0.4260,0.0021,0.8053,9,
0.0958,0.0201,15.0237,6,
0.0161,0.0019,68.2771,4,
0.0960,0.0306,24.7583,4,
0.0602,0.0057,28.4547,5,
0.0309,0.0049,38.2637,5,
0.0367,0.0075,39.0402,4,
0.0891,0.0093,10.5389,8,
0.1359,0.0287,13.4750,7,
0.3261,0.0961,9.3357,17,
0.4500,0.0219,2.2806,56,
0.2511,0.0027,0.6928,10,
0.7571,0.0051,0.1281,17,
0.0776,0.0100,12.4207,5,
0.0142,0.0070,140.2484,4,
0.0920,0.0459,23.0011,4,
0.0590,0.0028,31.6326,5,
0.0291,0.0028,28.5483,5,
0.0745,0.0064,8.7678,8,
0.5377,0.0907,5.7602,24,
0.4601,0.0286,1.9690,57,
0.2504,0.0016,1.8823,10,
0.5903,0.0026,0.0730,14,
0.0777,0.0153,17.7746,5,
0.0186,0.0018,47.7694,4,
0.0929,0.0455,23.8668,4,
0.0563,0.0013,3.7212,4,
0.0836,0.0036,18.2791,4,
0.0347,0.0027,20.0668,5,
0.0375,0.0027,15.8376,4,
0.0815,0.0036,4.2913,8,
0.1337,0.0273,13.2900,7,
0.3261,0.0975,9.3426,17,
0.4478,0.0238,2.3436,56,
0.2743,0.0038,0.6314,11,
0.6930,0.0041,0.0745,16,
0.0985,0.0252,16.3286,6,
0.0108,0.0030,161.5350,4,
0.0936,0.0408,24.3297,4,
0.0563,0.0075,45.2560,5,
0.0821,0.0033,4.3478,4,
0.0212,0.0026,68.0320,4,
0.0441,0.0003,1.7553,4,
0.0900,0.0130,12.9019,8,
0.1343,0.0282,13.6653,7,
0.3298,0.0951,9.2370,17,
0.4510,0.0221,2.1487,56,
0.2701,0.0050,0.7222,11,
0.7176,0.0021,0.1265,16,
0.0946,0.0166,12.8766,6,
0.0139,0.0047,176.8424,4,
0.0926,0.0570,21.4995,4,
0.0506,0.0071,30.7854,5,
0.0297,0.0025,24.6974,5,
0.1229,0.0336,13.5852,8,
0.5593,0.0825,5.4264,25,
0.4587,0.0328,2.0821,57,
0.2571,0.0013,5.1859,10,
0.7080,0.0058,0.1167,16,
0.0829,0.0179,17.2366,5,
0.0142,0.0017,76.0092,4,
0.0900,0.0270,27.0944,4,
0.0447,0.0092,51.7742,6,
0.0287,0.0027,25.4255,5,
0.0835,0.0033,24.9408,8,
0.5259,0.0902,5.9380,25,
0.4541,0.0236,1.9577,57,
0.2498,0.0014,0.4556,10,
0.5917,0.0024,0.2037,14,
0.0944,0.0197,15.1762,6,
0.0144,0.0028,128.2743,4,
0.0919,0.0436,24.1680,4,
0.0582,0.0075,44.5668,5,
0.0884,0.0087,9.1086,4,
0.0269,0.0004,8.4799,4,
0.0458,0.0016,6.5304,4,
0.0805,0.0059,7.2875,8,
0.1319,0.0171,9.5920,7,
0.3397,0.0984,8.9530,17,
0.4502,0.0209,2.3261,56,
0.2517,0.0048,0.7605,10,
0.6166,0.0055,0.1620,14,
0.1123,0.0034,2.2835,4,
0.0757,0.0155,19.1917,5,
0.0169,0.0032,124.4627,4,
0.1125,0.0669,17.7991,4,
0.0563,0.0084,46.9692,5,
0.0872,0.0099,10.2448,4,
0.0222,0.0028,46.3545,4,
0.0397,0.0029,14.8330,4,
0.0954,0.0194,14.7095,8,
0.5289,0.1102,5.5283,24,
0.4459,0.0248,2.3083,55,
0.2503,0.0013,0.3153,10,
0.8635,0.0081,0.0915,22,
0.1284,0.0514,15.3785,6,
0.0168,0.0011,29.8449,4,
0.0957,0.0294,24.5824,4,
0.0383,0.0122,59.2906,5,
0.0335,0.0012,10.3365,5,
0.0395,0.0023,12.3953,4,
0.0900,0.0117,11.2463,8,
0.5208,0.1108,5.8022,24,
0.4417,0.0216,2.2204,56,
0.2525,0.0013,0.3793,10,
0.6558,0.0028,0.3152,15,
0.0787,0.0150,17.3714,5,
0.0158,0.0024,101.4162,4,
0.0919,0.0468,22.4993,4,
0.0524,0.0073,46.3657,5,
0.0378,0.0014,8.4325,5,
0.0395,0.0026,13.3946,4,
0.1146,0.0289,13.7574,8,
0.5525,0.0956,5.1718,25,
0.4485,0.0245,2.0733,56,
0.2778,0.0058,0.7574,11,
0.6670,0.0046,0.1683,15,
0.0982,0.0112,25.9666,6,
0.0924,0.0304,26.4068,4,
0.0455,0.0052,48.7647,5,
0.0340,0.0018,11.7147,5,
0.0776,0.0025,3.2858,8,
0.5363,0.1163,5.7651,25,
0.4449,0.0247,2.3425,56,
0.2668,0.0044,0.6774,11,
0.6681,0.0018,0.1153,15,
0.0806,0.0146,16.3052,5,
0.0158,0.0027,107.3755,4,
0.0912,0.0323,24.5229,4,
0.0553,0.0070,46.9186,5,
0.0881,0.0073,7.3029,4,
0.0295,0.0033,28.4209,5,
0.0362,0.0078,41.3730,4,
0.0849,0.0104,11.2268,8,
0.5271,0.1131,5.6638,24,
0.4468,0.0210,2.2001,57,
0.2666,0.0063,0.7461,10,
0.7572,0.0062,0.1130,17,
0.1040,0.0091,7.7242,6,
0.0158,0.0039,156.4307,4,
0.0900,0.0549,22.0450,4,
0.0582,0.0077,45.1510,5,
0.0879,0.0059,6.3647,4,
0.0316,0.0029,24.4431,5,
0.0379,0.0027,15.8421,4,
0.0829,0.0072,8.8299,8,
0.1319,0.0220,11.8266,7,
0.3336,0.0978,9.0511,17,
0.4459,0.0252,2.0848,56,
0.2767,0.0055,0.7175,11,
0.7208,0.0048,0.1518,16,
0.0752,0.0114,15.6141,5,
0.0236,0.0051,78.0146,4,
0.0919,0.0330,26.1821,4,
0.0621,0.0068,37.8603,5,
0.0866,0.0058,6.5592,4,
0.0196,0.0031,58.4054,4,
0.0383,0.0031,16.4583,4,
0.1041,0.0261,15.0404,8,
0.1283,0.0185,11.9654,7,
0.3594,0.0891,8.3981,18,
0.4479,0.0259,2.0705,56,
0.2522,0.0017,0.8008,10,
0.5418,0.0038,0.1197,12,
0.0945,0.0203,15.6585,6,
0.0931,0.0433,23.7976,4,
0.0351,0.0056,58.4241,5,
0.0314,0.0029,25.6257,5,
0.0393,0.0012,6.2779,4,
0.0784,0.0052,6.7488,8,
0.5372,0.1260,5.8658,25,
0.4440,0.0210,2.3852,56,
0.2518,0.0014,0.4622,10,
0.6243,0.0029,0.4210,14,
0.0789,0.0169,18.7427,5,
0.0095,0.0038,214.2819,4,
0.0929,0.0388,22.8964,4,
0.0695,0.0018,24.7534,5,
0.0233,0.0066,87.0618,5,
0.0465,0.0019,6.8891,4,
0.0791,0.0038,4.9053,8,
0.5399,0.0919,5.7388,24,
0.4478,0.0220,2.0331,56,
0.2513,0.0028,0.5741,10,
0.7106,0.0030,0.2034,16,
0.0855,0.0217,19.0995,5,
0.0104,0.0048,205.2569,4,
0.0921,0.0325,25.6196,4,
0.0544,0.0070,47.6324,5,
0.0276,0.0015,22.3940,5,
0.0363,0.0098,47.1436,4,
0.0796,0.0049,7.3894,8,
0.5349,0.1053,5.6516,25,
0.4397,0.0200,2.3160,56,
0.2502,0.0030,0.7645,10,
0.6792,0.0024,2.0257,15,
0.0830,0.0152,16.3764,5,
0.0148,0.0022,99.3447,4,
0.0922,0.0223,26.2176,4,
0.0508,0.0026,14.9543,4,
0.0268,0.0045,44.1239,5,
0.0471,0.0005,11.4471,4,
0.1331,0.0357,12.7229,8,
0.1324,0.0182,10.4339,7,
0.3476,0.0799,8.9558,18,
0.4430,0.0229,2.0319,57,
0.2515,0.0016,0.5570,10,
0.7609,0.0030,0.0781,17,
0.0773,0.0131,15.6726,5,
0.0166,0.0014,47.9701,4,
0.1246,0.0521,17.8034,4,
0.0575,0.0075,44.4656,5,
0.0313,0.0042,38.1790,5,
0.0385,0.0032,18.3056,4,
0.0834,0.0073,8.7719,8,
0.1317,0.0239,11.6189,7,
0.3258,0.0982,9.4347,17,
0.4539,0.0280,1.9103,59,
0.2309,0.0014,0.3384,9,
0.4997,0.0033,0.1484,12,
0.0833,0.0186,18.2246,5,
0.0216,0.0052,100.1289,4,
0.0941,0.0333,24.4447,4,
0.0562,0.0076,41.1603,5,
0.0843,0.0040,4.8215,4,
0.0205,0.0024,51.7491,4,
0.0461,0.0010,4.0176,4,
0.0981,0.0225,15.6912,8,
0.5567,0.0968,5.1590,25,
0.4600,0.0252,2.5020,62,
0.2533,0.0022,0.7246,10,
0.5604,0.0051,0.1580,12,
0.0860,0.0150,14.5565,5,
0.0197,0.0034,120.6923,5,
0.0946,0.0279,25.2386,4,
0.0515,0.0070,49.7720,5,
0.0211,0.0021,38.2283,4,
0.0613,0.0071,14.5757,4,
0.0820,0.0052,6.8206,8,
0.5307,0.1135,5.5492,25,
0.4660,0.0356,4.2706,64,
0.2235,0.0039,0.7994,9,
0.5914,0.0043,0.2069,13,
0.0949,0.0210,15.8353,6,
0.0144,0.0028,120.2755,4,
0.0928,0.0171,26.9651,4,
0.0468,0.0030,17.6775,4,
0.0401,0.0028,16.1316,5,
0.0449,0.0006,2.4441,4,
0.1303,0.0333,12.5188,8,
0.1260,0.0136,11.6447,7,
0.3474,0.0826,8.9028,18,
0.4601,0.0384,6.0947,67,
0.2238,0.0016,0.5881,9,
0.7075,0.0031,0.0503,16,
0.0951,0.0246,17.2688,6,
0.0218,0.0011,25.6652,5,
0.1043,0.0606,19.3459,4,
0.0554,0.0073,46.9438,5,
0.0220,0.0026,65.5728,4,
0.0435,0.0013,6.1653,4,
0.0883,0.0105,11.7989,8,
0.1356,0.0262,12.3740,7,
0.3254,0.1054,9.3236,17,
0.5066,0.0536,4.9993,67,
0.1952,0.0048,1.0159,8,
0.7143,0.0023,0.2124,17,
0.0757,0.0124,16.3391,5,
0.0923,0.0318,24.3994,4,
0.0647,0.0043,35.7422,5,
0.0251,0.0025,32.1518,5,
0.0777,0.0055,7.2719,8,
0.5332,0.1024,5.9011,25,
0.2910,0.0196,2.0965,43,
0.1941,0.0014,0.9719,8,
0.6930,0.0044,0.1254,16,
0.0970,0.0194,14.7022,6,
0.0168,0.0022,77.7825,4,
0.0919,0.0356,25.2007,4,
0.0572,0.0078,45.3677,5,
0.0247,0.0011,14.3169,4,
0.0379,0.0024,13.1838,4,
0.1197,0.0307,13.5357,8,
0.5562,0.0815,5.3878,25,
0.0544,0.0014,5.2888,7,
0.1644,0.0013,0.5157,7,
0.7092,0.0040,0.1309,16,
0.0989,0.0291,17.8357,6,
0.0135,0.0015,61.8220,4,
0.1236,0.0216,20.7976,5,
0.0496,0.0064,49.5955,5,
0.0285,0.0027,25.5840,5,
0.0458,0.0021,7.9231,4,
0.0843,0.0046,9.5683,8,
0.5367,0.0847,5.5618,25,
0.0679,0.0018,5.4083,9,
0.1413,0.0005,0.6699,6,
0.6435,0.0022,0.2589,14,
0.0849,0.0273,21.2078,5,
0.0168,0.0032,125.5918,4,
0.0931,0.0453,24.2850,4,
0.0562,0.0069,46.0499,5,
0.0293,0.0021,20.6379,5,
0.0460,0.0029,10.9618,4,
0.0846,0.0094,10.4223,8,
0.1349,0.0236,11.0817,7,
0.3080,0.1050,9.9915,16,
0.0812,0.0022,3.8927,10,
0.1128,0.0011,1.0950,5,
0.7200,0.0024,0.2104,16,
0.1044,0.0263,14.8676,6,
0.0110,0.0031,157.2828,4,
0.0912,0.0294,26.4158,4,
0.0348,0.0065,65.9818,5,
0.0355,0.0008,7.0960,5,
0.0753,0.0034,5.2238,8,
0.4639,0.0890,5.2253,20,
0.0944,0.0050,4.6296,10,
0.1417,0.0005,0.6817,6,
0.4716,0.0019,0.1791,11,
0.0789,0.0170,19.1086,5,
0.0160,0.0029,114.1903,4,
0.0906,0.0259,26.9965,4,
0.0506,0.0061,35.2063,5,
0.0334,0.0015,38.9344,5,
0.0826,0.0039,29.0482,8,
0.4292,0.0968,5.5989,19,
0.0502,0.0036,55.3545,8,
0.0949,0.0059,5.1540,10,
0.1375,0.0010,0.4513,6,
0.5472,0.0048,0.2204,12,
0.0783,0.0173,19.3963,5,
0.0217,0.0048,92.4799,4,
0.0923,0.0427,24.3735,4,
0.0592,0.0069,39.9713,5,
0.0214,0.0026,45.4832,4,
0.0382,0.0085,40.8808,4,
0.0765,0.0054,7.7061,8,
0.3886,0.0653,7.7114,17,
0.0707,0.0080,12.6374,10,
0.0882,0.0038,4.1086,10,
0.1395,0.0013,0.6040,6,
0.7147,0.0025,0.1552,17,
0.0749,0.0097,14.0483,5,
0.0127,0.0024,104.9151,4,
0.0915,0.0403,24.3150,4,
0.0434,0.0044,45.2360,5,
0.0283,0.0026,24.3435,5,
0.0418,0.0015,6.8616,4,
0.0763,0.0039,6.0477,8,
0.3514,0.0426,7.6630,15,
0.0729,0.0038,6.6190,11,
0.0978,0.0060,5.1737,10,
0.1675,0.0013,0.6317,7,
0.7073,0.0042,0.3675,16,
0.0775,0.0176,19.2572,5,
0.0931,0.0177,26.7189,4,
0.0401,0.0079,61.7278,5,
0.0306,0.0017,18.9095,5,
0.0839,0.0037,7.2132,8,
0.3440,0.0801,5.7952,15,
0.0769,0.0042,7.3296,12,
0.0779,0.0034,4.4079,9,
0.1678,0.0013,0.6566,7,
0.7183,0.0041,0.0641,16,
0.0796,0.0107,13.1284,5,
0.0093,0.0036,224.1220,4,
0.0933,0.0339,23.9883,4,
0.0460,0.0068,51.9090,6,
0.0371,0.0012,28.3127,5,
0.0474,0.0024,8.4645,4,
0.1565,0.0337,9.3633,4,
0.0905,0.0188,15.4613,8,
0.1319,0.0238,16.0316,7,
0.1461,0.0329,10.6824,8,
0.0729,0.0082,15.1678,11,
0.0894,0.0057,5.9828,8,
0.1945,0.0017,0.7776,8,
0.6586,0.0040,4.6635,15,
0.0999,0.0278,16.7932,6,
0.0212,0.0007,13.5586,4,
0.0945,0.0394,22.6215,4,
0.0430,0.0082,58.6841,5,
0.0269,0.0006,9.6445,5,
0.0957,0.0148,12.2786,8,
0.3639,0.0466,7.5494,15,
0.0523,0.0060,51.3441,9,
0.0790,0.0029,3.9146,8,
0.1935,0.0016,0.6112,8,
0.6474,0.0039,0.0860,14,
0.0957,0.0203,15.3348,6,
0.0094,0.0041,227.7503,4,
0.0938,0.0201,26.5747,4,
0.0525,0.0025,24.2208,5,
0.0386,0.0056,28.6246,5,
0.0693,0.0150,23.1192,8,
0.3620,0.0415,7.8097,15,
0.0670,0.0022,5.2776,10,
0.0647,0.0034,6.6849,7,
0.2250,0.0029,0.5770,9,
0.6558,0.0041,0.0902,15,
0.0780,0.0136,15.5668,5,
0.0157,0.0008,31.7501,5,
0.0926,0.0359,24.8380,4,
0.0573,0.0057,38.6706,5,
0.0298,0.0034,28.5899,5,
0.0383,0.0030,16.4235,4,
0.0818,0.0070,8.8711,8,
0.1341,0.0223,14.0958,7,
0.1785,0.0499,10.0733,9,
0.0543,0.0041,52.9788,9,
0.0748,0.0037,5.3781,8,
0.1958,0.0008,8.1301,8,
0.5941,0.0051,0.1266,13,
0.0945,0.0229,16.8945,6,
0.0144,0.0028,120.2755,4,
0.1249,0.0519,16.6133,4,
0.0554,0.0018,6.1139,4,
0.0469,0.0058,22.6687,5,
0.0762,0.0022,15.8346,8,
0.3857,0.0546,6.8912,16,
0.0520,0.0032,21.0895,9,
0.0850,0.0055,6.1018,8,
0.2237,0.0020,11.4950,9,
0.5479,0.0026,5.3571,12,
0.0955,0.0253,17.2368,6,
0.0104,0.0052,205.7852,4,
0.0916,0.0393,24.2602,4,
0.0535,0.0077,44.0418,5,
0.0265,0.0007,96.2174,5,
0.0392,0.0012,6.2962,4,
0.0742,0.0035,11.5636,8,
0.3719,0.0557,7.4577,16,
0.0554,0.0030,30.2661,9,
0.0823,0.0054,6.2376,8,
0.2237,0.0026,0.8103,9,
0.6353,0.0033,0.1327,15,
0.0953,0.0145,11.3519,6,
0.0097,0.0049,225.8793,4,
0.0929,0.0285,24.8649,4,
0.0554,0.0015,4.6950,4,
0.0419,0.0048,21.2053,5,
0.0379,0.0030,16.1663,4,
0.1395,0.0382,12.2352,8,
0.3978,0.0580,7.4479,17,
0.0551,0.0016,10.2251,9,
0.0703,0.0028,4.3627,7,
0.2223,0.0017,0.4155,9,
0.7218,0.0062,1.1601,16,
0.1023,0.0336,17.8838,6,
0.0158,0.0034,132.2707,4,
0.0971,0.0427,23.2946,4,
0.0573,0.0069,43.5891,5,
0.0255,0.0006,7.5863,4,
0.0371,0.0074,37.5331,4,
0.0843,0.0057,8.3204,8,
0.3704,0.0669,8.0623,17,
0.0491,0.0077,31.6515,9,
0.0692,0.0044,7.0941,7,
0.2222,0.0045,0.8871,9,
0.7118,0.0054,0.4518,17,
0.0762,0.0119,15.6673,5,
0.0114,0.0019,108.4414,4,
0.0938,0.0431,22.5238,4,
0.0366,0.0112,63.3913,5,
0.0275,0.0003,36.3660,5,
0.0791,0.0043,7.8418,8,
0.3741,0.0542,7.7224,17,
0.0649,0.0022,46.1307,10,
0.0675,0.0028,4.8556,7,
0.2307,0.0021,1.0513,9,
0.5957,0.0032,0.0973,13,
0.0836,0.0106,12.2180,5,
0.0149,0.0022,98.9416,4,
0.0931,0.0293,25.4632,4,
0.0524,0.0080,46.0276,6,
0.0288,0.0002,2.0384,5,
0.0761,0.0029,4.5807,8,
0.3532,0.0406,8.1468,15,
0.0663,0.0023,6.1163,10,
0.0774,0.0048,6.1530,7,
0.2353,0.0075,1.1763,9,
0.5100,0.0034,0.2264,11,
0.0851,0.0157,15.0508,5,
0.0179,0.0029,93.3428,4,
0.0916,0.0407,23.9197,4,
0.0481,0.0068,30.9737,5,
0.0881,0.0079,8.4809,4,
0.0241,0.0024,47.5970,4,
0.0401,0.0040,20.9629,4,
0.0828,0.0057,6.7020,8,
0.3750,0.0677,7.5729,17,
0.0555,0.0028,52.3883,9,
0.0649,0.0041,7.7299,7,
0.2235,0.0029,0.5633,9,
0.6336,0.0039,0.9527,14,
0.0777,0.0155,17.8453,5,
0.0244,0.0007,10.7833,4,
0.0925,0.0450,22.5578,4,
0.0592,0.0069,38.1000,5,
0.0845,0.0016,24.2973,4,
0.0201,0.0019,49.1432,4,
0.0463,0.0019,6.9523,4,
0.0916,0.0139,12.4757,8,
0.4021,0.0549,7.3167,17,
0.0599,0.0023,41.8736,10,
0.0774,0.0046,6.1409,8,
0.2236,0.0024,0.5593,9,
0.5463,0.0035,0.1277,12,
0.1148,0.0194,10.7314,7,
0.0943,0.0262,25.6785,4,
0.0390,0.0046,49.1219,5,
0.0268,0.0016,20.6987,5,
0.0820,0.0019,16.9865,8,
0.3763,0.0542,7.5151,16,
0.0632,0.0019,9.7242,10,
0.0849,0.0058,6.7447,8,
0.2235,0.0021,0.4728,9,
0.8290,0.0032,0.1970,19,
0.0784,0.0161,18.3039,5,
0.0141,0.0017,63.6852,4,
0.0919,0.0269,25.8332,4,
0.0383,0.0080,61.9257,5,
0.0355,0.0015,15.6948,5,
0.0772,0.0055,7.5170,8,
0.3721,0.1731,7.5497,18,
0.0611,0.0040,27.2769,10,
0.0648,0.0024,4.8140,7,
0.2491,0.0032,0.9378,10,
0.7595,0.0026,0.0729,17,
0.0784,0.0132,15.7797,5,
0.0151,0.0024,101.9745,4,
0.0921,0.0288,25.9443,4,
0.0462,0.0050,43.0535,5,
0.0319,0.0015,64.1333,5,
0.0733,0.0053,7.5795,8,
0.3839,0.0538,7.2436,16,
0.0658,0.0019,5.6336,10,
0.0765,0.0040,5.3959,8,
0.2195,0.0014,0.3527,9,
0.6841,0.0094,0.1818,16,
0.0831,0.0141,15.2361,5,
0.0122,0.0022,107.3252,4,
0.0946,0.0210,25.7840,4,
0.0488,0.0032,32.6271,5,
0.0351,0.0023,16.0788,5,
0.0730,0.0079,11.0831,8,
0.3740,0.0458,7.6257,16,
0.0633,0.0032,26.1916,10,
0.0665,0.0034,6.1663,7,
0.2236,0.0179,3.4230,9,
0.6299,0.0024,1.4131,14,
0.0834,0.0169,16.8837,5,
0.0167,0.0023,87.5587,4,
0.0914,0.0471,22.5301,4,
0.0495,0.0029,12.3980,4,
0.0860,0.0156,14.8931,4,
0.0283,0.0035,32.2814,5,
0.0402,0.0043,22.6284,4,
0.0965,0.0201,14.6016,8,
0.1308,0.0230,13.3313,7,
0.1717,0.0495,10.5256,9,
0.0568,0.0024,30.2269,9,
0.0657,0.0028,5.4398,7,
0.2251,0.0029,0.7342,9,
0.6020,0.0042,1.6041,13,
0.0835,0.0184,17.4233,5,
0.0216,0.0010,25.0298,5,
0.0888,0.0154,19.5523,4,
0.0384,0.0082,59.6935,5,
0.0313,0.0021,29.4611,5,
0.0807,0.0023,2.5965,8,
0.3590,0.0392,7.9988,15,
0.0636,0.0023,5.5788,10,
0.0818,0.0044,5.6526,8,
0.2236,0.0034,0.7812,9,
0.5453,0.0031,0.1396,12,
0.0779,0.0169,19.1694,5,
0.0236,0.0051,78.0146,4,
0.0936,0.0291,25.5541,4,
0.0602,0.0057,25.0232,5,
0.0311,0.0025,22.7351,5,
0.0376,0.0040,21.1140,4,
0.0813,0.0076,9.2904,8,
0.1332,0.0267,13.0647,7,
0.1786,0.0489,9.7407,9,
0.0555,0.0024,29.8479,9,
0.0693,0.0041,7.0947,7,
0.2231,0.0068,1.2424,9,
0.3833,0.0032,0.2024,9,
0.0762,0.0124,16.1412,5,
0.0113,0.0037,188.5769,4,
0.0918,0.0322,26.1220,4,
0.0515,0.0164,48.1584,5,
0.0370,0.0036,20.0546,5,
0.0490,0.0028,9.4612,4,
0.0810,0.0026,4.3957,8,
0.3579,0.0432,7.3989,15,
0.0712,0.0024,17.9723,11,
0.0566,0.0024,6.2717,6,
0.2518,0.0073,1.0777,10,
0.7563,0.0048,0.0981,17,
0.0769,0.0188,20.6883,5,
0.0192,0.0013,52.2911,5,
0.0926,0.0175,27.1845,4,
0.0534,0.0054,35.6636,5,
0.0386,0.0013,9.1591,5,
0.0432,0.0012,5.5722,4,
0.0846,0.0027,10.2348,8,
0.3553,0.0572,6.7019,16,
0.0711,0.0030,6.1968,11,
0.0669,0.0030,5.4982,6,
0.2496,0.0032,0.6884,10,
0.7582,0.0042,0.0987,17,
0.0769,0.0157,18.6946,5,
0.0138,0.0032,151.8027,4,
0.0940,0.0346,23.8323,4,
0.0515,0.0067,41.0507,5,
0.0843,0.0110,12.8119,4,
0.0478,0.0050,16.3968,5,
0.0453,0.0003,1.1294,4,
0.0775,0.0034,4.5247,8,
0.3421,0.0632,5.9705,15,
0.0736,0.0038,7.3161,11,
0.0603,0.0027,5.8216,6,
0.2773,0.0051,0.6929,11,
0.7124,0.0027,0.2254,16,
0.0845,0.0148,14.9888,5,
0.0167,0.0026,104.4329,4,
0.0935,0.0561,22.1560,4,
0.0545,0.0014,5.8894,4,
0.0860,0.0123,13.2897,4,
0.0594,0.0086,18.3899,5,
0.0401,0.0034,17.5639,4,
0.1409,0.0366,11.9018,8,
0.3624,0.0582,4.2960,15,
0.0588,0.0052,29.5871,10,
0.0583,0.0030,7.0935,6,
0.2773,0.0035,0.9744,11,
0.7139,0.0027,0.1169,16,
0.0817,0.0153,16.7020,5,
0.0139,0.0030,150.1409,4,
0.0966,0.0457,20.0682,4,
0.0533,0.0077,45.6402,5,
0.0851,0.0183,17.2432,4,
0.0205,0.0011,21.2635,4,
0.0390,0.0035,18.5896,4,
0.1003,0.0233,15.2561,8,
0.1316,0.0245,14.9447,7,
0.1539,0.0334,9.9005,8,
0.0730,0.0026,17.2271,11,
0.0586,0.0028,6.8453,6,
0.2635,0.0020,0.4347,10,
0.6698,0.0040,0.5537,15,
0.0752,0.0110,15.6759,5,
0.0214,0.0055,120.1170,5,
0.0981,0.0210,24.6744,4,
0.0573,0.0057,32.3644,5,
0.0251,0.0020,33.1891,5,
0.0450,0.0003,1.1375,4,
0.0800,0.0042,5.7221,8,
0.3572,0.0602,6.4866,16,
0.0737,0.0050,9.1738,11,
0.0576,0.0027,6.5601,6,
0.2516,0.0056,0.8690,10,
0.8634,0.0032,0.6258,21,
0.0946,0.0218,16.3864,6,
0.0161,0.0029,105.6065,4,
0.0918,0.0237,26.5057,4,
0.0582,0.0084,44.8833,5,
0.0876,0.0070,7.2602,4,
0.0242,0.0006,8.7657,4,
0.0383,0.0058,31.5640,4,
0.0790,0.0023,3.5875,8,
0.1293,0.0246,12.6796,7,
0.1743,0.0480,10.0552,9,
0.0659,0.0020,6.0013,10,
0.0771,0.0042,5.7087,7,
0.2233,0.0046,0.8243,9,
0.6680,0.0036,0.0657,15,
0.0752,0.0130,17.5973,5,
0.0929,0.0371,24.3354,4,
0.0646,0.0026,28.7189,5,
0.0268,0.0020,70.6601,5,
0.0416,0.0033,16.1229,4,
0.0748,0.0047,6.5618,8,
0.3795,0.0503,7.3705,16,
0.0630,0.0026,21.6661,10,
0.0722,0.0030,4.5420,8,
0.2230,0.0065,1.2530,9,
0.7706,0.0032,0.1345,18,
0.0957,0.0142,11.8170,6,
0.0920,0.0439,23.0931,4,
0.0448,0.0071,53.8627,5,
0.0250,0.0083,74.6233,5,
0.0464,0.0023,8.5405,4,
0.0739,0.0079,11.5378,8,
0.3828,0.0549,7.4855,16,
0.0530,0.0037,26.7182,9,
0.0853,0.0049,5.2727,9,
0.1967,0.0007,0.4836,8,
0.8252,0.0041,0.0895,19,
0.0945,0.0177,14.0885,6,
0.0102,0.0057,205.9502,4,
0.0940,0.0337,23.4372,4,
0.0403,0.0114,57.5639,5,
0.0352,0.0007,52.3840,5,
0.0390,0.0027,15.0137,4,
0.0743,0.0045,7.6455,8,
0.3850,0.0568,6.7783,16,
0.0550,0.0024,54.4638,9,
0.0712,0.0028,4.3503,8,
0.1946,0.0014,0.5981,8,
0.5516,0.0010,1.4005,13,
0.0808,0.0124,13.8824,5,
0.0185,0.0015,43.5904,4,
0.0940,0.0637,20.5767,4,
0.0585,0.0004,6.8950,4,
0.0884,0.0136,12.9370,4,
0.0315,0.0043,31.8659,5,
0.0373,0.0034,18.4201,4,
0.0868,0.0112,11.7473,8,
0.1326,0.0248,12.7338,7,
0.1879,0.0649,10.4313,10,
0.0589,0.0031,20.1961,9,
0.0720,0.0033,5.0478,8,
0.2213,0.0021,1.1630,9,
0.7207,0.0023,0.1189,16,
0.0793,0.0116,14.3572,5,
0.0111,0.0031,156.0240,4,
0.0962,0.0228,25.8679,4,
0.0635,0.0020,30.7425,5,
0.0311,0.0022,73.7240,5,
0.0777,0.0025,33.3449,8,
0.3785,0.0541,7.0885,16,
0.0575,0.0041,15.8331,9,
0.0686,0.0030,4.9814,7,
0.2264,0.0019,3.4855,9,
0.6015,0.0042,0.8832,13,
0.0811,0.0177,18.7278,5,
0.0149,0.0022,98.9416,4,
0.0905,0.0264,26.9207,4,
0.0400,0.0096,56.6857,6,
0.0410,0.0030,15.2790,5,
0.0514,0.0022,6.9720,4,
0.0738,0.0056,8.0627,8,
0.3850,0.0497,6.8191,16,
0.0558,0.0028,52.0874,9,
0.0651,0.0025,4.7227,7,
0.2261,0.0020,0.6165,9,
0.5948,0.0048,0.1728,13,
0.0944,0.0205,15.6805,6,
0.0159,0.0033,136.3580,4,
0.0929,0.0052,4.8302,4,
0.0573,0.0067,45.0014,5,
0.0301,0.0016,14.8498,4,
0.0469,0.0016,6.1005,4,
0.0840,0.0070,8.5670,8,
0.1335,0.0255,12.9736,7,
0.1652,0.0494,11.2186,9,
0.0546,0.0035,41.6634,9,
0.0716,0.0046,6.7363,7,
0.2517,0.0020,0.4436,10,
0.7106,0.0038,0.1119,17,
0.0753,0.0121,16.3686,5,
0.0127,0.0021,183.9480,4,
0.0929,0.0204,26.5416,4,
0.0366,0.0123,62.9321,5,
0.0313,0.0029,34.0761,5,
0.0818,0.0031,5.9038,8,
0.3558,0.0645,7.2001,16,
0.0633,0.0020,11.0264,10,
0.0685,0.0022,3.8401,7,
0.2243,0.0016,0.3962,9,
0.5361,0.0180,0.7817,12,
0.0945,0.0161,13.0439,6,
0.0926,0.0181,26.9975,4,
0.0469,0.0049,37.8705,5,
0.0257,0.0029,34.8784,5,
0.0788,0.0019,2.4386,8,
0.3512,0.0715,7.4479,16,
0.0617,0.0025,20.1209,10,
0.0651,0.0021,15.0097,8,
0.2242,0.0016,0.4161,9,
0.7560,0.0061,0.0999,17,
0.0732,0.0106,15.9070,5,
0.0160,0.0049,153.2599,4,
0.0921,0.0359,24.3682,4,
0.0516,0.0068,48.8791,5,
0.0802,0.0101,11.8348,4,
0.0217,0.0021,36.5729,4,
0.0397,0.0047,22.3223,4,
0.0845,0.0063,6.7195,8,
0.1361,0.0251,11.5943,7,
0.1628,0.0480,11.3514,9,
0.0655,0.0019,6.6509,10,
0.0699,0.0021,4.0202,8,
0.2218,0.0013,0.5266,9,
0.7568,0.0056,0.0988,17,
0.0769,0.0143,17.0126,5,
0.0158,0.0038,156.5320,4,
0.0957,0.0177,25.7613,4,
0.0516,0.0068,41.7105,5,
0.0857,0.0090,9.8153,4,
0.0213,0.0016,30.5159,4,
0.0416,0.0041,19.6166,4,
0.1086,0.0281,14.8640,8,
0.1345,0.0220,14.2695,7,
0.1670,0.0484,10.8063,9,
0.0731,0.0035,9.3717,11,
0.0695,0.0040,6.0610,7,
0.2455,0.0053,0.9051,10,
0.8189,0.0018,0.0340,19,
0.0949,0.0145,11.9443,6,
0.0139,0.0011,56.4112,4,
0.0930,0.0502,22.1564,4,
0.0377,0.0116,60.6173,6,
0.0287,0.0044,39.2326,5,
0.0791,0.0043,5.8129,8,
0.3501,0.0736,7.0012,16,
0.0750,0.0034,8.3312,11,
0.0696,0.0026,4.0858,7,
0.2437,0.0011,0.3072,10,
0.6289,0.0030,0.2735,14,
0.0822,0.0162,17.4099,5,
0.0119,0.0027,128.4100,4,
0.0952,0.0063,26.5941,4,
0.0400,0.0055,54.5636,5,
0.0281,0.0038,34.8895,5,
0.0821,0.0031,23.6504,8,
0.3490,0.0569,6.8212,16,
0.0614,0.0050,37.6253,10,
0.0759,0.0040,5.3867,7,
0.2223,0.0029,0.5951,9,
0.6636,0.0042,0.1711,14,
0.1049,0.0345,17.4686,6,
0.0173,0.0025,89.2511,5,
0.1006,0.0461,20.4537,4,
0.0554,0.0080,47.3343,5,
0.0844,0.0058,6.5329,4,
0.0276,0.0008,10.1222,4,
0.0384,0.0041,20.7973,4,
0.0844,0.0108,12.5002,8,
0.1303,0.0164,8.4899,7,
0.1773,0.0539,10.1970,9,
0.0574,0.0019,19.6120,9,
0.0709,0.0021,6.0274,8,
0.1960,0.0011,1.4139,8,
0.6212,0.0020,0.5598,14,
0.0950,0.0207,15.7071,6,
0.0150,0.0033,134.1269,4,
0.0924,0.0497,22.7465,4,
0.0525,0.0081,49.3062,5,
0.0866,0.0221,20.8549,4,
0.0208,0.0029,49.1845,4,
0.1043,0.0241,14.6231,8,
0.3785,0.0533,6.7742,16,
0.0694,0.0070,17.7819,10,
0.0781,0.0039,4.8825,8,
0.1962,0.0016,0.4247,8,
0.6614,0.0042,0.1089,15,
0.0752,0.0125,16.3292,5,
0.0161,0.0029,113.7321,4,
0.0919,0.0073,23.8830,4,
0.0563,0.0013,3.7499,4,
0.0846,0.0182,17.4132,4,
0.0292,0.0006,6.0017,4,
0.0374,0.0037,20.5477,4,
0.1068,0.0261,14.6529,8,
0.3645,0.0505,7.3277,16,
0.0713,0.0073,13.2560,10,
0.0630,0.0019,8.8065,8,
0.2237,0.0016,2.7604,9,
0.5886,0.0042,0.1358,14,
0.0949,0.0208,15.6713,6,
0.0158,0.0041,156.2511,4,
0.0923,0.0504,23.1650,4,
0.0506,0.0025,12.1559,4,
0.0361,0.0040,25.2469,5,
0.0391,0.0039,20.2007,4,
0.0819,0.0039,5.4546,8,
0.3616,0.0413,7.6641,15,
0.0749,0.0085,17.0862,11,
0.0756,0.0031,4.3906,8,
0.2200,0.0015,0.5136,9,
0.6547,0.0042,0.2167,15,
0.0957,0.0195,14.8729,6,
0.0177,0.0030,116.0290,4,
0.0921,0.0359,24.5714,4,
0.0564,0.0087,46.6782,5,
0.0847,0.0143,14.6620,4,
0.0331,0.0023,19.1995,5,
0.0406,0.0034,16.6390,4,
0.0844,0.0067,8.5856,8,
0.3639,0.0437,7.5574,15,
0.0738,0.0034,8.0461,11,
0.0718,0.0020,3.7569,8,
0.2223,0.0014,0.6564,9,
0.6160,0.0053,0.2572,14,
0.0804,0.0126,15.0042,5,
0.0144,0.0034,110.9048,5,
0.0897,0.0394,26.3904,4,
0.0340,0.0075,66.0810,5,
0.0300,0.0018,43.6911,5,
0.0854,0.0046,9.2385,8,
0.3578,0.0790,7.8623,16,
0.0587,0.0060,29.6413,10,
0.0705,0.0028,4.4908,7,
0.2252,0.0013,0.4832,9,
0.6006,0.0027,0.2303,13,
0.1106,0.0326,15.6373,6,
0.0182,0.0016,57.4934,5,
0.0926,0.0159,16.3475,4,
0.0516,0.0055,39.3165,5,
0.0368,0.0010,6.7843,5,
0.0380,0.0116,46.8756,4,
0.0762,0.0038,5.7707,8,
0.3570,0.0754,7.4139,16,
0.0656,0.0020,11.1418,10,
0.0724,0.0035,5.3909,7,
0.2362,0.0019,0.3669,9,
0.4702,0.0013,0.1740,11,
0.0947,0.0247,17.5813,6,
0.0144,0.0018,64.4595,4,
0.0927,0.0185,23.8986,4,
0.0593,0.0057,30.8983,5,
0.0305,0.0023,22.3088,5,
0.0512,0.0029,9.3093,4,
0.0828,0.0054,8.2655,8,
0.3570,0.0658,6.6155,16,
0.0619,0.0024,16.2512,10,
0.0650,0.0027,5.3214,7,
0.2518,0.0020,0.8144,10,
0.5864,0.0067,0.1882,13,
0.0755,0.0116,15.8588,5,
0.0104,0.0038,198.9592,4,
0.0917,0.0346,24.9953,4,
0.0517,0.0042,31.8866,5,
0.0279,0.0040,37.6875,5,
0.0796,0.0028,4.1926,8,
0.1043,0.0148,11.1329,6,
0.1639,0.0491,11.1311,9,
0.0598,0.0030,36.9785,10,
0.0673,0.0040,6.7132,7,
0.2519,0.0030,0.8072,10,
0.7102,0.0022,0.3104,16,
0.1314,0.0549,15.1381,6,
0.0143,0.0028,120.8307,4,
0.0945,0.0311,25.0269,4,
0.0524,0.0043,22.5789,5,
0.0599,0.0115,25.6286,5,
0.0406,0.0033,17.1454,4,
0.1433,0.0382,11.8731,8,
0.3797,0.0528,6.6108,16,
0.0597,0.0045,41.3032,10,
0.0703,0.0037,5.9949,7,
0.2466,0.0075,1.1952,10,
0.6354,0.0064,0.1533,15,
0.0774,0.0147,17.7435,5,
0.0209,0.0018,41.6778,5,
0.0949,0.0422,23.7569,4,
0.0595,0.0070,41.2171,5,
0.0267,0.0022,25.2857,5,
0.0373,0.0041,23.4792,4,
0.0773,0.0010,2.6137,8,
0.3579,0.0738,6.6223,16,
0.0637,0.0020,34.0955,10,
0.0713,0.0029,4.8326,7,
0.2250,0.0016,0.4275,9,
0.7649,0.0022,0.2772,18,
0.0834,0.0201,19.1635,5,
0.0165,0.0042,107.8671,5,
0.0914,0.0397,23.2058,4,
0.0374,0.0070,61.8360,5,
0.0250,0.0018,101.3257,5,
0.0982,0.0189,13.2769,8,
0.3566,0.0432,7.8239,15,
0.0759,0.0073,11.8393,11,
0.0730,0.0032,4.8617,7,
0.2238,0.0026,0.8563,9,
0.5757,0.0014,0.1238,13,
0.0817,0.0132,14.7726,5,
0.0177,0.0038,139.4365,4,
0.0922,0.0519,21.9027,4,
0.0534,0.0065,23.8387,5,
0.0848,0.0106,12.2173,4,
0.0255,0.0005,17.0079,4,
0.0354,0.0041,25.9255,4,
0.0806,0.0039,5.6806,8,
0.3666,0.0562,7.6994,16,
0.0687,0.0040,9.6364,10,
0.0649,0.0029,4.9352,7,
0.2341,0.0030,0.5671,9,
0.7148,0.0026,0.1798,16,
0.0751,0.0100,14.3826,5,
0.0150,0.0046,125.6968,5,
0.0889,0.0388,25.9117,4,
0.0333,0.0058,61.3583,5,
0.0272,0.0015,16.4749,5,
0.0843,0.0022,6.7043,8,
0.3551,0.0606,7.3940,16,
0.0616,0.0029,25.6677,10,
0.0701,0.0034,5.5914,7,
0.2234,0.0056,1.0145,9,
0.7205,0.0025,0.4170,16,
0.0751,0.0085,12.5296,5,
0.0168,0.0019,62.0447,5,
0.0921,0.0455,22.4122,4,
0.0366,0.0111,62.9247,5,
0.0332,0.0019,13.4543,5,
0.0834,0.0042,6.1429,8,
0.3641,0.0678,7.5749,16,
0.0531,0.0085,38.7685,10,
0.0704,0.0027,4.1979,7,
0.2238,0.0010,0.6331,9,
0.5934,0.0041,0.1080,13,
0.0945,0.0233,16.9390,6,
0.0152,0.0029,116.0031,4,
0.0925,0.0465,23.0703,4,
0.0508,0.0059,47.4711,6,
0.0402,0.0005,3.3578,5,
0.0387,0.0028,15.9615,4,
0.0964,0.0177,13.8076,8,
0.3691,0.0567,7.4848,16,
0.0642,0.0018,7.2389,10,
0.0814,0.0058,6.9484,7,
0.2235,0.0029,0.5633,9,
0.6152,0.0023,0.1627,15,
0.0781,0.0119,15.0162,5,
0.0112,0.0012,82.5787,4,
0.0915,0.0134,18.2917,4,
0.0399,0.0053,56.3681,5,
0.0245,0.0004,5.0968,4,
0.0428,0.0005,2.5166,4,
0.0823,0.0025,13.6353,8,
0.3578,0.0694,7.1837,16,
0.0738,0.0068,19.3017,11,
0.0665,0.0023,4.3020,7,
0.2231,0.0011,1.5138,9,
0.8679,0.0040,0.0476,20,
0.0819,0.0101,12.3613,5,
0.0191,0.0057,91.4942,4,
0.0923,0.0245,26.4065,4,
0.0610,0.0057,38.4597,6,
0.0476,0.0058,19.4041,5,
0.0735,0.0049,7.4145,8,
0.3626,0.0418,7.4375,15,
0.0760,0.0050,9.5505,11,
0.0702,0.0028,4.6380,7,
0.2228,0.0017,0.4481,9,
0.7136,0.0017,0.1410,17,
0.0804,0.0111,13.7808,5,
0.0102,0.0036,210.7634,4,
0.0929,0.0560,22.6659,4,
0.0656,0.0058,24.8927,6,
0.0299,0.0021,20.4720,5,
0.0824,0.0035,5.3617,8,
0.3631,0.0445,7.6305,15,
0.0541,0.0032,19.4455,9,
0.0698,0.0017,2.9119,8,
0.2204,0.0020,0.7805,9,
0.5964,0.0037,0.4319,13,
0.0972,0.0224,16.6051,6,
0.0148,0.0052,164.5676,4,
0.0938,0.0525,22.0801,4,
0.0504,0.0065,38.6344,5,
0.0849,0.0143,14.4609,4,
0.0252,0.0009,12.9225,4,
0.0431,0.0014,6.6104,4,
0.1032,0.0249,14.9367,8,
0.1299,0.0146,10.3473,7,
0.1714,0.0481,10.4375,9,
0.0700,0.0030,6.1495,10,
0.0630,0.0029,5.3804,7,
0.2335,0.0048,0.8253,9,
0.6350,0.0049,0.1831,15,
0.1449,0.0030,1.8387,5,
0.0758,0.0140,17.5740,5,
0.0140,0.0042,175.9083,4,
0.0893,0.0257,27.0692,4,
0.0554,0.0079,46.5650,5,
0.0461,0.0065,24.1396,5,
0.0437,0.0006,3.0135,4,
0.1113,0.0294,14.5702,8,
0.3799,0.0545,7.0049,16,
0.0707,0.0037,6.7203,10,
0.0803,0.0048,5.7660,8,
0.2244,0.0024,0.4451,9,
0.4661,0.0037,0.2588,11,
0.0959,0.0249,17.1772,6,
0.0120,0.0027,131.7577,4,
0.0928,0.0504,22.7495,4,
0.0534,0.0070,48.4178,5,
0.0914,0.0059,5.6033,4,
0.0292,0.0047,40.9198,5,
0.0413,0.0009,4.5804,4,
0.0812,0.0060,8.8683,8,
0.2232,0.0422,6.0857,8,
0.1640,0.0511,11.2948,9,
0.0634,0.0019,6.9831,10,
0.0649,0.0028,5.4973,7,
0.2518,0.0021,0.6400,10,
0.6646,0.0030,0.2905,16,
0.0764,0.0126,16.4393,5,
0.0926,0.0363,23.1042,4,
0.0544,0.0012,6.1119,4,
0.0827,0.0046,5.3814,4,
0.0240,0.0014,40.5879,4,
0.0387,0.0035,17.7773,4,
0.0878,0.0084,8.3982,8,
0.3704,0.0553,7.4384,16,
0.0688,0.0022,23.5938,11,
0.0791,0.0051,6.4042,8,
0.2202,0.0021,0.5884,9,
0.6284,0.0038,0.1938,14,
0.0770,0.0132,16.2055,5,
0.0206,0.0045,92.2674,4,
0.0919,0.0357,25.8524,4,
0.0584,0.0074,44.6472,5,
0.0283,0.0036,35.8510,5,
0.0386,0.0020,10.9435,4,
0.0841,0.0065,7.7848,8,
0.1374,0.0267,12.4535,7,
0.1676,0.0511,10.9614,9,
0.0656,0.0016,4.4674,10,
0.0636,0.0033,6.0405,7,
0.2504,0.0012,1.2351,10,
0.7104,0.0032,0.1561,16,
0.1062,0.0407,18.4232,6,
0.0139,0.0016,63.5270,4,
0.0943,0.0305,24.8524,4,
0.0444,0.0045,45.2903,5,
0.0266,0.0021,63.2479,5,
0.0823,0.0061,7.0872,8,
0.3492,0.0618,6.5125,16,
0.0618,0.0037,38.7451,10,
0.0742,0.0050,6.9837,7,
0.2433,0.0027,0.7554,10,
0.6945,0.0042,0.0775,15,
0.0779,0.0117,14.8520,5,
0.0102,0.0049,220.5151,4,
0.0915,0.0351,25.8827,4,
0.0513,0.0071,46.4763,6,
0.0373,0.0040,21.8652,5,
0.0754,0.0028,4.4587,8,
0.1067,0.0170,11.7341,6,
0.1548,0.0253,8.0767,8,
0.0632,0.0032,19.8691,10,
0.0824,0.0049,5.9399,7,
0.2228,0.0021,0.6909,9,
0.7729,0.0025,2.1507,18,
0.1031,0.0260,15.3489,6,
0.0205,0.0011,28.7946,4,
0.0907,0.0352,24.8774,4,
0.0393,0.0061,57.0950,5,
0.0268,0.0007,14.8809,5,
0.0801,0.0019,17.2179,8,
0.3270,0.0831,5.7120,14,
0.0687,0.0039,24.5411,11,
0.0699,0.0019,5.1705,8,
0.1979,0.0011,4.1411,8,
0.7192,0.0027,0.4176,17,
0.0751,0.0119,15.7694,5,
0.0160,0.0029,114.1903,4,
0.0901,0.0393,25.2391,4,
0.0481,0.0064,30.3651,5,
0.0341,0.0032,21.1865,5,
0.0723,0.0086,12.5938,8,
0.3441,0.0441,3.4356,14,
0.0717,0.0037,15.3675,12,
0.0679,0.0041,6.7192,8,
0.1955,0.0023,0.8221,8,
0.5958,0.0036,0.1288,13,
0.0762,0.0128,16.0260,5,
0.0197,0.0055,110.2945,4,
0.0927,0.0388,24.9090,4,
0.0563,0.0070,44.9821,5,
0.0284,0.0019,19.5227,4,
0.0614,0.0135,24.8146,4,
0.0808,0.0057,7.2669,8,
0.3697,0.0717,7.7382,17,
0.0589,0.0024,6.8492,9,
0.0879,0.0042,4.6580,10,
0.1397,0.0011,0.7104,6,
0.6700,0.0028,0.1734,15,
0.0758,0.0160,19.0897,5,
0.0095,0.0029,190.3081,4,
0.0926,0.0352,23.1120,4,
0.0408,0.0047,48.7441,5,
0.0317,0.0037,30.5956,5,
0.0806,0.0035,5.6258,8,
0.2152,0.0356,5.6726,8,
0.2235,0.0649,9.7258,12,
0.0731,0.0024,4.1551,10,
0.1115,0.0005,2.2668,5,
0.7522,0.0046,0.1299,17,
0.0940,0.0215,16.7337,6,
0.0113,0.0051,199.1154,4,
0.0919,0.0179,27.3656,4,
0.0620,0.0037,33.9991,5,
0.0385,0.0019,12.2857,5,
0.0433,0.0011,5.8222,4,
0.0807,0.0041,5.4457,8,
0.5012,0.1047,6.2446,22,
0.0661,0.0024,37.1246,10,
0.1115,0.0008,1.0453,5,
0.6442,0.0051,0.1307,15,
0.0778,0.0172,19.5826,5,
0.0153,0.0013,86.9151,4,
0.0461,0.0054,45.8363,5,
0.0322,0.0014,40.7514,5,
0.0482,0.0029,10.2250,4,
0.0830,0.0043,5.9502,8,
0.5334,0.1087,5.8044,25,
0.0614,0.0039,12.3672,10,
0.1395,0.0009,0.4420,6,
0.7124,0.0032,0.3642,16,
0.0835,0.0130,14.3523,5,
0.0123,0.0022,106.7477,4,
0.0915,0.0430,23.2323,4,
0.0742,0.0083,32.0467,6,
0.0239,0.0095,82.2981,5,
0.0440,0.0006,2.7720,4,
0.0831,0.0041,5.0199,8,
0.5438,0.0887,5.5869,24,
0.1309,0.0059,4.3519,26,
0.0417,0.0023,15.1565,7,
0.1394,0.0003,0.6155,6,
0.6615,0.0041,0.1154,15,
0.1310,0.0382,14.1032,5,
0.0115,0.0026,132.0981,4,
0.0948,0.0171,26.4676,4,
0.0579,0.0051,35.7033,5,
0.0270,0.0019,75.8570,5,
0.0389,0.0032,17.9149,4,
0.0857,0.0096,10.7886,8,
0.1337,0.0241,12.8987,7,
0.3264,0.1000,9.3236,17,
0.5096,0.0270,1.3454,69,
0.1370,0.0012,0.6007,6,
0.6891,0.0025,4.6323,16,
0.0810,0.0132,15.4677,5,
0.0167,0.0023,87.5717,4,
0.0931,0.0363,23.6240,4,
0.0436,0.0056,53.4742,6,
0.0256,0.0057,61.9582,5,
0.1207,0.0328,13.8434,8,
0.5479,0.0919,5.6956,25,
0.5132,0.0296,1.2309,73,
0.1655,0.0030,0.8879,7,
0.5848,0.0053,0.2545,13,
0.0756,0.0126,16.8926,5,
0.0103,0.0046,208.7623,4,
0.0899,0.0306,26.3389,4,
0.0918,0.0055,9.8492,6,
0.0254,0.0053,62.9319,5,
0.0452,0.0003,1.1329,4,
0.0767,0.0024,18.3548,8,
0.5462,0.0826,5.6246,24,
0.4182,0.0233,1.9923,63,
0.1678,0.0013,0.6566,7,
0.6008,0.0038,0.1168,13,
0.0944,0.0191,14.7307,6,
0.0159,0.0032,136.8225,4,
0.0937,0.0284,25.7732,4,
0.0544,0.0077,47.7221,5,
0.0235,0.0030,58.0689,4,
0.0801,0.0033,5.2874,8,
0.4640,0.0891,5.1793,20,
0.5166,0.0326,2.8279,72,
0.1675,0.0012,0.9586,7,
0.5504,0.0049,0.1390,12,
0.0966,0.0223,15.6709,6,
0.0128,0.0030,123.4957,4,
0.0921,0.0454,24.2339,4,
0.0564,0.0067,45.5154,5,
0.0222,0.0020,33.1825,4,
0.0434,0.0002,1.1345,4,
0.0852,0.0087,11.9536,8,
0.1358,0.0295,14.4782,7,
0.2240,0.0625,9.7684,12,
0.5239,0.0542,3.7463,76,
0.1680,0.0019,0.6572,7,
0.7193,0.0026,0.8452,16,
0.0757,0.0126,16.7513,5,
0.0169,0.0071,138.6407,4,
0.0927,0.0524,22.3588,4,
0.0582,0.0006,3.8604,4,
0.0862,0.0019,2.1506,4,
0.0218,0.0030,51.9520,4,
0.0441,0.0001,0.6299,4,
0.0805,0.0052,6.8423,8,
0.1396,0.0261,12.2305,7,
0.2125,0.0778,9.4527,11,
0.5253,0.0689,3.2700,76,
0.2224,0.0009,0.3723,9,
0.6643,0.0029,1.0692,16,
0.0785,0.0126,15.0815,5,
0.0194,0.0020,56.5215,4,
0.0919,0.0387,24.4491,4,
0.0506,0.0058,30.5141,5,
0.0827,0.0103,11.4308,4,
0.0290,0.0004,6.7082,4,
0.0432,0.0006,3.0888,4,
0.0763,0.0030,12.1606,8,
0.1337,0.0258,12.0402,7,
0.1486,0.0378,11.1573,8,
0.5181,0.0825,2.2399,75,
0.2168,0.0022,1.6670,9,
0.7075,0.0032,0.0671,17,
0.0774,0.0135,16.7761,5,
0.0166,0.0018,70.2456,4,
0.1191,0.0456,18.4028,4,
0.0507,0.0032,19.6360,4,
0.0302,0.0019,95.9742,5,
0.0385,0.0023,13.0499,4,
0.1085,0.0269,14.5005,8,
0.1318,0.0170,8.8675,7,
0.1033,0.0044,3.3207,5,
0.5167,0.0806,2.5127,75,
0.1951,0.0010,0.5120,8,
0.5294,0.0029,0.1793,12,
0.0819,0.0115,13.8610,5,
0.0148,0.0042,165.1543,4,
0.0944,0.0467,21.9086,4,
0.0553,0.0079,46.8884,5,
0.0877,0.0009,12.1234,4,
0.0277,0.0020,60.2799,5,
0.0373,0.0034,18.4867,4,
0.0834,0.0076,8.9545,8,
0.1321,0.0225,10.7780,7,
0.0464,0.0057,19.6422,8,
0.4985,0.0802,3.2508,75,
0.2221,0.0031,0.6985,9,
0.5941,0.0029,0.1648,13,
0.0767,0.0165,19.2252,5,
0.0087,0.0062,224.8400,4,
0.0904,0.0440,23.8628,4,
0.0995,0.0035,2.7782,5,
0.0287,0.0044,39.0662,5,
0.1158,0.0073,11.5219,7,
0.0631,0.0056,13.0679,7,
0.1582,0.0347,9.6653,15,
0.0623,0.0003,0.6069,4,
0.4878,0.0599,5.4288,73,
0.2242,0.0016,0.3598,9,
0.5520,0.0022,0.3665,12,
0.0973,0.0276,17.9613,6,
0.0227,0.0025,94.6192,5,
0.0920,0.0532,22.1486,4,
0.0593,0.0069,40.6380,5,
0.0366,0.0009,14.6683,5,
0.0423,0.0003,1.8645,4,
0.1035,0.0061,17.2972,11,
0.1873,0.0796,14.4795,31,
0.4892,0.0502,7.2377,69,
0.1957,0.0010,0.4842,8,
0.6557,0.0019,0.5703,15,
0.0950,0.0194,15.5609,6,
0.0097,0.0055,214.9364,4,
0.0933,0.0187,15.0602,4,
0.0526,0.0054,46.6583,5,
0.0348,0.0007,5.0720,5,
0.0531,0.0053,13.9438,4,
0.4007,0.0648,9.4681,59,
0.4855,0.0451,4.8375,65,
0.1373,0.0014,0.5942,6,
0.6624,0.0044,0.2151,15,
0.1106,0.0494,18.1754,6,
0.0153,0.0029,113.1852,4,
0.0938,0.0225,26.2031,4,
0.0573,0.0057,38.6355,5,
0.0368,0.0016,10.1998,5,
0.3980,0.0707,9.2943,60,
0.3085,0.0261,5.1469,44,
0.0651,0.0030,6.1453,11,
0.0835,0.0003,0.4515,4,
0.6593,0.0037,0.1508,15,
0.0979,0.0268,17.0820,6,
0.0158,0.0041,155.2152,4,
0.0936,0.0450,22.3052,4,
0.0535,0.0081,48.0887,5,
0.0854,0.0282,21.9562,4,
0.0217,0.0027,45.9582,4,
0.0415,0.0031,15.3668,4,
0.4005,0.1036,8.7951,61,
0.2534,0.0193,3.7251,25,
0.0879,0.0054,5.5302,13,
0.7203,0.0027,0.0970,16,
0.1151,0.0368,16.0088,6,
0.0106,0.0023,144.5409,4,
0.0936,0.0256,25.7210,4,
0.0733,0.0042,17.1354,5,
0.0418,0.0024,13.8673,5,
0.4015,0.1094,8.6876,62,
0.0329,0.0010,7.8142,6,
0.0892,0.0067,6.6720,13,
0.7231,0.0019,0.3013,16,
0.0821,0.0139,15.0192,5,
0.0176,0.0019,73.6455,4,
0.0918,0.0486,22.2546,4,
0.0590,0.0024,32.7392,5,
0.0244,0.0129,88.0496,5,
0.0461,0.0005,3.0500,4,
0.4049,0.1273,9.5648,57,
0.0854,0.0095,10.0862,13,
0.4898,0.0045,0.2549,10,
0.0762,0.0119,15.6860,5,
0.0104,0.0028,160.6520,4,
0.0907,0.0336,26.2823,4,
0.0587,0.0094,38.8654,6,
0.0277,0.0054,47.8223,5,
0.2158,0.1041,11.9270,46,
0.0873,0.0092,9.3998,13,
0.6682,0.0044,0.4082,15,
0.0940,0.0123,10.3498,6,
0.0120,0.0034,147.4833,4,
0.1227,0.0232,20.1533,5,
0.0376,0.0059,58.4641,5,
0.0339,0.0003,2.2232,5,
0.0651,0.0057,11.2376,7,
0.0920,0.0112,10.5939,13,
0.7050,0.0027,0.5410,16,
0.0794,0.0151,16.7069,5,
0.0153,0.0018,77.4912,4,
0.0925,0.0267,26.0551,4,
0.0383,0.0057,54.4876,5,
0.0347,0.0008,27.1452,5,
0.0483,0.0004,1.4256,4,
0.0809,0.0027,4.3318,8,
0.0993,0.0116,9.5909,12,
0.6258,0.0023,2.8175,14,
0.0793,0.0162,18.3895,5,
0.0160,0.0056,154.5252,4,
0.0923,0.0499,21.0303,4,
0.0553,0.0003,16.9264,4,
0.0244,0.0027,36.9541,4,
0.0406,0.0025,12.3109,4,
0.1207,0.0518,17.9337,7,
0.0324,0.0039,30.3106,4,
0.0819,0.0084,10.9694,10,
0.7105,0.0044,0.0871,17,
0.0765,0.0141,17.9158,5,
0.0158,0.0027,116.6668,4,
0.0926,0.0291,26.0330,4,
0.0585,0.0072,41.1874,5,
0.0308,0.0042,32.4593,5,
0.0503,0.0013,3.9837,4,
0.2082,0.0911,12.9091,44,
0.0741,0.0055,7.9952,8,
0.6455,0.0040,0.1071,14,
0.0829,0.0264,21.7533,5,
0.0762,0.0045,6.5317,6,
0.1161,0.0145,8.8977,14,
0.1407,0.0259,9.9696,20,
0.2810,0.0024,3.8636,7,
0.1909,0.0414,7.9894,27,
0.5151,0.0030,0.2598,13,
0.1843,0.0364,7.4555,31,
0.6803,0.0033,0.8231,18,
0.2110,0.0446,6.6033,35,
0.8730,0.0032,0.2683,24,
0.2433,0.0505,5.5331,40,
1.0011,0.0028,0.0639,29,
0.2749,0.0543,4.6623,44,
1.1803,0.0032,0.0949,35,
0.2811,0.0516,4.3313,46,
1.2312,0.0113,0.0754,39,
0.3065,0.0523,3.7997,49,
1.3346,0.0057,1.7730,43,
0.3354,0.0565,3.7155,53,
1.4119,0.0038,0.1843,47,
0.3551,0.0545,3.4934,55,
1.5094,0.0045,0.0379,51,
0.3894,0.0656,3.4169,58,
1.5874,0.0079,0.0215,55,
0.3904,0.0559,3.1111,58,
1.6047,0.0080,0.0833,57,
0.4141,0.0725,3.1606,59,
1.6771,0.0091,0.1007,60,
0.4146,0.0623,2.9323,59,
1.7148,0.0064,0.1047,62,
0.4517,0.0747,2.6783,62,
1.7573,0.0117,0.0484,65,
0.4607,0.0722,2.4541,63,
1.7906,0.0090,0.0344,67,
0.4850,0.0725,2.1630,65,
1.7779,0.0097,0.0291,68,
0.5171,0.0808,2.0798,67,
0.1825,0.0106,2.5490,4,
1.8588,0.0061,0.1533,70,
0.5182,0.0761,1.9754,67,
1.8581,0.0057,0.0462,70,
0.5211,0.0726,1.9070,67,
0.1834,0.0150,3.3652,4,
1.8393,0.0073,0.1747,70,
0.5266,0.0795,1.9625,67,
0.1827,0.0054,1.7269,4,
1.8467,0.0089,0.0307,70,
0.5267,0.0745,1.8675,67,
0.1799,0.0162,3.7751,4,
1.8954,0.0109,0.0331,71,
0.5251,0.0795,1.9931,67,
1.8366,0.0094,0.1173,70,
0.5300,0.0771,1.9030,67,
0.1805,0.0118,12.4046,4,
1.8819,0.0159,0.0347,71,
0.5252,0.0724,1.8847,67,
1.8420,0.0065,0.0258,70,
0.5224,0.0724,1.8882,67,
1.9028,0.0053,1.4001,71,
0.5331,0.0737,1.8221,67,
1.8813,0.0089,0.0521,71,
0.5363,0.0787,1.8391,68,
1.8259,0.0037,0.0648,69,
0.5171,0.0715,1.7837,67,
1.8736,0.0038,0.0522,70,
0.5435,0.0830,1.8605,68,
0.1798,0.0229,5.2615,4,
1.8238,0.0088,0.0662,69,
0.5415,0.0836,1.8553,68,
1.8268,0.0046,0.0283,70,
0.5231,0.0750,1.8416,67,
1.8632,0.0046,0.0516,70,
0.5375,0.0845,1.9228,68,
0.1829,0.0124,2.9803,4,
1.8931,0.0038,0.0692,71,
0.5393,0.0836,1.9246,68,
0.1752,0.0191,4.6252,4,
1.8250,0.0036,0.1750,70,
0.5359,0.0774,1.8016,67,
0.2643,0.0228,6.7833,7,
1.8528,0.0081,0.0533,70,
0.5163,0.0674,1.8164,67,
0.2624,0.0115,8.3580,6,
1.8380,0.0096,0.1361,70,
0.5282,0.0736,1.7645,67,
0.1702,0.0021,0.6367,4,
1.8579,0.0151,0.0361,70,
0.5205,0.0710,1.8332,67,
1.8749,0.0111,0.0592,70,
0.5436,0.0824,1.8343,68,
1.8412,0.0096,0.0280,70,
0.5499,0.0864,1.8395,68,
1.8237,0.0043,0.0292,69,
0.5174,0.0705,1.8164,67,
0.1286,0.0111,5.3203,4,
1.8473,0.0075,0.0261,70,
0.5435,0.0822,1.8462,68,
1.8935,0.0068,0.3333,71,
0.5479,0.0955,2.0350,70,
1.8348,0.0097,0.0783,70,
0.5481,0.0913,2.0384,72,
0.1323,0.0235,9.5324,4,
1.8538,0.0129,0.0699,68,
0.5152,0.0807,2.0279,73,
1.7500,0.0153,0.0365,65,
0.5084,0.0814,2.0325,75,
0.2170,0.0346,11.0114,6,
1.6798,0.0053,0.2011,61,
0.5038,0.0726,1.9180,77,
0.1277,0.0065,3.1685,4,
1.6890,0.0049,0.0319,60,
0.4795,0.0621,1.8733,78,
0.2234,0.0243,4.8336,6,
1.6315,0.0057,0.0314,58,
0.4680,0.0618,1.9381,78,
0.2295,0.0234,5.5541,6,
1.6319,0.0047,0.1059,57,
0.4702,0.0660,2.0183,78,
0.3762,0.0513,5.0652,9,
1.5839,0.0030,0.0273,56,
0.4766,0.0735,2.1424,78,
0.3707,0.0565,3.6065,9,
1.6269,0.0039,0.0362,57,
0.4645,0.0603,1.9002,77,
0.3136,0.0257,5.8924,8,
1.6370,0.0040,0.0366,57,
0.4843,0.0719,2.0538,78,
0.2720,0.0042,7.6687,7,
1.6634,0.0077,0.0388,58,
0.4762,0.0674,2.0125,77,
0.3255,0.0267,2.1998,8,
1.6200,0.0069,0.0345,57,
0.4612,0.0456,1.7531,77,
0.2758,0.0037,0.8109,7,
1.6298,0.0052,0.0226,56,
0.4666,0.0412,3.5005,79,
0.2709,0.0070,0.7540,7,
1.5584,0.0055,0.4495,55,
0.4515,0.0301,5.9297,78,
0.2670,0.0068,1.8090,7,
1.6445,0.0046,0.0252,57,
0.4543,0.0329,7.7481,78,
0.2894,0.0069,1.3842,7,
1.6358,0.0046,0.0414,57,
0.4605,0.0327,5.4654,78,
0.2540,0.0063,7.7949,7,
1.6533,0.0134,0.0386,58,
0.4618,0.0377,2.3589,77,
0.2724,0.0219,10.6868,7,
1.6274,0.0046,0.0644,57,
0.4817,0.0524,1.6374,77,
0.2745,0.0081,3.4744,7,
1.6348,0.0066,0.0376,58,
0.4930,0.0690,1.8673,77,
0.2886,0.0250,7.6524,7,
1.6590,0.0058,0.0640,59,
0.4852,0.0697,1.8829,75,
0.2712,0.0284,4.6980,7,
1.6504,0.0087,0.0414,59,
0.4808,0.0665,1.8514,75,
0.2678,0.0159,10.4992,7,
1.6669,0.0055,0.0519,59,
0.4756,0.0676,1.9155,75,
0.2617,0.0067,1.7169,7,
1.6711,0.0098,0.1088,59,
0.4860,0.0703,1.9134,76,
0.2558,0.0041,1.0482,7,
1.6436,0.0091,0.0682,59,
0.4798,0.0670,1.8639,75,
0.3195,0.0185,1.7965,8,
1.5995,0.0106,0.0422,58,
0.4803,0.0643,1.8042,75,
0.2711,0.0067,1.9380,7,
1.6670,0.0114,0.0454,59,
0.4738,0.0596,1.7106,75,
0.2964,0.0197,3.1690,8,
1.6193,0.0062,0.0278,58,
0.4674,0.0541,1.7294,75,
0.2912,0.0283,3.1070,8,
1.6098,0.0095,0.0950,58,
0.4670,0.0557,1.6892,74,
0.2693,0.0081,9.3511,7,
1.6218,0.0090,0.1257,58,
0.4788,0.0686,1.8866,74,
0.3014,0.0635,5.8735,8,
1.6226,0.0033,0.0299,57,
0.4926,0.0722,1.9098,76,
0.2631,0.0694,7.1594,7,
1.5855,0.0071,0.0687,55,
0.4974,0.0660,1.7304,77,
0.2763,0.0187,2.0560,7,
1.5653,0.0053,0.0597,54,
0.5179,0.0724,1.7729,78,
0.2717,0.0047,0.5956,7,
1.6025,0.0112,0.0330,55,
0.5287,0.0677,1.6714,79,
0.2730,0.0170,1.7446,7,
1.5420,0.0044,0.0279,53,
0.5402,0.0695,1.7504,81,
0.2284,0.0049,0.9544,6,
1.5745,0.0087,0.0974,55,
0.5494,0.0713,1.7211,81,
0.2241,0.0056,1.3073,6,
1.5601,0.0056,0.1552,55,
0.5333,0.0711,1.7888,79,
0.1731,0.0067,1.8393,5,
1.5944,0.0059,0.1223,56,
0.5388,0.0850,1.9839,79,
0.1815,0.0056,1.3729,5,
1.5562,0.0039,0.0303,55,
0.5228,0.0847,2.0474,77,
0.1750,0.0055,1.4021,5,
1.6152,0.0044,0.0333,56,
0.5314,0.0920,2.1666,77,
0.1771,0.0060,1.6838,5,
1.5633,0.0070,0.0615,55,
0.5205,0.0912,2.2145,77,
0.1840,0.0078,1.9613,5,
1.5885,0.0073,0.0643,56,
0.5326,0.0926,2.1371,77,
0.1871,0.0060,2.0431,5,
1.6253,0.0032,0.1812,57,
0.5203,0.0848,2.0931,77,
0.1909,0.0026,7.0085,5,
1.6217,0.0052,0.0334,57,
0.5265,0.0834,2.0797,78,
0.1830,0.0082,2.4350,5,
1.5719,0.0049,1.9155,56,
0.5248,0.0858,2.0906,77,
0.1875,0.0056,1.2343,5,
1.6187,0.0065,0.0357,57,
0.5176,0.0870,2.1891,77,
0.1841,0.0078,2.0746,5,
1.6581,0.0097,0.1386,58,
0.5259,0.0883,2.1296,77,
0.1318,0.0012,1.0025,4,
1.6263,0.0034,0.0379,57,
0.5215,0.0852,2.1207,77,
0.1399,0.0063,2.6365,4,
1.6589,0.0099,0.0348,58,
0.5276,0.0861,2.0958,77,
0.1898,0.0065,2.3389,5,
1.6107,0.0122,0.0446,57,
0.5282,0.0891,2.1541,78,
0.1823,0.0068,2.1147,5,
1.5875,0.0029,0.0273,56,
0.5228,0.0851,2.0896,77,
0.1851,0.0073,1.8223,5,
1.6110,0.0062,0.0627,57,
0.5285,0.0897,2.1603,78,
0.1807,0.0077,14.6107,5,
1.5364,0.0077,0.1255,55,
0.5213,0.0870,2.1409,77,
0.1836,0.0105,2.9179,5,
1.6182,0.0088,0.2174,57,
0.5213,0.0839,2.0911,77,
0.1842,0.0053,1.9058,5,
1.6389,0.0050,0.0348,57,
0.5205,0.0857,2.1167,77,
0.1789,0.0062,3.8375,5,
1.5866,0.0063,0.0598,56,
0.5244,0.0813,2.0483,77,
0.1848,0.0048,1.1743,5,
1.6396,0.0031,0.0313,57,
0.5319,0.0858,2.0449,78,
0.2268,0.0078,1.3368,6,
1.6483,0.0058,0.0214,57,
0.5196,0.0843,2.1063,77,
0.2181,0.0163,4.3964,6,
1.5738,0.0042,0.0500,56,
0.5188,0.0835,2.0929,77,
0.2142,0.0107,1.7612,6,
1.6433,0.0075,0.0615,57,
0.5151,0.0797,2.0618,77,
0.2255,0.0043,0.8920,6,
1.6354,0.0072,0.2165,56,
0.5108,0.0737,2.0275,77,
0.2247,0.0043,0.7236,6,
1.4962,0.0071,0.4081,51,
0.5072,0.0719,2.0256,78,
0.2503,0.0053,0.8496,7,
1.3819,0.0051,0.1207,45,
0.5098,0.0716,1.9706,78,
0.3188,0.0249,2.9057,8,
0.1406,0.0326,21.9011,23,
1.1648,0.0067,0.0479,35,
0.4975,0.0619,1.8826,77,
0.3134,0.0257,2.8240,8,
0.1999,0.0942,13.3557,40,
0.4835,0.0530,1.8075,75,
0.3621,0.0626,3.3412,9,
0.2845,0.1011,9.3358,45,
0.4865,0.0559,1.8900,76,
0.3685,0.0544,3.8914,9,
0.2721,0.0339,12.3633,54,
0.5014,0.0562,1.7934,78,
0.3612,0.0480,3.9525,9,
0.2650,0.0611,13.0654,48,
0.4855,0.0549,1.8637,77,
0.3559,0.0542,3.8665,9,
0.2915,0.1029,9.6770,54,
0.4904,0.0540,1.8403,78,
0.3115,0.0374,3.4188,7,
0.2732,0.0759,11.1455,49,
0.4821,0.0539,1.8481,77,
0.2765,0.0166,7.4763,6,
0.2556,0.0581,13.1464,50,
0.4808,0.0535,1.8597,77,
0.3097,0.0273,2.0861,7,
0.2396,0.0647,13.9988,48,
0.4921,0.0594,1.9200,78,
0.1731,0.0101,2.9775,5,
0.2444,0.0600,13.7743,48,
0.4835,0.0532,1.8500,78,
0.2963,0.0296,2.7809,7,
0.2338,0.0547,14.2465,46,
0.4881,0.0599,1.9244,78,
0.2403,0.0038,0.6982,6,
0.2398,0.0638,13.6437,47,
0.4820,0.0570,1.9094,78,
0.3020,0.0321,2.8934,8,
0.2383,0.0548,13.8345,47,
0.4809,0.0550,1.8548,78,
0.2532,0.0084,11.8830,7,
0.2661,0.0409,13.2591,49,
0.4913,0.0576,1.8663,78,
0.2218,0.0028,0.4446,6,
0.2406,0.0613,13.7253,47,
0.4831,0.0521,1.8166,78,
0.2217,0.0099,1.9425,6,
0.2423,0.0735,14.0929,47,
0.4882,0.0600,1.9645,78,
0.2163,0.0104,1.8015,6,
0.2471,0.0722,13.7884,47,
0.4917,0.0556,1.8514,78,
0.2820,0.0592,5.5859,7,
0.2390,0.0641,13.9743,47,
0.4907,0.0578,1.8964,78,
0.2139,0.0119,2.2101,6,
0.2374,0.0531,13.9531,47,
0.4866,0.0599,1.9403,78,
0.2204,0.0119,2.0692,6,
0.2456,0.0678,13.6833,50,
0.4874,0.0595,1.9759,78,
0.2516,0.0107,1.5274,7,
0.2820,0.0485,9.5914,59,
0.4793,0.0560,1.9588,77,
0.2674,0.0252,3.7961,7,
0.2807,0.0694,11.6141,51,
0.4892,0.0564,1.8680,78,
0.2243,0.0109,1.6974,6,
0.2498,0.0794,13.8382,47,
0.4917,0.0572,1.8624,78,
0.2579,0.0093,2.3915,7,
0.2457,0.0698,13.5839,51,
0.4843,0.0560,1.8704,78,
0.2628,0.0083,3.8634,7,
0.2829,0.0463,7.7572,60,
0.4986,0.0616,1.9020,78,
0.2712,0.0260,8.3515,7,
0.2978,0.0448,5.0725,63,
0.4833,0.0551,1.9003,77,
0.2443,0.0205,6.6404,6,
0.2930,0.0565,7.0655,61,
0.4884,0.0560,1.8486,77,
0.2267,0.0270,4.0828,6,
0.2795,0.0377,10.9118,51,
0.5062,0.0642,1.8680,78,
0.2725,0.0614,5.4067,7,
0.2645,0.0465,12.6180,50,
0.4914,0.0557,1.7783,78,
0.2775,0.0511,4.7615,7,
0.2647,0.0446,12.6975,48,
0.4914,0.0573,1.8537,78,
0.2289,0.0421,5.5400,6,
0.2730,0.0822,10.8578,48,
0.4901,0.0573,1.8572,78,
0.2817,0.0414,3.8487,7,
0.2724,0.0424,11.2645,48,
0.4968,0.0607,1.8934,78,
0.2703,0.0373,3.9414,7,
0.2656,0.0708,9.9291,45,
0.2289,0.0010,4.2334,6,
0.4975,0.0557,1.8266,78,
0.2416,0.0380,10.3407,41,
0.3745,0.0027,0.2076,9,
0.4873,0.0542,1.8150,78,
0.2118,0.0453,11.9987,35,
0.4130,0.0022,0.1550,10,
0.4899,0.0587,1.8817,78,
0.1511,0.0061,2.3787,4,
0.0991,0.0663,22.0934,20,
0.6960,0.0036,0.1256,18,
0.4917,0.0538,1.7455,79,
0.1472,0.0074,2.9756,4,
0.0816,0.0310,27.3812,16,
0.9167,0.0033,0.1038,26,
0.4912,0.0561,1.8210,78,
0.1420,0.0013,0.5219,4,
0.0742,0.0172,21.5887,13,
0.6476,0.0023,0.1294,16,
0.4783,0.0520,1.8271,77,
0.3066,0.0400,5.0371,7,
0.0488,0.0045,32.3741,7,
0.2961,0.0025,0.6800,7,
0.4971,0.0589,1.8582,78,
0.2197,0.0198,3.3211,6,
0.0168,0.0069,117.2656,4,
0.4861,0.0508,1.8067,77,
0.2238,0.0248,3.8040,6,
0.0266,0.0024,29.5732,6,
0.4796,0.0507,1.7866,77,
0.2351,0.0339,4.6139,6,
0.1478,0.0034,1.2339,4,
0.4856,0.0513,1.7579,77,
0.2373,0.0274,3.8195,6,
0.2015,0.0020,0.9276,5,
0.4790,0.0504,1.7766,78,
0.1890,0.0167,3.7672,5,
0.1995,0.0009,0.2098,5,
0.4697,0.0500,1.8341,77,
0.1880,0.0087,2.2261,5,
0.2446,0.0022,1.8070,6,
0.4829,0.0478,1.7154,78,
0.2343,0.0251,3.6019,6,
0.3643,0.0021,0.8832,9,
0.4712,0.0506,1.8571,77,
0.2474,0.0220,2.9817,6,
0.3569,0.0019,0.1706,9,
0.4765,0.0483,1.7857,78,
0.1892,0.0193,4.2166,5,
0.4427,0.0014,0.7743,11,
0.4745,0.0486,1.8241,78,
0.1822,0.0020,15.0172,5,
0.4420,0.0033,0.2944,11,
0.4686,0.0509,1.8778,77,
0.1846,0.0076,1.9411,5,
0.4779,0.0052,0.1890,12,
0.4757,0.0489,1.8044,78,
0.1942,0.0203,4.1296,5,
0.4928,0.0033,0.5142,12,
0.4802,0.0522,1.8433,78,
0.1855,0.0078,1.9805,5,
0.5181,0.0068,0.5093,13,
0.4704,0.0501,1.8525,77,
0.1854,0.0073,1.8088,5,
0.5708,0.0032,1.1976,14,
0.4779,0.0540,1.8885,78,
0.1916,0.0145,3.5690,5,
0.5712,0.0023,1.1193,14,
0.4671,0.0502,1.8681,77,
0.2434,0.0203,3.2127,6,
0.5553,0.0054,0.3046,14,
0.4731,0.0492,1.8292,78,
0.2015,0.0288,5.3959,5,
0.7214,0.0044,0.2894,19,
0.4832,0.0542,1.8469,78,
0.2351,0.0048,0.6990,6,
0.8758,0.0016,0.1483,24,
0.4627,0.0483,1.8578,77,
0.1924,0.0131,3.1194,5,
0.9477,0.0026,0.1971,27,
0.4615,0.0493,1.9582,77,
0.2002,0.0156,3.0661,5,
1.0369,0.0031,0.0438,30,
0.4524,0.0493,2.1446,76,
0.1902,0.0036,0.8700,5,
1.0228,0.0059,0.0530,29,
0.4367,0.0443,2.4350,77,
0.1385,0.0006,0.2963,4,
0.9460,0.0023,0.0647,27,
0.4306,0.0436,2.6704,76,
0.2004,0.0183,3.5003,5,
0.9196,0.0034,0.1685,26,
0.4040,0.0302,3.3171,74,
0.1476,0.0053,2.0047,4,
0.8823,0.0029,0.1129,24,
0.4046,0.0250,5.0887,73,
0.1472,0.0040,1.4892,4,
0.8162,0.0021,0.4705,22,
0.3858,0.0261,8.7097,70,
0.1969,0.0108,2.4173,5,
0.7483,0.0026,0.3562,20,
0.3729,0.0307,6.4928,67,
0.1442,0.0021,0.9055,4,
0.7305,0.0042,0.3056,19,
0.3313,0.0257,7.1933,60,
0.1450,0.0051,1.9449,4,
0.6359,0.0023,0.0987,17,
0.3013,0.0222,9.1687,52,
0.1390,0.0091,3.7399,4,
0.6638,0.0040,0.3550,17,
0.2809,0.0276,12.1414,46,
0.1952,0.0141,3.9455,5,
0.5906,0.0027,0.7787,15,
0.2599,0.0321,6.2439,40,
0.1363,0.0012,0.5459,4,
0.6497,0.0041,1.3753,16,
0.2374,0.0350,6.8888,34,
0.1870,0.0146,4.5516,5,
0.5282,0.0015,0.3991,13,
0.2253,0.0348,6.8397,30,
0.1998,0.0265,5.2685,5,
0.3948,0.0020,0.2663,10,
0.1973,0.0231,11.8872,26,
0.1894,0.0202,4.4367,5,
0.3246,0.0051,0.5429,8,
0.1913,0.0237,7.4098,23,
0.1988,0.0348,6.2260,5,
0.3356,0.0020,0.9284,8,
0.1559,0.0183,9.3120,19,
0.1376,0.0057,2.3915,4,
0.1349,0.0565,15.2040,4,
0.2526,0.0037,0.6376,6,
0.1169,0.0181,10.1300,14,
0.1991,0.0193,3.8572,5,
0.1789,0.0580,10.2228,5,
0.1488,0.0020,0.7334,4,
0.0857,0.0135,13.5913,9,
0.1960,0.0198,4.0126,5,
0.1364,0.0564,14.8412,4,
0.0926,0.0525,24.4425,16,
0.0724,0.0085,12.3218,7,
0.1875,0.0084,1.8422,5,
0.0808,0.0050,19.9562,17,
0.0484,0.0035,12.7358,4,
0.1401,0.0074,2.9588,4,
0.2742,0.0535,8.5013,29,
0.1894,0.0076,1.5971,5,
0.3229,0.0563,5.7086,31,
0.2141,0.0420,6.2121,5,
0.3211,0.0970,7.0282,35,
0.1849,0.0149,3.5453,5,
0.3805,0.0784,5.8885,40,
0.1365,0.0070,2.9887,4,
0.1536,0.0088,2.9887,5,
0.1849,0.0868,16.5365,19,
0.0952,0.0036,5.0582,11,
0.1823,0.0112,2.7737,5,
0.2565,0.0313,3.5625,8,
0.1008,0.0776,23.1422,17,
0.0899,0.0074,10.1257,10,
0.1941,0.0187,3.9554,5,
0.3462,0.0635,3.7902,11,
0.0997,0.0827,22.6257,14,
0.0884,0.0083,8.2407,10,
0.1861,0.0102,3.2449,5,
0.3793,0.0982,4.3286,12,
0.0967,0.0701,25.0558,17,
0.0754,0.0034,7.8825,9,
0.1558,0.0045,1.8275,5,
0.3731,0.0664,3.5177,12,
0.0958,0.0704,25.2030,18,
0.0763,0.0040,7.4499,9,
0.1372,0.0006,0.2906,4,
0.3952,0.0873,3.6849,12,
0.1107,0.0788,22.5395,17,
0.0804,0.0044,6.0325,9,
0.1449,0.0025,0.9701,4,
0.3733,0.0662,3.7934,12,
0.0902,0.0714,24.8822,15,
0.0962,0.0120,9.5579,10,
0.1355,0.0042,1.8820,4,
0.3311,0.0565,3.7575,11,
0.1568,0.0865,18.5238,15,
0.0817,0.0053,7.5701,9,
0.3572,0.1174,5.4532,11,
0.1125,0.0169,17.4221,13,
0.0781,0.0031,4.8245,9,
0.3082,0.0352,8.0049,8,
0.1051,0.0848,22.5262,15,
0.0784,0.0057,7.5671,9,
0.2626,0.0384,4.4254,9,
0.1359,0.0657,21.3848,21,
0.0769,0.0047,6.8245,9,
0.2417,0.0568,6.4759,8,
0.1495,0.0966,20.3093,24,
0.0950,0.0077,6.6925,10,
0.2513,0.0708,6.8406,7,
0.1419,0.0658,20.5315,24,
0.0794,0.0053,7.2869,9,
0.2091,0.0428,6.6831,6,
0.1568,0.0759,20.3136,24,
0.0837,0.0036,4.3754,10,
0.1322,0.0212,8.7947,4,
0.1606,0.0868,19.9610,24,
0.0909,0.0069,6.3585,10,
0.2548,0.0171,4.9842,6,
0.1560,0.1027,19.2590,25,
0.0799,0.0033,6.1251,9,
0.2422,0.0150,11.4931,6,
0.1314,0.0503,21.7786,21,
0.0889,0.0071,7.1344,10,
0.1770,0.0210,5.2789,5,
0.1218,0.0693,20.9617,16,
0.0920,0.0063,6.4598,10,
0.1275,0.0015,1.2540,4,
0.0902,0.0602,25.5908,15,
0.0887,0.0049,5.9610,10,
0.0973,0.0663,22.5675,14,
0.0930,0.0072,6.9376,10,
0.0888,0.0519,24.4916,12,
0.0883,0.0073,7.4665,10,
0.0842,0.0457,25.7044,12,
0.0821,0.0052,8.4001,9,
0.0905,0.0585,24.3062,14,
0.0852,0.0025,22.7412,10,
0.0888,0.0550,23.8433,12,
0.0764,0.0035,7.0303,9,
0.0992,0.0695,22.3076,15,
0.0895,0.0057,5.5981,10,
0.0915,0.0756,23.7081,16,
0.0890,0.0066,6.7804,10,
0.1061,0.0744,21.8290,17,
0.0934,0.0090,8.0506,10,
0.1015,0.0744,22.6979,17,
0.0796,0.0055,8.3083,9,
0.0927,0.0687,23.6287,18,
0.0927,0.0065,7.4238,10,
0.1228,0.0765,20.1598,17,
0.0832,0.0041,6.4321,10,
0.0877,0.0640,24.5262,15,
0.0769,0.0038,7.0152,9,
0.1209,0.0725,20.6938,16,
0.0869,0.0040,6.7211,10,
0.0871,0.0681,24.8368,15,
0.0767,0.0027,3.7650,9,
0.0862,0.0673,25.0926,15,
0.0955,0.0092,7.5678,10,
0.0880,0.0705,23.8819,15,
0.0806,0.0041,6.8553,9,
0.1105,0.0735,20.9230,15,
0.0882,0.0034,4.4284,10,
0.0900,0.0758,24.0950,16,
0.0834,0.0041,4.9530,9,
0.1278,0.0582,21.7653,17,
0.0742,0.0024,19.9746,9,
0.1058,0.0752,22.9506,18,
0.0884,0.0067,6.9809,10,
0.0960,0.0715,26.4368,17,
0.0771,0.0016,18.2726,9,
0.1009,0.0826,23.2368,15,
0.0771,0.0053,7.4010,9,
0.1009,0.0181,24.7234,12,
0.0748,0.0039,5.9701,9,
0.0967,0.0319,28.1962,12,
0.0880,0.0073,7.7284,10,
0.0911,0.0625,26.1668,15,
0.0894,0.0064,6.4824,10,
0.1087,0.0760,22.0425,18,
0.0781,0.0036,5.1551,9,
0.0982,0.0730,22.6459,15,
0.0883,0.0048,4.9787,10,
0.0969,0.0336,25.9168,12,
0.0834,0.0033,16.0140,10,
0.0997,0.0823,23.4026,15,
0.0757,0.0042,6.3565,9,
0.0989,0.0709,22.2896,15,
0.0832,0.0036,4.8280,9,
0.1778,0.0727,14.9072,17,
0.0824,0.0072,8.9913,9,
0.0994,0.0778,23.1518,17,
0.0812,0.0049,6.0687,9,
0.0931,0.0749,24.6978,17,
0.0783,0.0050,7.4043,9,
0.0972,0.0715,24.0785,17,
0.0768,0.0044,6.6883,9,
0.0898,0.0750,24.4602,16,
0.0796,0.0057,7.8896,9,
0.1044,0.0709,24.1363,15,
0.0727,0.0069,10.2665,8,
0.1078,0.0809,20.3085,13,
0.0772,0.0030,6.9820,9,
0.1048,0.0614,23.3315,11,
0.0812,0.0068,8.3690,9,
0.0967,0.0338,28.0493,12,
0.0787,0.0047,8.2483,9,
0.0960,0.0415,26.5843,14,
0.0912,0.0080,7.8738,10,
0.1155,0.0659,21.8137,18,
0.0871,0.0067,7.9270,10,
0.1163,0.0556,21.3496,20,
0.0803,0.0070,8.6449,9,
0.1196,0.0595,21.7702,19,
0.0765,0.0059,10.0140,9,
0.0559,0.0008,2.2727,4,
0.1214,0.0729,20.9782,20,
0.0815,0.0100,11.2949,8,
0.1028,0.0086,6.2252,10,
0.1181,0.0612,21.8279,20,
0.0689,0.0045,7.6159,7,
0.0840,0.0042,5.0297,10,
0.1143,0.0476,22.3133,16,
0.1078,0.0132,8.7367,10,
0.0929,0.0095,8.4611,12,
0.1207,0.0528,22.1633,16,
0.1309,0.0190,7.9551,11,
0.1087,0.0097,6.1937,15,
0.1178,0.0553,21.9323,17,
0.1304,0.0140,8.1172,12,
0.1076,0.0117,7.2086,16,
0.1183,0.0549,21.6109,18,
0.1625,0.0164,6.2307,14,
0.1709,0.0187,4.5594,28,
0.1287,0.0821,20.2081,20,
0.1343,0.0029,1.8055,13,
0.1787,0.0159,3.7525,35,
0.1205,0.0528,21.6133,17,
0.1349,0.0077,4.0318,13,
0.2693,0.0404,4.0676,50,
0.1195,0.0572,21.8877,18,
0.1447,0.0046,2.2105,13,
0.2886,0.0382,3.8280,63,
0.1172,0.0566,22.3133,18,
0.1500,0.0038,10.3994,13,
0.2944,0.0478,3.9964,65,
0.1165,0.0574,22.1603,17,
0.1217,0.0045,7.7816,10,
0.3787,0.0568,3.1593,73,
0.1158,0.0480,21.7291,14,
0.1171,0.0038,2.6982,10,
0.3819,0.0772,3.9755,74,
0.1301,0.0753,20.4075,17,
0.0966,0.0048,8.8644,9,
0.3696,0.0820,4.6446,73,
0.1187,0.0453,21.3192,14,
0.0888,0.0055,8.0650,8,
0.3576,0.0835,5.0872,72,
0.1223,0.0290,21.5869,14,
0.0745,0.0048,7.9519,7,
0.3608,0.0883,4.9788,74,
0.1545,0.0230,7.0889,4,
0.1200,0.0500,21.7930,17,
0.1015,0.0085,7.4022,8,
0.3752,0.0902,4.5603,78,
0.1251,0.0661,21.5451,18,
0.0848,0.0026,26.4380,8,
0.3750,0.0878,4.4324,83,
0.1141,0.0550,22.8303,20,
0.0974,0.0032,10.6322,8,
0.3867,0.0896,4.3066,84,
0.1065,0.0531,23.8068,18,
0.6039,0.0942,2.5415,93,
0.1132,0.0542,21.9697,16,
0.5911,0.0964,2.5946,92,
0.1158,0.0519,23.3892,20,
0.6003,0.0925,2.5832,93,
0.1158,0.0554,22.8049,19,
0.0832,0.0050,29.3989,7,
0.3790,0.0906,4.3792,82,
0.1176,0.0518,23.6624,20,
0.5716,0.0921,2.6283,90,
0.1125,0.0045,3.0976,4,
0.1159,0.0501,24.0409,21,
0.1056,0.0126,10.8149,8,
0.3814,0.0785,4.1530,83,
0.1679,0.0191,5.3853,5,
0.1132,0.0468,22.8489,15,
0.5776,0.0963,2.7477,92,
0.1679,0.0180,5.5869,5,
0.1170,0.0652,21.9048,17,
0.0701,0.0043,9.4575,7,
0.3814,0.0895,4.3057,82,
0.2199,0.0090,12.1589,6,
0.1422,0.0703,18.6167,15,
0.5880,0.0993,2.7442,91,
0.2132,0.0182,8.7560,6,
0.1219,0.0566,20.1037,15,
0.5865,0.0942,2.5668,92,
0.2106,0.0278,4.9211,6,
0.1240,0.0745,18.6353,15,
0.1018,0.0029,6.3959,8,
0.3797,0.0878,4.4083,82,
0.2218,0.0187,3.1565,6,
0.1280,0.0728,20.4655,24,
0.1023,0.0106,12.1651,8,
0.3841,0.0917,4.3997,82,
0.2124,0.0238,3.8082,6,
0.1295,0.0574,21.2987,23,
0.0970,0.0025,4.6250,9,
0.3816,0.0912,4.4571,80,
0.2156,0.0324,5.1850,6,
0.1619,0.0810,17.9794,22,
0.1182,0.0049,3.9725,13,
0.3670,0.0859,4.4962,78,
0.2226,0.0318,4.9487,6,
0.5794,0.1391,5.2165,111,
0.1944,0.0341,6.2464,6,
0.5671,0.1049,4.7792,112,
0.2496,0.0277,5.0244,7,
0.5704,0.1831,4.6787,125,
0.2468,0.0390,4.7927,7,
0.5756,0.2944,4.8154,148,
0.2248,0.0391,5.4627,7,
0.5797,0.3056,4.8163,151,
0.3001,0.0436,4.1268,9,
0.5724,0.2870,4.8709,145,
0.2447,0.0429,4.9533,8,
0.5716,0.1741,4.5509,125,
0.2771,0.0590,5.2616,9,
0.5814,0.1208,4.7326,123,
0.3159,0.0543,4.2129,10,
0.5957,0.2217,5.1023,127,
0.3123,0.0601,4.4163,10,
0.6174,0.3115,4.8517,136,
0.3454,0.0730,4.2296,11,
0.6233,0.3055,4.8650,135,
0.3771,0.0819,4.1090,12,
0.3460,0.0964,7.2863,51,
0.3697,0.0886,4.7261,79,
0.3744,0.1144,4.7541,12,
0.3491,0.0969,7.1468,49,
0.3788,0.0880,4.4673,81,
0.3538,0.1062,4.9948,11,
0.6325,0.2854,4.8480,132,
0.3853,0.1168,4.7135,12,
0.6357,0.2615,4.9051,136,
0.3540,0.1055,4.8958,11,
0.6472,0.2670,4.9075,137,
0.3598,0.0935,4.4497,11,
0.6511,0.2605,4.9029,134,
0.3940,0.1018,4.0664,12,
0.6335,0.2862,4.9093,138,
0.3520,0.0655,3.8711,11,
0.6100,0.2525,5.2007,132,
0.3564,0.0689,3.8428,11,
0.5878,0.2060,4.7778,117,
0.3456,0.0714,4.1508,11,
0.5768,0.1599,4.4622,124,
0.3638,0.0728,3.7863,11,
0.5717,0.3097,4.8417,132,
0.0722,0.0039,7.3844,5,
0.7361,0.0043,0.4645,18,
0.2013,0.0059,4.7689,14,
0.4482,0.0468,3.6053,16,
0.7896,0.0041,0.1884,20,
0.0226,0.0013,50.8873,11,
0.5004,0.0559,4.4503,19,
0.0665,0.0052,17.5190,4,
0.8929,0.0053,0.0648,22,
0.0217,0.0007,79.7913,11,
0.2855,0.0088,1.8591,12,
0.0647,0.0037,18.6903,4,
0.0785,0.0037,4.8697,5,
0.1491,0.0078,8.5461,7,
0.9162,0.0126,0.3337,23,
0.0234,0.0022,34.1886,11,
0.2737,0.0153,2.1936,12,
0.0708,0.0042,18.2144,4,
0.0540,0.0049,13.5212,4,
0.0933,0.0114,11.3050,6,
0.8765,0.0086,0.1023,22,
0.0225,0.0008,111.7359,11,
0.2682,0.0101,1.3393,12,
0.1200,0.0139,8.4478,6,
0.1481,0.0116,18.8426,8,
0.8829,0.0120,0.1511,22,
0.0208,0.0016,33.3351,11,
0.0913,0.0021,2.0062,4,
0.2695,0.0207,2.6465,13,
0.1136,0.0140,9.2748,6,
0.0982,0.0126,10.8915,7,
0.8866,0.0048,0.1038,22,
0.0225,0.0013,27.0913,11,
0.1534,0.0081,2.7108,4,
0.2646,0.0534,7.0471,12,
0.0764,0.0047,6.4652,6,
0.1436,0.0142,18.6752,8,
0.8767,0.0058,0.2363,22,
0.0234,0.0013,22.0520,11,
0.2049,0.0234,4.1761,7,
0.2765,0.0359,3.5899,11,
0.1426,0.0195,7.1002,7,
0.0923,0.0138,13.6311,7,
0.8726,0.0056,0.0831,22,
0.0214,0.0014,31.2968,10,
0.2208,0.0381,5.5857,8,
0.2666,0.0260,3.0403,11,
0.0783,0.0012,1.7887,6,
0.1391,0.0152,20.7487,8,
0.8765,0.0049,0.0611,22,
0.0225,0.0020,32.2666,11,
0.2409,0.0345,4.6741,9,
0.2473,0.0228,3.1073,10,
0.0805,0.0007,0.9336,6,
0.1434,0.0192,16.5598,8,
0.8617,0.0078,0.1777,22,
0.0225,0.0014,60.7779,11,
0.1850,0.0297,6.4293,8,
0.2509,0.0298,3.6861,10,
0.0985,0.0013,7.5777,7,
0.1060,0.0170,12.4057,8,
0.8743,0.0052,0.5003,22,
0.0235,0.0012,25.6520,11,
0.2718,0.0377,3.6677,7,
0.2181,0.0322,4.9374,9,
0.1230,0.0057,4.4147,8,
0.1405,0.0151,18.9299,7,
0.8957,0.0054,0.1012,22,
0.1220,0.0060,5.1569,12,
0.1885,0.0366,7.0373,7,
0.2492,0.0481,5.6061,9,
0.0792,0.0093,11.3263,7,
0.0893,0.0115,11.8459,7,
0.8975,0.0039,0.0753,22,
0.1963,0.0193,5.8486,14,
0.1589,0.0171,4.8959,5,
0.0953,0.0156,12.6899,9,
0.0974,0.0612,21.8224,9,
0.1348,0.0091,20.3750,8,
0.8998,0.0050,0.3861,22,
0.0225,0.0021,33.1538,11,
0.1496,0.0150,5.3943,4,
0.1532,0.0049,2.0544,6,
0.1551,0.0507,15.7841,8,
0.0813,0.0162,27.2099,4,
0.0908,0.0080,12.5687,4,
0.8659,0.0046,0.1333,22,
0.1185,0.0066,5.8923,12,
0.1168,0.0064,3.8860,4,
0.1254,0.0150,7.1327,4,
0.2041,0.0140,4.1392,9,
0.1416,0.0819,15.5266,12,
0.8607,0.0055,0.1071,22,
0.0236,0.0009,15.1598,11,
0.1510,0.0140,4.9277,5,
0.2138,0.0167,3.2202,9,
0.0245,0.0105,93.5052,8,
0.0626,0.0048,10.3258,5,
0.8833,0.0029,0.1323,22,
0.0226,0.0016,22.6830,11,
0.1686,0.0170,4.3327,6,
0.1630,0.0095,4.1430,14,
0.1103,0.0064,4.4590,6,
0.1025,0.0126,9.9176,7,
0.8819,0.0074,0.0855,22,
0.0225,0.0013,59.9483,11,
0.1804,0.0230,5.9218,6,
0.1820,0.0562,16.9556,29,
0.9350,0.0163,0.1937,23,
0.0217,0.0019,36.2582,11,
0.3436,0.0390,3.0133,9,
0.2149,0.0185,3.3322,10,
0.1653,0.0222,15.6799,27,
0.8929,0.0047,0.1401,22,
0.0234,0.0013,22.0360,11,
0.3830,0.0757,3.8789,12,
0.2374,0.0354,4.6755,12,
0.1733,0.0499,10.3735,25,
0.8152,0.0032,0.0595,20,
0.0226,0.0021,38.8657,11,
0.4139,0.0747,3.2434,12,
0.2427,0.0302,4.0190,12,
0.1530,0.0431,21.4109,30,
0.7473,0.0043,0.1301,19,
0.0217,0.0018,31.3016,11,
0.3423,0.0353,2.8051,10,
0.2809,0.0278,2.9739,14,
0.0770,0.0208,33.0821,26,
0.7541,0.0040,0.2566,19,
0.0226,0.0020,33.6600,11,
0.3100,0.0213,2.2343,9,
0.2571,0.0287,3.5024,13,
0.1020,0.0101,33.9340,26,
0.0658,0.0049,10.7340,4,
0.7573,0.0066,1.0525,19,
0.0217,0.0028,54.7609,11,
0.2832,0.0163,1.6573,8,
0.2499,0.0211,2.6744,12,
0.1314,0.0247,18.9719,30,
0.0687,0.0019,3.5161,4,
0.7716,0.0064,0.1720,19,
0.0235,0.0026,37.7343,11,
0.2443,0.0235,3.1432,7,
0.3660,0.0649,3.3615,18,
0.1498,0.0367,11.4817,22,
0.0669,0.0017,3.4291,4,
0.7725,0.0062,0.1277,19,
0.0225,0.0026,49.2456,11,
0.2544,0.0066,1.4469,7,
0.3935,0.0725,3.4253,21,
0.1907,0.1108,14.6450,22,
0.0567,0.0004,1.2503,4,
0.0660,0.0016,3.5768,4,
0.7798,0.0060,0.1092,19,
0.0207,0.0027,65.1948,11,
0.2988,0.0245,9.6465,8,
0.4527,0.0769,3.5956,25,
0.1741,0.1204,15.1380,23,
0.0695,0.0033,22.9301,4,
0.7003,0.0029,0.0761,18,
0.0201,0.0031,66.7264,11,
0.2670,0.0127,2.0734,7,
0.4998,0.0992,3.2736,27,
0.1716,0.1081,19.2766,29,
0.0653,0.0046,9.7687,4,
0.7677,0.0044,0.0624,19,
0.0216,0.0018,39.4816,11,
0.0480,0.0033,11.6296,4,
0.2737,0.0285,3.2896,7,
0.5371,0.1062,3.1714,29,
0.1652,0.1009,19.1547,27,
0.7605,0.0050,0.1324,19,
0.0217,0.0017,32.1452,11,
0.0465,0.0016,10.2496,5,
0.3121,0.0076,0.6390,8,
0.5053,0.0960,3.3209,28,
0.1432,0.0614,18.9356,23,
0.0699,0.0034,6.3256,4,
0.7562,0.0066,0.1313,19,
0.0217,0.0023,40.7802,11,
0.0835,0.0027,3.2623,8,
0.3266,0.0152,1.3576,8,
0.4921,0.0765,4.0690,29,
0.1463,0.1025,19.6058,26,
0.0663,0.0037,6.6236,4,
0.7710,0.0106,0.1533,19,
0.0208,0.0021,39.2584,11,
0.0699,0.0039,7.2892,9,
0.0815,0.0036,4.8832,5,
0.0775,0.0107,13.2803,9,
0.2914,0.0029,0.2969,7,
0.4570,0.0602,5.5062,28,
0.2037,0.0047,1.5607,5,
0.1371,0.0699,21.6307,28,
0.7578,0.0027,0.1060,19,
0.0224,0.0024,44.5484,11,
0.1457,0.0106,10.9202,11,
0.1265,0.0127,6.2175,15,
0.4867,0.0761,5.1123,29,
0.1512,0.0038,1.3451,4,
0.1406,0.0572,22.1486,26,
0.0670,0.0022,5.8305,4,
0.7605,0.0023,0.2724,19,
0.0216,0.0064,87.9453,11,
0.0902,0.0054,10.5832,4,
0.1455,0.0053,2.3396,11,
0.1553,0.0163,5.6980,18,
0.1568,0.0175,5.3631,4,
0.5007,0.0794,5.7133,29,
0.1707,0.1101,15.4771,23,
0.0684,0.0027,5.0742,4,
0.7505,0.0052,0.1183,19,
0.0208,0.0031,65.0300,11,
0.1893,0.1094,14.0751,19,
0.1678,0.0095,3.9312,19,
0.4812,0.0768,5.6879,30,
0.2309,0.1197,13.1979,23,
0.0656,0.0039,8.2027,4,
0.7704,0.0042,0.0970,19,
0.0218,0.0033,73.3043,11,
0.1923,0.0549,12.1213,18,
0.1782,0.0093,2.8888,21,
0.4644,0.0814,5.3303,28,
0.1028,0.0071,22.5496,10,
0.0455,0.0027,47.5161,7,
0.0390,0.0144,48.6460,4,
0.0324,0.0138,76.4662,6,
0.7740,0.0031,0.0566,19,
0.0226,0.0020,33.4859,11,
0.2133,0.0445,10.3140,18,
0.1824,0.0102,3.4679,22,
0.5042,0.0914,3.9334,28,
0.2993,0.0341,6.9434,19,
0.1574,0.0751,15.1836,9,
0.7998,0.0133,1.1916,20,
0.0200,0.0030,69.6613,11,
0.1907,0.0562,10.8880,16,
0.1953,0.0099,2.5864,23,
0.4749,0.0622,4.1150,26,
0.2684,0.0490,5.6050,18,
0.0884,0.0226,27.3111,7,
0.8208,0.0061,0.1079,20,
0.0223,0.0030,45.4171,12,
0.2106,0.0599,11.1597,17,
0.1868,0.0115,3.0733,22,
0.0884,0.0070,10.8334,5,
0.4494,0.0462,7.4298,22,
0.1849,0.0375,8.5375,14,
0.0374,0.0094,60.1162,5,
0.8238,0.0033,0.2351,21,
0.0196,0.0027,54.7498,10,
0.1925,0.0866,14.1131,17,
0.1754,0.0124,3.6152,21,
0.2796,0.0403,3.5221,11,
0.2508,0.0493,9.6051,12,
0.1916,0.0244,11.0859,16,
0.0384,0.0093,46.3663,5,
0.8766,0.0052,0.1620,22,
0.0208,0.0016,32.4197,11,
0.1685,0.1025,16.0639,17,
0.1802,0.0141,3.4651,22,
0.0686,0.0070,11.9392,4,
0.0729,0.0110,14.6265,4,
0.3415,0.0467,6.1420,18,
0.1247,0.0220,13.0514,11,
0.0411,0.0064,27.7478,4,
0.8929,0.0049,0.0538,22,
0.0217,0.0032,61.4393,11,
0.1484,0.0966,18.3661,17,
0.1639,0.0111,4.1735,21,
0.4316,0.0550,7.0945,22,
0.1316,0.0067,3.0454,8,
0.0417,0.0059,32.2989,5,
0.8909,0.0049,0.2012,22,
0.0226,0.0024,39.8136,11,
0.1523,0.0659,19.9790,17,
0.1574,0.0158,5.2905,19,
0.4122,0.0435,7.8518,22,
0.2069,0.0265,4.9958,8,
0.0403,0.0035,33.5331,4,
0.0873,0.0133,13.4078,7,
0.8770,0.0055,0.1194,22,
0.0237,0.0026,46.5551,12,
0.1584,0.0343,15.4937,17,
0.1466,0.0179,6.3387,17,
0.3554,0.0595,6.1022,19,
0.3455,0.0182,8.9618,11,
0.0172,0.0065,111.8222,4,
0.1839,0.0218,5.3547,8,
0.8586,0.0036,0.3248,22,
0.0816,0.0020,2.5862,4,
0.0234,0.0031,51.0470,11,
0.1780,0.0395,13.2136,19,
0.1080,0.0154,10.3283,12,
0.4123,0.1702,5.1330,21,
0.3516,0.0244,4.8942,12,
0.0281,0.0054,57.4330,4,
0.0981,0.0068,5.5158,6,
0.8746,0.0037,0.0657,22,
0.0209,0.0026,49.1335,11,
0.1694,0.0726,15.9937,19,
0.0519,0.0081,22.5170,6,
0.3417,0.0535,3.9041,18,
0.3064,0.0193,5.1599,13,
0.0413,0.0107,48.8523,5,
0.0630,0.0183,29.1533,6,
0.8714,0.0047,0.2015,22,
0.0679,0.0023,3.8472,4,
0.0225,0.0028,49.4498,11,
0.1666,0.0295,7.5485,10,
0.3838,0.0686,4.0508,19,
0.0717,0.0028,4.8963,4,
0.2233,0.0100,2.7308,15,
0.1162,0.0065,18.7365,5,
0.1746,0.0270,10.5749,8,
0.8775,0.0073,0.0949,22,
0.0234,0.0025,41.6241,11,
0.0444,0.0011,15.7018,5,
0.3784,0.0986,4.4494,18,
0.1149,0.0069,3.9958,5,
0.2312,0.0205,2.8713,16,
0.1304,0.0085,7.7560,5,
0.1711,0.0213,8.6529,9,
0.8961,0.0058,0.1051,22,
0.0725,0.0022,3.7628,4,
0.0216,0.0027,50.4091,11,
0.3980,0.0939,4.0082,18,
0.4337,0.0272,1.9732,21,
0.1192,0.0060,18.4505,5,
0.1711,0.0331,10.8152,10,
0.8857,0.0214,0.8348,22,
0.0215,0.0042,78.1433,11,
0.3668,0.0713,3.9029,17,
0.0555,0.0086,23.3365,4,
0.2954,0.0297,2.5950,16,
0.0351,0.0062,35.9172,4,
0.1908,0.0983,11.8218,12,
0.8914,0.0040,0.6731,22,
0.0841,0.0011,8.9015,4,
0.0216,0.0029,53.6875,11,
0.3733,0.0534,3.1812,16,
0.2169,0.0192,3.4947,13,
0.0186,0.0056,103.3873,4,
0.2459,0.0735,7.5703,16,
0.8821,0.0047,0.1315,22,
0.0848,0.0045,5.6375,4,
0.0208,0.0022,46.3904,11,
0.3115,0.0459,3.6888,13,
0.1951,0.0187,3.8496,11,
0.1043,0.0040,12.2058,4,
0.2681,0.0510,5.0607,19,
0.8644,0.0102,0.1809,22,
0.0877,0.0008,6.5272,5,
0.0233,0.0029,49.2639,11,
0.2785,0.0241,2.6702,11,
0.2164,0.0181,2.9294,10,
0.3162,0.0433,4.0922,20,
0.8677,0.0057,0.3392,22,
0.0995,0.0045,4.0265,5,
0.0226,0.0029,52.7306,11,
0.2242,0.0162,2.4615,8,
0.2474,0.0220,2.7268,11,
0.0689,0.0126,29.3260,4,
0.2745,0.0363,5.2955,18,
0.1006,0.0008,0.7860,4,
0.8924,0.0067,0.0943,22,
0.0839,0.0038,4.7129,4,
0.0234,0.0031,49.6922,11,
0.0308,0.0049,37.1742,4,
0.1313,0.0085,3.7599,5,
0.0863,0.0204,21.1415,4,
0.2479,0.0246,3.0098,13,
0.0673,0.0198,29.7094,4,
0.1753,0.0359,7.7321,16,
0.1693,0.0027,2.0988,6,
0.8948,0.0047,0.0563,22,
0.1070,0.0097,7.2038,4,
0.0222,0.0034,86.1801,10,
0.1757,0.0077,14.8345,14,
0.1008,0.0292,18.1578,5,
0.2445,0.0235,2.9951,11,
0.0695,0.0029,15.1120,4,
0.1892,0.0385,10.5653,18,
0.1692,0.0019,3.6908,6,
0.8969,0.0052,0.1016,22,
0.0715,0.0009,1.5635,4,
0.0226,0.0034,59.9525,11,
0.0395,0.0032,16.3649,5,
0.0551,0.0007,1.6859,5,
0.3215,0.0434,2.9001,13,
0.2092,0.0362,17.3084,18,
0.1661,0.0017,9.6883,6,
0.9150,0.0108,0.0917,23,
0.0911,0.0052,5.1931,5,
0.0255,0.0033,50.3555,12,
0.0276,0.0040,38.5052,4,
0.0700,0.0085,14.5935,6,
0.2631,0.0313,3.4865,12,
0.0505,0.0099,39.3331,4,
0.1862,0.0412,17.7655,18,
0.1819,0.0018,1.6601,6,
0.9117,0.0033,0.0795,23,
0.0830,0.0061,10.8257,5,
0.0216,0.0027,51.8008,11,
0.0326,0.0018,13.9394,4,
0.0557,0.0030,7.8055,5,
0.2398,0.0285,3.8600,12,
0.1797,0.0471,17.3382,17,
0.1697,0.0009,0.2874,6,
0.8765,0.0183,0.2241,22,
0.0868,0.0026,4.1852,4,
0.0234,0.0030,48.4407,11,
0.0353,0.0015,9.9738,4,
0.0714,0.0112,15.9775,6,
0.2393,0.0292,3.9081,12,
0.2568,0.0362,15.2897,17,
0.1694,0.0023,1.6546,6,
0.8866,0.0062,0.0821,22,
0.0226,0.0074,105.5574,12,
0.0996,0.0053,6.2214,8,
0.2310,0.0276,4.0421,12,
0.2419,0.0506,13.5548,19,
0.1242,0.0024,3.4890,4,
0.1666,0.0038,1.1333,6,
0.8744,0.0114,0.2561,22,
0.0845,0.0036,5.3759,4,
0.0216,0.0033,57.7032,11,
0.0528,0.0020,17.2661,5,
0.3065,0.0250,9.7337,22,
0.2126,0.0229,4.0208,13,
0.0710,0.0019,13.9162,4,
0.2325,0.0578,13.2643,15,
0.1691,0.0019,0.7523,6,
0.8987,0.0045,0.1523,22,
0.0845,0.0032,9.3101,5,
0.0216,0.0043,83.1593,11,
0.0554,0.0029,7.3781,5,
0.1723,0.0063,4.4620,12,
0.1775,0.0143,3.6842,12,
0.1638,0.0045,14.9380,6,
0.1821,0.0020,2.9282,6,
0.8534,0.0121,0.5481,22,
0.0874,0.0024,5.7941,5,
0.0237,0.0049,90.0149,12,
0.0533,0.0050,17.3949,6,
0.2801,0.0372,4.0537,12,
0.1487,0.0271,15.5278,5,
0.1653,0.0053,1.5630,6,
0.8651,0.0075,3.4923,22,
0.1470,0.0359,11.6768,14,
0.0787,0.0040,6.4648,5,
0.0441,0.0038,16.3937,5,
0.1699,0.0092,3.3996,11,
0.1494,0.0644,16.1716,15,
0.1049,0.0011,0.8303,4,
0.1697,0.0046,1.2214,6,
0.8695,0.0044,1.4898,22,
0.0201,0.0029,60.5305,11,
0.1042,0.0051,3.6464,4,
0.1758,0.0042,2.5569,12,
0.2005,0.0277,19.1639,14,
0.1155,0.0029,2.7529,4,
0.1909,0.0009,0.1976,6,
0.2000,0.0020,3.6856,7,
0.8700,0.0065,0.1633,22,
0.0747,0.0063,11.3392,5,
0.0224,0.0042,76.4163,11,
0.1145,0.0071,4.4563,6,
0.1770,0.0043,2.3761,12,
0.1343,0.0207,20.1260,12,
0.2294,0.0119,1.8779,7,
0.1697,0.0025,2.3709,6,
0.8715,0.0072,0.0901,22,
0.0791,0.0012,3.0284,4,
0.0208,0.0036,76.8605,11,
0.1385,0.0064,2.9035,7,
0.1855,0.0033,3.0869,12,
0.1301,0.0285,24.1790,12,
0.1771,0.0030,0.7913,6,
0.1679,0.0016,2.7735,6,
0.8566,0.0065,0.1847,22,
0.0792,0.0009,23.0605,4,
0.0217,0.0037,69.2629,11,
0.1917,0.0063,1.6045,10,
0.0909,0.0026,3.9462,6,
0.1796,0.0061,1.8575,12,
0.1759,0.0295,19.3617,15,
0.1756,0.0031,0.8812,6,
0.1738,0.0018,2.3094,6,
0.8777,0.0062,0.0622,22,
0.0210,0.0049,99.7780,11,
0.1344,0.0157,7.6296,9,
0.1422,0.0079,2.9856,9,
0.2014,0.0091,1.9477,13,
0.2107,0.0326,15.4280,20,
0.1792,0.0025,3.0492,6,
0.8671,0.0034,0.9797,22,
0.0740,0.0010,1.5380,4,
0.0208,0.0041,82.2018,11,
0.1460,0.0189,15.6673,10,
0.1390,0.0761,16.8122,6,
0.1567,0.0030,2.5713,10,
0.2061,0.0111,2.1130,13,
0.1146,0.0398,16.8255,11,
0.2037,0.0054,1.2293,7,
0.8767,0.0081,0.1790,22,
0.0213,0.0040,103.4783,11,
0.1400,0.0181,9.1334,11,
0.0692,0.0123,18.2106,5,
0.0976,0.0022,9.1984,7,
0.2112,0.0100,1.8515,13,
0.2445,0.0449,6.7488,14,
0.0735,0.0006,7.3251,4,
0.1696,0.0019,3.6716,6,
0.8980,0.0065,0.0660,22,
0.0192,0.0050,109.3283,11,
0.1527,0.0122,5.9473,11,
0.0507,0.0012,4.6445,4,
0.2303,0.0104,1.7581,13,
0.2325,0.0407,9.2104,18,
0.0742,0.0009,13.7328,4,
0.1353,0.0018,5.1577,5,
0.8756,0.0166,0.4424,22,
0.0596,0.0004,4.2950,4,
0.0199,0.0050,105.6067,11,
0.2243,0.0279,5.0446,16,
0.2363,0.0111,1.7321,14,
0.2292,0.0417,9.5735,22,
0.2021,0.0035,0.9926,7,
0.8872,0.0089,0.1673,22,
0.0205,0.0055,112.5920,11,
0.2316,0.0347,6.6132,22,
0.2008,0.0681,9.4407,5,
0.2092,0.0082,2.2066,13,
0.2212,0.0352,13.5576,21,
0.1782,0.0027,1.1500,6,
0.8632,0.0108,0.4325,22,
0.0522,0.0041,11.4696,4,
0.0229,0.0054,111.3004,11,
0.3199,0.0544,4.6832,28,
0.1957,0.0638,9.3800,5,
0.2095,0.0070,3.5972,13,
0.2394,0.0456,12.9487,19,
0.1786,0.0013,16.1702,6,
0.8709,0.0050,0.1051,22,
0.0210,0.0053,115.7591,11,
0.3154,0.0559,4.8846,29,
0.0245,0.0150,84.2951,4,
0.1432,0.0144,5.6303,4,
0.2358,0.0123,2.2874,14,
0.1831,0.0256,6.7947,19,
0.1697,0.0027,0.8990,6,
0.8715,0.0031,0.1996,22,
0.0472,0.0146,37.6854,4,
0.0219,0.0064,108.3007,11,
0.3169,0.0472,4.7820,30,
0.0472,0.0036,12.0745,4,
0.1885,0.0093,1.9312,5,
0.2249,0.0120,2.8996,14,
0.2274,0.0543,11.2344,19,
0.0724,0.0013,11.5935,4,
0.1671,0.0021,2.1418,6,
0.8860,0.0050,0.1205,22,
0.1526,0.0253,9.2269,13,
0.0771,0.0014,6.0771,4,
0.4420,0.0766,3.0391,34,
0.1847,0.0312,6.6150,5,
0.2248,0.0103,3.0669,14,
0.2052,0.0367,7.9482,19,
0.2040,0.0030,0.5565,7,
0.8762,0.0125,1.0802,22,
0.0455,0.0038,14.2969,4,
0.0718,0.0017,15.1843,4,
0.0183,0.0068,135.9287,11,
0.4308,0.0820,3.5521,34,
0.2382,0.0116,9.3777,6,
0.2186,0.0098,5.8569,14,
0.2008,0.0383,9.6576,17,
0.1840,0.0037,0.9021,6,
0.1720,0.0025,1.8423,6,
0.8692,0.0105,0.1060,22,
0.0656,0.0110,30.0076,4,
0.0210,0.0052,106.3298,11,
0.4560,0.1483,4.3123,34,
0.1914,0.0127,2.9322,5,
0.2236,0.0091,2.7646,14,
0.1793,0.0282,12.3779,15,
0.2078,0.0174,3.2574,7,
0.1436,0.0010,0.3766,5,
0.8860,0.0070,0.0917,22,
0.0684,0.0048,27.7182,4,
0.0223,0.0042,102.6996,11,
0.4746,0.1441,4.2802,37,
0.2101,0.0082,3.1402,13,
0.1831,0.0303,9.5703,15,
0.1954,0.0053,1.1877,5,
0.2047,0.0023,0.9579,7,
0.8729,0.0137,0.1958,22,
0.0453,0.0047,18.2924,4,
0.0678,0.0057,13.7845,4,
0.0169,0.0063,149.9477,11,
0.4719,0.1596,4.1338,37,
0.2137,0.0078,2.1138,13,
0.2168,0.0413,7.5841,17,
0.1909,0.0009,0.1985,6,
0.1670,0.0017,3.2834,6,
0.8580,0.0068,0.4020,22,
0.1523,0.0321,10.6451,13,
0.1049,0.0306,20.6474,5,
0.0688,0.0099,16.1382,5,
0.4343,0.1141,3.8965,34,
0.2312,0.0098,2.1625,14,
0.2062,0.0408,8.8594,17,
0.1508,0.0026,0.8637,5,
0.1699,0.0015,0.4398,6,
0.8802,0.0092,0.0973,22,
0.1030,0.0256,18.5920,5,
0.0668,0.0023,6.0399,4,
0.0192,0.0061,119.2872,11,
0.4346,0.0859,3.0592,35,
0.2283,0.0097,2.0436,14,
0.2097,0.0417,8.1308,17,
0.1931,0.0043,1.0694,6,
0.1663,0.0030,1.4026,6,
0.8763,0.0148,0.1899,22,
0.0647,0.0243,33.3490,5,
0.0662,0.0082,16.1922,5,
0.0201,0.0044,90.5488,11,
0.2209,0.0125,3.9720,20,
0.1213,0.0056,9.2617,14,
0.2231,0.0103,2.0938,14,
0.2080,0.0399,7.9516,16,
0.1908,0.0035,0.8140,6,
0.1353,0.0018,5.1577,5,
0.8749,0.0122,0.1476,22,
0.0806,0.0273,27.7366,5,
0.0657,0.0077,14.6489,5,
0.0188,0.0065,132.5662,11,
0.1980,0.0153,3.1979,6,
0.1882,0.0131,6.3429,17,
0.1361,0.0126,5.5927,15,
0.2277,0.0081,1.4099,13,
0.1768,0.0465,10.7243,15,
0.2123,0.0046,0.8600,7,
0.1667,0.0034,1.3724,6,
0.8675,0.0222,0.3043,22,
0.0633,0.0213,30.6039,5,
0.0663,0.0066,13.8770,5,
0.0199,0.0065,123.1856,11,
0.2755,0.0173,1.8740,8,
0.1764,0.0134,6.2805,16,
0.1342,0.0101,5.7486,15,
0.1976,0.0081,14.7645,13,
0.1883,0.0423,9.2688,15,
0.1861,0.0028,0.6993,6,
0.1719,0.0033,1.3218,6,
0.8681,0.0112,0.1193,22,
0.0722,0.0388,28.6046,4,
0.0672,0.0066,15.3296,4,
0.0219,0.0055,119.5045,11,
0.3162,0.0189,1.5222,8,
0.1744,0.0105,6.5799,15,
0.0327,0.0012,8.3005,5,
0.1121,0.0083,8.0464,12,
0.2428,0.0150,2.1800,13,
0.1667,0.0349,11.1505,15,
0.1724,0.0086,2.5198,6,
0.1697,0.0003,0.3012,6,
0.8725,0.0060,0.1091,22,
0.2621,0.0388,6.8906,11,
0.0230,0.0048,79.7060,12,
0.3060,0.0182,1.8195,8,
0.1440,0.0036,3.0205,13,
0.1559,0.0159,5.1013,17,
0.2421,0.0133,1.9882,14,
0.1664,0.0459,12.0082,14,
0.2072,0.0134,2.5872,7,
0.1889,0.0042,1.0617,6,
0.8568,0.0068,0.1243,22,
0.1435,0.0394,12.7945,13,
0.0800,0.0309,29.1819,5,
0.0687,0.0053,8.8056,5,
0.2653,0.0359,3.8816,7,
0.1132,0.0042,2.8417,11,
0.1498,0.0148,5.1074,16,
0.2100,0.0099,1.8661,13,
0.1958,0.0503,9.4829,16,
0.1954,0.0033,0.7143,6,
0.2032,0.0024,0.8889,7,
0.9111,0.0152,0.1336,23,
0.2709,0.0305,6.6224,11,
0.0209,0.0046,102.5795,11,
0.2208,0.0387,5.7497,6,
0.1067,0.0036,15.3277,10,
0.1409,0.0147,5.8329,15,
0.1948,0.0073,2.1718,13,
0.2058,0.0494,9.2287,16,
0.1955,0.0040,0.8871,6,
0.2011,0.0045,1.0833,7,
0.8673,0.0071,0.0989,22,
0.1508,0.0401,12.3032,13,
0.2485,0.0321,7.7342,10,
0.1471,0.0152,5.6953,4,
0.1008,0.0104,12.6800,9,
0.1280,0.0117,5.7039,14,
0.2073,0.0081,1.5697,13,
0.1947,0.0384,10.4051,16,
0.1527,0.0031,1.0533,5,
0.1355,0.0026,1.2547,5,
0.8787,0.0044,0.1461,22,
0.0705,0.0243,28.4664,5,
0.0666,0.0031,7.4373,4,
0.0191,0.0060,124.0957,11,
0.1532,0.0326,9.1889,4,
0.0993,0.0171,14.3114,8,
0.1150,0.0051,3.6095,12,
0.2044,0.0082,1.6690,13,
0.2334,0.0326,7.2980,18,
0.1453,0.0020,0.8102,5,
0.1675,0.0024,1.8127,6,
0.8542,0.0076,0.1016,22,
0.0707,0.0125,19.5617,5,
0.0670,0.0053,12.3768,4,
0.0188,0.0079,137.8711,10,
0.1843,0.0422,8.6949,5,
0.1126,0.0196,11.1538,7,
0.1005,0.0030,17.3227,10,
0.1964,0.0083,1.7285,13,
0.1623,0.0264,14.1691,15,
0.1527,0.0006,0.2674,5,
0.1709,0.0035,1.1865,6,
0.8733,0.0072,0.0939,22,
0.1903,0.0306,10.9062,15,
0.2505,0.0335,7.7768,10,
0.1838,0.0365,7.8897,5,
0.0609,0.0111,21.7738,5,
0.0994,0.0059,6.7461,10,
0.1850,0.0075,1.6529,13,
0.2261,0.0288,6.6468,16,
0.1840,0.0018,0.4787,6,
0.1808,0.0013,0.3132,6,
0.8958,0.0068,0.2145,23,
0.1673,0.0391,11.0023,13,
0.1038,0.0302,21.2844,5,
0.0690,0.0060,12.0157,5,
0.0884,0.0074,7.3329,9,
0.1719,0.0045,1.4289,12,
0.2016,0.0234,16.0681,15,
0.1536,0.0012,0.4506,4,
0.1350,0.0026,2.6653,5,
0.8683,0.0046,0.5700,22,
0.0746,0.0236,31.2303,5,
0.0662,0.0042,9.9843,4,
0.0108,0.0079,213.2707,10,
0.1010,0.0137,10.5849,9,
0.1764,0.0081,2.1085,13,
0.2241,0.0248,9.9800,14,
0.2397,0.0077,1.0909,7,
0.1695,0.0023,1.7722,6,
0.9198,0.0133,0.1349,23,
0.1015,0.0362,22.4812,5,
0.0673,0.0066,13.4224,5,
0.0118,0.0087,190.6068,10,
0.0911,0.0106,10.4473,9,
0.0722,0.0312,27.4957,5,
0.0649,0.0068,12.8962,5,
0.1504,0.0127,4.4818,11,
0.2411,0.0156,9.6505,14,
0.2205,0.0088,1.5781,7,
0.1697,0.0035,1.4503,6,
0.8901,0.0091,0.1003,22,
0.0986,0.0326,23.6564,5,
0.0793,0.0053,9.9254,5,
0.0111,0.0074,200.6806,10,
0.0799,0.0089,11.6530,8,
0.0597,0.0060,13.4004,5,
0.1776,0.0220,5.5541,11,
0.1764,0.0088,2.4554,11,
0.2196,0.0157,2.8257,7,
0.1670,0.0021,2.1417,6,
0.8846,0.0057,0.0788,22,
0.1578,0.0322,11.3707,12,
0.0982,0.0329,21.5303,5,
0.0690,0.0070,13.7711,5,
0.0818,0.0092,11.0556,8,
0.1892,0.0263,5.9460,11,
0.1741,0.0051,5.1376,10,
0.2371,0.0067,1.0105,7,
0.1686,0.0016,15.8440,6,
0.8689,0.0104,0.2012,22,
0.2517,0.0354,7.5713,10,
0.0109,0.0069,220.0841,10,
0.0723,0.0049,7.9512,8,
0.2117,0.0306,5.2443,12,
0.1202,0.0031,3.1809,5,
0.1780,0.0042,4.5018,10,
0.1785,0.0007,0.1954,6,
0.1732,0.0036,0.9950,6,
0.8562,0.0058,0.2364,22,
0.0976,0.0372,22.9161,5,
0.0694,0.0053,9.8150,5,
0.0111,0.0058,212.0031,10,
0.0703,0.0046,8.1656,8,
0.1950,0.0267,5.1092,12,
0.1978,0.0043,2.7855,11,
0.1771,0.0021,0.6381,6,
0.2257,0.0063,1.0178,7,
0.8617,0.0048,0.1413,22,
0.0888,0.0441,23.8228,5,
0.0698,0.0074,13.7493,5,
0.0195,0.0086,122.7527,10,
0.0755,0.0060,10.2734,8,
0.2171,0.0309,4.7939,12,
0.1844,0.0075,5.2368,10,
0.1764,0.0096,2.4409,6,
0.1697,0.0025,2.0700,6,
0.8757,0.0048,0.1290,22,
0.1459,0.0321,12.1100,12,
0.0951,0.0227,21.2432,5,
0.0678,0.0072,12.2007,5,
0.0731,0.0042,8.8162,8,
0.0483,0.0069,22.7724,4,
0.1709,0.0175,4.5511,12,
0.0390,0.0023,48.5134,3,
0.2074,0.0147,12.8233,13,
0.1931,0.0079,1.5759,6,
0.1673,0.0017,9.8939,6,
0.8833,0.0063,0.0637,22,
0.1516,0.0370,12.0597,12,
0.0941,0.0269,23.0971,5,
0.0668,0.0062,10.9989,5,
0.0728,0.0071,11.4288,8,
0.0667,0.0093,15.6109,5,
0.3096,0.0485,3.7094,14,
0.2134,0.0224,4.6075,15,
0.1491,0.0031,1.0886,5,
0.1694,0.0017,2.7405,6,
0.9165,0.0110,0.1009,23,
0.1008,0.0078,20.5570,11,
0.0849,0.0164,34.6638,5,
0.0814,0.0083,10.9847,5,
0.0774,0.0079,10.5335,8,
0.4658,0.0529,3.5151,20,
0.3213,0.0545,5.6260,22,
0.8808,0.0075,0.0698,22,
0.1472,0.0456,12.9265,13,
0.0960,0.0386,23.0590,5,
0.0669,0.0070,11.8903,5,
0.0852,0.0062,7.3711,9,
0.1126,0.0101,21.2723,8,
0.2213,0.0299,4.7158,13,
0.0360,0.0018,12.5672,4,
0.8756,0.0070,0.3875,22,
0.0626,0.0168,28.2667,5,
0.0841,0.0075,9.0007,5,
0.0145,0.0078,166.5397,11,
0.0767,0.0060,8.8199,8,
0.3911,0.0505,6.4684,21,
0.0746,0.0038,22.1668,4,
0.2363,0.0205,3.0649,17,
0.1648,0.0028,2.2906,6,
0.9046,0.0029,0.0974,22,
0.1046,0.0361,22.3249,5,
0.0658,0.0046,9.5860,5,
0.0110,0.0088,201.5884,10,
0.0718,0.0053,11.3788,8,
0.3707,0.0554,5.8876,22,
0.0776,0.0189,22.6891,5,
0.2723,0.0116,1.4894,16,
0.1451,0.0020,5.7495,5,
0.8609,0.0044,0.1416,22,
0.1300,0.0414,16.4401,12,
0.2558,0.0388,7.4349,10,
0.0878,0.0079,9.3408,9,
0.3538,0.0584,5.9006,22,
0.2795,0.0084,3.2866,15,
0.1699,0.0047,1.5409,6,
0.8609,0.0059,0.1845,22,
0.0719,0.0081,27.1176,5,
0.0796,0.0078,10.2008,5,
0.0112,0.0071,201.3773,10,
0.0729,0.0050,10.3260,8,
0.3799,0.0541,5.3376,22,
0.2665,0.0050,3.8330,15,
0.1694,0.0013,15.0253,6,
0.8778,0.0067,0.2558,22,
0.1040,0.0336,22.0763,5,
0.0668,0.0053,11.8278,4,
0.0101,0.0046,240.3285,9,
0.0835,0.0051,8.5259,9,
0.3589,0.0535,6.2345,21,
0.2104,0.0131,2.9636,14,
0.1694,0.0017,5.4771,6,
0.8779,0.0033,0.3429,22,
0.1461,0.0377,13.3834,11,
0.0969,0.0358,22.1277,5,
0.0663,0.0065,15.7537,4,
0.0715,0.0046,9.5776,8,
0.1295,0.0203,10.3902,10,
0.1707,0.0159,4.3161,10,
0.0758,0.0132,26.3650,4,
0.1846,0.0220,5.6960,14,
0.1693,0.0013,15.0800,6,
0.8994,0.0027,0.1262,22,
0.0470,0.0035,13.9318,4,
0.0666,0.0024,5.9362,4,
0.0135,0.0033,167.2380,9,
0.0974,0.0075,8.5090,10,
0.0993,0.0076,6.1725,8,
0.1383,0.0141,7.5400,9,
0.1171,0.0045,17.5918,5,
0.1557,0.0256,8.2784,13,
0.1700,0.0021,4.0094,6,
0.8735,0.0102,0.1043,22,
0.1057,0.0240,17.0044,5,
0.0672,0.0036,7.4816,5,
0.0117,0.0076,198.7779,10,
0.0832,0.0043,10.9607,9,
0.1350,0.0336,11.7876,7,
0.1251,0.0100,7.2396,9,
0.0884,0.0646,24.0127,6,
0.2315,0.0262,6.7911,14,
0.1720,0.0059,2.0745,6,
0.8533,0.0037,0.5229,22,
0.1014,0.0244,18.5720,5,
0.0673,0.0046,10.3812,5,
0.0144,0.0043,157.7012,9,
0.0816,0.0057,9.3780,9,
0.1196,0.0264,12.3713,6,
0.1974,0.0352,6.5133,10,
0.1655,0.0305,8.3139,15,
0.1726,0.0025,2.7511,6,
0.8592,0.0034,0.0935,22,
0.1042,0.0109,19.7041,11,
0.2579,0.0366,6.7982,10,
0.0930,0.0046,9.2837,10,
0.0877,0.0112,24.8194,5,
0.1902,0.0278,5.6966,10,
0.0561,0.0101,31.2908,5,
0.1644,0.0283,7.5193,15,
0.1774,0.0011,0.2909,6,
0.8659,0.0042,0.0641,22,
0.1807,0.0951,11.9091,13,
0.2553,0.0426,6.9501,9,
0.0808,0.0047,9.0585,9,
0.1108,0.0244,17.1108,4,
0.1701,0.0267,6.7555,10,
0.2107,0.0311,5.8194,18,
0.1695,0.0039,1.8107,6,
0.9239,0.0110,0.1233,23,
0.1572,0.0251,12.0305,11,
0.1083,0.0280,16.2230,5,
0.0668,0.0066,13.7220,5,
0.0898,0.0063,6.7817,9,
0.1863,0.0274,5.8840,11,
0.0303,0.0002,1.6430,3,
0.2215,0.0277,5.9466,19,
0.1689,0.0028,2.2000,6,
0.8813,0.0067,0.0864,22,
0.2751,0.0340,5.1191,10,
0.0133,0.0037,180.6118,9,
0.0930,0.0050,6.2618,10,
0.1840,0.0204,4.8826,12,
0.0769,0.0156,26.1084,4,
0.1879,0.0291,6.2348,18,
0.1688,0.0045,1.3148,6,
0.8999,0.0036,0.0414,22,
0.2679,0.0401,7.5165,16,
0.1304,0.0111,7.3178,5,
0.0819,0.0077,10.1860,5,
0.0853,0.0032,5.2233,10,
0.1569,0.0081,2.6754,12,
0.1924,0.0407,7.1308,19,
0.1710,0.0018,0.5150,6,
0.8764,0.0086,0.1030,22,
0.2549,0.0694,7.9456,9,
0.1060,0.0111,19.3706,11,
0.0933,0.0044,11.0708,10,
0.1509,0.0045,1.7720,12,
0.0764,0.0041,22.6579,4,
0.1832,0.0351,7.1280,19,
0.1693,0.0043,1.1656,6,
0.9480,0.0047,0.0654,23,
0.1357,0.0386,15.8653,11,
0.0793,0.0103,12.7939,5,
0.0963,0.0056,9.7100,10,
0.1657,0.0105,3.2600,12,
0.1824,0.0249,5.3801,19,
0.1809,0.0017,1.1783,6,
0.8820,0.0063,0.0817,22,
0.0857,0.0103,11.3837,5,
0.0125,0.0055,201.0512,9,
0.0960,0.0051,14.3082,10,
0.1509,0.0062,2.4654,11,
0.1836,0.0082,6.7119,18,
0.1692,0.0021,4.2390,6,
0.8816,0.0029,0.0814,22,
0.0814,0.0080,10.6964,4,
0.0133,0.0041,173.6342,9,
0.1030,0.0026,31.1981,11,
0.1756,0.0088,2.3640,12,
0.0764,0.0115,26.3795,4,
0.1438,0.0019,6.5893,15,
0.1669,0.0019,1.3018,6,
0.8744,0.0072,0.3805,22,
0.0127,0.0046,178.2320,10,
0.0986,0.0036,7.1570,10,
0.1831,0.0075,1.7319,13,
0.1196,0.0050,3.9725,13,
0.1691,0.0015,7.1254,6,
0.8858,0.0050,0.1266,22,
0.1347,0.0344,15.5716,11,
0.0939,0.0056,6.0578,11,
0.2405,0.0189,2.5596,14,
0.0807,0.0217,20.3080,7,
0.1679,0.0012,0.7094,6,
0.8796,0.0122,0.5686,22,
0.1023,0.0118,19.2742,11,
0.0831,0.0082,11.3313,4,
0.0930,0.0036,6.3481,10,
0.2509,0.0143,2.0401,15,
0.1714,0.0007,1.0708,6,
0.8788,0.0081,0.3211,22,
0.0798,0.0086,12.1917,4,
0.0125,0.0062,190.8056,10,
0.1032,0.0056,7.5572,11,
0.1522,0.0065,2.1936,6,
0.2058,0.0118,2.7451,16,
0.0086,0.0022,190.7309,4,
0.1365,0.0028,1.2586,5,
0.8612,0.0062,0.1048,22,
0.1409,0.0341,14.8296,12,
0.0749,0.0079,11.2790,5,
0.1048,0.0059,7.6013,11,
0.1985,0.0160,3.8726,11,
0.2382,0.0179,2.8615,17,
0.1781,0.0018,1.1680,6,
0.8737,0.0064,0.0901,22,
0.0662,0.0035,11.4880,4,
0.0133,0.0044,186.6169,10,
0.0966,0.0067,7.5646,10,
0.1721,0.0057,16.2034,11,
0.2305,0.0197,3.1965,16,
0.0851,0.0171,22.9956,5,
0.1390,0.0025,3.1961,5,
0.8700,0.0108,0.6948,22,
0.1075,0.0106,18.8390,12,
0.0662,0.0035,11.4880,4,
0.1105,0.0091,8.5873,11,
0.1654,0.0163,4.6203,11,
0.2456,0.0245,3.4312,16,
0.1077,0.0008,0.6959,4,
0.2039,0.0008,0.4064,7,
0.8665,0.0054,0.8083,22,
0.0670,0.0027,21.7286,4,
0.0139,0.0033,164.7936,9,
0.0991,0.0024,17.3686,11,
0.1624,0.0099,4.5232,11,
0.3315,0.0310,2.4832,17,
0.1090,0.0002,17.4570,4,
0.1670,0.0021,2.9629,6,
0.8414,0.0088,0.1071,21,
0.1045,0.0117,18.1535,10,
0.0683,0.0034,8.8615,4,
0.0988,0.0087,7.2895,10,
0.1099,0.0113,9.3111,8,
0.2581,0.0264,3.1931,16,
0.1508,0.0031,1.2440,5,
0.1349,0.0023,2.6581,5,
0.8926,0.0103,0.0982,22,
0.0667,0.0025,35.1261,4,
0.0133,0.0038,175.6675,9,
0.0751,0.0045,7.8025,8,
0.0627,0.0023,11.1236,5,
0.2935,0.0302,2.9037,17,
0.1472,0.0010,0.4038,5,
0.2052,0.0037,1.3444,7,
0.8550,0.0036,0.2668,22,
0.1497,0.0288,12.8063,12,
0.0718,0.0048,14.0556,4,
0.0871,0.0055,8.0013,9,
0.3018,0.0320,2.8516,18,
0.1780,0.0033,0.8930,6,
0.2084,0.0037,1.0452,7,
0.8539,0.0037,0.1145,22,
0.0715,0.0085,13.0786,5,
0.0167,0.0063,145.9626,10,
0.0714,0.0034,7.5997,8,
0.2850,0.0346,3.3776,18,
0.1703,0.0027,0.8407,6,
0.1761,0.0021,1.0696,6,
0.8609,0.0043,0.2351,22,
0.0699,0.0081,15.4331,5,
0.0144,0.0035,143.5457,9,
0.0759,0.0052,7.3588,8,
0.3234,0.0354,2.9700,19,
0.0786,0.0263,23.4809,5,
0.1362,0.0006,1.5440,5,
0.1836,0.0026,0.6004,6,
0.8836,0.0067,0.0882,22,
0.1462,0.0299,13.2538,12,
0.0682,0.0100,16.3879,5,
0.0577,0.0095,21.4858,4,
0.0809,0.0064,9.1323,8,
0.2783,0.0326,3.5154,18,
0.1779,0.0045,1.2727,6,
0.1359,0.0009,0.4426,5,
0.8829,0.0070,0.0744,22,
0.0800,0.0054,9.3868,6,
0.0135,0.0045,169.2365,10,
0.0626,0.0064,11.9515,5,
0.0669,0.0024,9.0837,7,
0.3347,0.0370,3.1236,19,
0.0363,0.0043,42.5089,4,
0.1509,0.0006,0.2691,5,
0.1696,0.0017,12.0505,6,
0.8807,0.0206,0.2273,22,
0.1480,0.0304,12.5747,12,
0.0701,0.0082,13.0748,5,
0.1088,0.0133,8.9516,7,
0.0547,0.0041,12.7678,6,
0.3227,0.0355,3.3879,19,
0.1362,0.0004,0.3158,5,
0.2034,0.0034,0.8688,7,
0.8934,0.0053,0.1238,22,
0.0696,0.0041,9.2665,4,
0.0150,0.0033,136.7855,9,
0.1806,0.0270,5.8179,14,
0.0627,0.0043,10.2045,6,
0.2788,0.0331,3.5740,18,
0.1508,0.0016,0.6081,5,
0.1698,0.0032,1.2562,6,
0.8597,0.0108,0.1985,22,
0.1046,0.0112,18.3927,10,
0.0736,0.0091,13.0941,5,
0.2272,0.0282,4.3515,19,
0.0662,0.0052,9.9254,6,
0.3482,0.0391,2.8367,19,
0.0461,0.0066,23.3396,4,
0.1435,0.0020,0.8624,5,
0.1699,0.0013,17.3215,6,
0.8644,0.0078,0.1225,22,
0.0721,0.0100,14.6326,5,
0.0130,0.0035,172.9620,9,
0.4297,0.1086,3.7035,38,
0.3350,0.0340,2.9146,20,
0.1708,0.0078,2.3391,6,
0.1834,0.0016,15.7879,6,
0.8650,0.0049,0.1700,22,
0.0707,0.0084,13.2238,5,
0.0148,0.0061,163.3139,10,
0.4205,0.0949,3.4943,40,
0.2784,0.0307,3.5282,19,
0.1895,0.0036,0.8802,5,
0.1357,0.0023,2.1796,5,
0.8686,0.0043,0.3273,22,
0.0818,0.0088,10.8175,6,
0.0142,0.0047,166.2833,10,
0.4373,0.0978,3.2977,41,
0.2651,0.0373,4.4504,18,
0.1909,0.0027,0.6341,6,
0.1353,0.0026,1.6142,5,
0.8733,0.0058,0.2177,22,
0.1061,0.0126,16.6593,10,
0.0832,0.0103,11.6177,6,
0.4403,0.1046,3.4734,40,
0.2719,0.0375,4.1582,18,
0.0235,0.0062,82.5662,4,
0.1454,0.0020,0.8457,5,
0.1693,0.0017,5.4697,6,
0.8862,0.0090,0.0961,22,
0.1469,0.0307,14.0103,12,
0.0837,0.0062,16.1340,6,
0.4487,0.1132,3.6192,40,
0.3176,0.0374,3.5715,18,
0.1381,0.0009,0.7460,5,
0.1694,0.0017,5.4771,6,
0.8641,0.0077,0.5201,22,
0.0691,0.0041,10.5347,4,
0.0130,0.0063,170.9789,10,
0.4546,0.1161,3.6048,39,
0.2601,0.0343,4.0779,18,
0.1768,0.0041,1.2094,6,
0.1750,0.0011,0.2690,6,
0.8709,0.0034,0.2228,22,
0.0718,0.0093,14.1683,5,
0.0162,0.0035,139.6430,9,
0.4153,0.0964,3.7562,36,
0.2608,0.0340,4.2277,17,
0.0314,0.0051,52.7228,4,
0.1298,0.0027,1.3170,5,
0.1769,0.0025,1.1540,6,
0.8688,0.0052,0.1745,22,
0.1765,0.0279,9.1406,11,
0.0688,0.0064,15.0405,4,
0.4117,0.0675,3.1841,35,
0.3152,0.0392,3.7627,18,
0.0074,0.0037,271.7523,3,
0.1394,0.0024,0.9597,5,
0.1699,0.0021,0.5815,6,
0.8804,0.0069,0.0799,22,
0.0805,0.0072,32.4413,6,
0.0144,0.0036,160.0399,9,
0.4068,0.0588,2.6121,34,
0.3239,0.0376,3.3867,18,
0.1861,0.0056,1.2540,6,
0.1669,0.0025,2.5252,6,
0.8809,0.0075,0.0708,22,
0.0832,0.0079,13.3740,6,
0.0150,0.0036,154.2529,10,
0.3944,0.0703,3.4428,32,
0.2457,0.0284,3.8941,16,
0.0411,0.0075,48.4211,4,
0.1546,0.0021,0.7755,5,
0.1689,0.0030,1.2855,6,
0.8803,0.0083,0.1108,22,
0.1062,0.0128,17.2088,10,
0.0689,0.0038,21.9841,4,
0.3368,0.0449,3.5363,24,
0.2445,0.0272,3.6970,16,
0.0235,0.0072,85.7616,4,
0.1837,0.0067,1.7665,6,
0.1699,0.0018,13.9201,6,
0.9153,0.0049,0.6392,23,
0.1063,0.0129,17.8991,11,
0.0693,0.0097,15.3677,5,
0.4624,0.0591,7.2109,33,
0.0564,0.0017,4.8520,5,
0.2717,0.0191,2.6447,18,
0.1526,0.0033,1.2661,5,
0.1737,0.0016,0.4293,6,
0.8526,0.0046,0.1106,22,
0.0815,0.0073,15.7370,5,
0.0134,0.0044,166.2253,10,
0.4595,0.0469,3.5039,33,
0.1146,0.0370,16.7500,7,
0.3109,0.0260,2.3753,18,
0.1779,0.0057,1.4996,6,
0.1745,0.0009,0.2865,6,
0.8272,0.0037,0.0584,21,
0.1809,0.0917,11.7604,13,
0.0733,0.0090,12.9739,5,
0.4657,0.0450,2.3779,33,
0.1821,0.0362,9.2225,9,
0.2584,0.0221,2.8310,16,
0.1363,0.0004,0.2058,5,
0.1835,0.0029,1.1748,6,
0.8624,0.0067,0.1022,22,
0.0705,0.0039,24.2789,4,
0.0168,0.0033,127.0223,9,
0.4600,0.0453,2.1660,32,
0.1892,0.0432,11.0589,9,
0.2418,0.0271,3.7306,16,
0.1453,0.0029,1.2936,5,
0.1693,0.0029,3.1861,6,
0.8689,0.0116,0.4252,22,
0.0812,0.0099,12.9890,5,
0.0135,0.0076,170.2555,10,
0.4590,0.1100,3.5646,31,
0.2270,0.0307,8.1619,10,
0.3194,0.0287,2.5897,17,
0.1508,0.0013,0.5283,5,
0.2012,0.0032,3.2677,7,
0.8836,0.0035,0.0520,22,
0.1049,0.0108,18.9950,11,
0.0845,0.0092,10.9835,5,
0.4572,0.0982,3.4066,31,
0.2410,0.0262,10.8920,10,
0.3116,0.0282,2.7024,17,
0.1509,0.0021,0.8019,5,
0.1694,0.0017,2.7361,6,
0.8201,0.0069,2.8144,21,
0.0712,0.0058,13.0610,4,
0.0149,0.0054,150.4439,10,
0.4452,0.1019,3.5927,31,
0.2796,0.0319,9.6421,11,
0.2548,0.0233,3.0698,17,
0.1770,0.0052,1.4940,6,
0.1669,0.0031,1.5012,6,
0.8422,0.0064,0.0888,21,
0.1710,0.0214,10.1094,11,
0.0692,0.0083,13.5298,5,
0.4444,0.0958,3.2734,30,
0.2886,0.0249,4.1386,11,
0.2563,0.0232,3.0953,17,
0.0118,0.0016,132.6408,3,
0.1453,0.0030,1.1937,5,
0.1760,0.0008,0.2954,6,
0.8814,0.0045,0.0708,22,
0.0696,0.0044,12.4379,4,
0.0163,0.0060,131.9143,10,
0.4567,0.0754,2.5575,30,
0.1577,0.0189,6.0327,9,
0.2445,0.0223,3.1622,16,
0.1347,0.0042,2.0209,5,
0.1446,0.0021,1.1067,5,
0.8657,0.0093,0.2950,22,
0.0712,0.0062,13.2812,4,
0.0149,0.0022,152.0397,9,
0.4462,0.0602,2.6567,30,
0.1508,0.0158,5.9244,10,
0.3298,0.0263,2.1297,18,
0.1371,0.0009,0.3792,4,
0.1697,0.0022,2.6550,6,
0.8794,0.0075,0.1101,22,
0.0694,0.0070,14.9343,4,
0.0139,0.0035,163.0274,9,
0.4539,0.0648,2.6444,30,
0.1644,0.0199,6.1005,12,
0.3283,0.0266,2.3258,18,
0.1418,0.0045,1.8476,5,
0.1696,0.0022,3.2671,6,
0.8682,0.0067,1.0393,22,
0.0707,0.0062,13.4348,4,
0.0153,0.0065,149.5381,10,
0.4540,0.0638,2.7504,31,
0.1755,0.0238,5.7917,14,
0.3142,0.0265,2.4389,17,
0.1545,0.0026,0.8747,5,
0.1663,0.0036,0.9889,6,
0.8757,0.0142,0.1632,22,
0.1055,0.0115,18.4291,11,
0.0700,0.0060,13.8775,4,
0.4395,0.0596,3.0082,30,
0.1912,0.0304,5.9736,15,
0.2520,0.0221,3.0400,16,
0.1474,0.0040,1.5593,5,
0.1688,0.0033,0.9261,6,
0.8774,0.0153,2.9231,22,
0.0717,0.0059,12.4812,4,
0.0144,0.0032,161.4231,9,
0.4463,0.0603,2.9614,30,
0.2245,0.0422,5.7968,16,
0.3298,0.0230,2.0445,19,
0.1416,0.0035,1.4333,5,
0.1738,0.0038,1.4845,6,
0.8751,0.0033,0.0657,22,
0.0712,0.0092,15.1707,5,
0.0141,0.0043,165.7395,10,
0.4695,0.0681,2.8081,30,
0.1856,0.0304,6.3549,17,
0.3099,0.0255,2.4357,17,
0.0994,0.0003,1.4086,4,
0.1803,0.0023,0.6102,6,
0.8801,0.0074,0.1070,22,
0.0814,0.0096,12.1527,6,
0.0117,0.0036,203.3657,9,
0.4621,0.0715,2.8902,30,
0.2317,0.0467,6.0605,19,
0.2830,0.0228,2.6083,17,
0.1442,0.0059,2.3062,5,
0.2026,0.0040,1.0961,7,
0.8728,0.0111,0.4698,22,
0.1142,0.0128,17.1019,12,
0.0810,0.0086,11.1197,5,
0.4663,0.0696,2.7533,29,
0.0386,0.0011,22.0435,4,
0.2483,0.0565,6.1898,21,
0.2605,0.0244,2.9425,16,
0.1510,0.0016,0.6756,5,
0.1697,0.0027,0.9989,6,
0.8801,0.0169,0.2849,22,
0.0817,0.0099,12.8405,5,
0.0181,0.0063,124.1392,9,
0.4378,0.0647,2.9262,28,
0.0897,0.0244,20.7770,6,
0.1781,0.0255,5.9971,20,
0.2638,0.0235,2.8114,16,
0.1063,0.0005,0.3796,4,
0.1673,0.0017,9.8939,6,
0.8845,0.0040,0.1075,22,
0.0699,0.0089,14.8836,5,
0.0149,0.0048,154.5502,10,
0.4171,0.0535,2.9190,26,
0.1598,0.0433,11.5375,8,
0.1745,0.0260,6.3525,21,
0.3131,0.0229,2.0390,17,
0.1063,0.0005,0.3792,4,
0.1701,0.0017,10.3592,6,
0.8290,0.0036,0.1833,21,
0.1080,0.0135,16.1577,10,
0.0696,0.0090,15.4272,5,
0.3252,0.0341,3.5599,20,
0.1531,0.0442,13.9860,8,
0.1791,0.0257,6.3054,21,
0.2602,0.0185,2.6407,16,
0.1132,0.0002,0.9000,4,
0.1757,0.0045,1.3842,6,
0.8545,0.0026,0.2317,22,
0.0679,0.0074,13.6029,5,
0.0159,0.0038,140.5920,9,
0.2542,0.0099,3.5788,15,
0.1861,0.0488,11.4763,9,
0.2119,0.0216,3.8111,21,
0.3195,0.0245,2.1278,17,
0.0989,0.0003,2.1779,4,
0.1843,0.0015,11.8605,6,
0.8781,0.0033,0.1723,22,
0.0784,0.0106,12.9837,6,
0.1087,0.0132,17.6254,11,
0.1711,0.0057,6.9395,10,
0.2106,0.0466,9.5144,10,
0.2434,0.0381,4.6723,22,
0.3397,0.0305,2.1714,18,
0.1357,0.0014,0.6202,4,
0.2033,0.0029,0.9259,7,
0.8318,0.0059,0.1608,21,
0.0641,0.0061,16.5664,4,
0.0181,0.0038,125.7457,10,
0.1186,0.0168,9.3334,7,
0.2098,0.0496,10.5861,10,
0.2281,0.0600,9.5179,22,
0.3122,0.0241,2.3555,16,
0.1453,0.0025,1.0649,5,
0.1694,0.0023,1.2772,6,
0.8813,0.0064,0.0639,22,
0.0804,0.0056,7.1383,6,
0.0173,0.0021,121.9972,9,
0.0536,0.0008,5.9788,4,
0.2198,0.0518,10.1069,11,
0.2050,0.0596,11.3218,19,
0.3335,0.0291,2.3365,18,
0.1454,0.0023,1.0875,5,
0.1694,0.0021,2.1501,6,
0.8823,0.0049,0.1674,22,
0.0808,0.0038,5.5340,6,
0.0149,0.0038,158.7430,9,
0.0674,0.0091,22.0240,7,
0.1047,0.0038,2.9082,5,
0.1922,0.0695,13.6958,17,
0.3291,0.0309,2.4796,19,
0.1105,0.0008,0.6655,4,
0.1699,0.0015,0.4400,6,
0.9273,0.0186,0.2051,23,
0.1748,0.0229,10.5893,12,
0.0806,0.0103,12.5112,6,
0.2309,0.0623,10.5918,13,
0.1897,0.0518,11.6943,16,
0.2573,0.0221,3.2505,17,
0.1453,0.0025,1.0829,5,
0.1666,0.0023,6.4666,6,
0.8771,0.0019,0.0417,22,
0.1588,0.0264,12.1209,12,
0.0779,0.0037,6.1235,5,
0.2395,0.0625,9.9464,14,
0.1824,0.0538,12.7902,15,
0.3072,0.0267,2.6369,17,
0.1022,0.0002,0.7689,4,
0.1725,0.0023,1.1462,6,
0.9024,0.0146,0.1411,23,
0.1575,0.0288,12.5205,11,
0.0683,0.0070,13.0833,5,
0.2596,0.0638,9.9162,15,
0.1810,0.0707,13.2658,15,
0.2516,0.0230,3.3314,17,
0.1356,0.0042,2.0005,5,
0.1412,0.0005,0.2809,5,
0.8782,0.0089,0.1257,22,
0.0666,0.0078,15.8721,5,
0.0181,0.0033,115.0314,10,
0.2398,0.0613,9.6863,15,
0.2109,0.0509,10.5892,15,
0.3073,0.0235,2.5294,18,
0.1339,0.0008,0.3792,4,
0.1693,0.0017,5.4697,6,
0.8812,0.0097,0.1580,22,
0.1080,0.0134,16.9740,10,
0.0640,0.0079,16.2400,5,
0.2556,0.0676,10.1611,17,
0.2241,0.0664,9.6486,16,
0.2577,0.0226,3.1908,17,
0.1132,0.0009,0.6397,4,
0.1697,0.0017,12.1088,6,
0.8650,0.0064,0.1795,22,
0.0670,0.0075,17.8846,4,
0.0153,0.0039,136.5972,9,
0.2277,0.0653,10.8581,16,
0.2323,0.0607,9.4202,16,
0.3115,0.0257,2.4458,17,
0.0541,0.0062,16.1392,4,
0.1118,0.0002,1.3413,4,
0.1694,0.0027,1.9959,6,
0.8700,0.0085,0.1082,22,
0.0660,0.0083,19.4649,4,
0.0153,0.0030,141.2232,9,
0.2274,0.0643,10.7426,16,
0.2501,0.0575,8.4874,17,
0.3062,0.0248,2.6770,17,
0.1417,0.0045,2.0322,5,
0.1692,0.0017,13.6991,6,
0.8722,0.0121,0.1190,22,
0.1615,0.0294,11.8262,12,
0.0663,0.0074,14.7633,5,
0.2431,0.0747,10.7537,17,
0.2589,0.0618,8.1367,18,
0.3063,0.0240,2.5697,17,
0.1420,0.0037,1.5639,5,
0.1334,0.0026,1.6639,5,
0.8631,0.0152,0.5287,22,
0.1612,0.0281,11.5817,12,
0.0665,0.0041,10.2420,4,
0.2473,0.0809,11.0152,17,
0.2814,0.0643,8.0558,21,
0.2785,0.0238,2.6445,18,
0.0791,0.0006,7.2367,4,
0.1363,0.0042,1.8333,5,
0.1334,0.0021,6.2580,5,
0.8924,0.0061,0.0773,22,
0.0666,0.0025,6.2233,4,
0.0174,0.0035,124.8332,10,
0.0974,0.0100,11.2750,6,
0.2664,0.0645,10.2290,16,
0.2831,0.0502,9.4739,22,
0.2753,0.0280,2.9930,17,
0.1454,0.0048,1.9412,5,
0.1733,0.0024,1.5055,6,
0.8805,0.0087,0.1607,22,
0.0835,0.0052,6.2582,6,
0.0149,0.0034,147.9556,9,
0.1999,0.0097,3.5247,11,
0.4831,0.1859,4.7825,37,
0.2683,0.0269,3.0834,17,
0.0757,0.0032,9.0183,4,
0.1370,0.0035,1.5541,5,
0.1843,0.0018,4.9450,6,
0.8808,0.0075,0.0942,22,
0.0791,0.0053,7.0626,6,
0.0135,0.0036,161.8697,9,
0.1973,0.0323,5.8716,19,
0.2714,0.0230,2.5645,16,
0.0768,0.0068,26.5305,4,
0.1362,0.0024,1.1884,5,
0.1684,0.0040,1.4140,6,
0.8955,0.0041,0.1802,22,
0.0666,0.0041,10.0520,4,
0.0191,0.0040,122.2483,10,
0.4328,0.0577,2.5484,26,
0.3745,0.0570,4.2870,27,
0.3102,0.0273,2.3396,17,
0.1132,0.0002,0.9037,4,
0.1789,0.0021,2.4372,6,
0.8620,0.0066,0.9814,22,
0.0668,0.0033,8.2131,4,
0.0164,0.0033,121.4430,9,
0.4262,0.0468,2.4840,26,
0.3736,0.0536,4.4934,25,
0.2530,0.0220,2.9151,16,
0.1357,0.0025,1.2598,5,
0.1839,0.0020,0.4796,6,
0.8797,0.0063,0.0672,22,
0.1554,0.0277,12.6906,12,
0.0793,0.0053,7.7901,6,
0.4255,0.0528,2.5678,26,
0.3548,0.0573,4.4286,24,
0.2619,0.0261,3.2160,16,
0.0411,0.0051,34.8478,4,
0.1381,0.0046,2.0840,5,
0.1720,0.0097,2.7402,6,
0.8663,0.0047,3.5930,22,
0.1071,0.0120,18.0885,11,
0.1662,0.0297,7.7072,6,
0.4395,0.0561,2.4889,26,
0.3755,0.0582,4.3797,24,
0.3073,0.0314,3.0920,17,
0.1453,0.0025,0.9404,5,
0.1697,0.0039,1.8064,6,
0.8756,0.0024,0.0407,22,
0.1069,0.0133,17.3047,10,
0.0671,0.0072,13.8585,5,
0.4375,0.0494,2.4743,26,
0.3525,0.0557,4.4965,23,
0.2452,0.0272,4.0184,16,
0.1490,0.0058,2.1933,5,
0.1674,0.0031,1.2960,6,
0.8983,0.0067,0.1066,22,
0.1077,0.0131,16.9481,10,
0.1597,0.0218,6.5607,6,
0.4341,0.0607,2.5125,26,
0.3660,0.0591,4.3285,24,
0.2484,0.0263,3.9640,16,
0.1078,0.0002,3.7884,4,
0.2042,0.0025,4.4985,7,
0.8735,0.0136,0.3887,22,
0.0663,0.0039,11.4631,4,
0.0149,0.0027,137.7926,9,
0.4402,0.0558,2.4336,26,
0.3495,0.0562,4.5676,23,
0.2312,0.0237,4.2659,15,
0.1453,0.0020,0.7174,5,
0.2015,0.0023,3.2651,7,
0.8715,0.0140,0.1474,22,
0.1686,0.0246,6.5093,6,
0.0148,0.0036,141.6987,10,
0.4141,0.0480,2.5201,25,
0.3795,0.0582,4.2036,24,
0.2446,0.0238,3.8478,16,
0.1471,0.0048,1.9032,5,
0.1774,0.0026,2.6251,6,
0.8550,0.0049,0.1083,22,
0.1715,0.0290,7.1056,7,
0.0168,0.0032,127.0235,9,
0.4391,0.0569,2.3550,26,
0.3730,0.0603,4.4552,23,
0.2481,0.0255,3.8872,16,
0.1372,0.0045,2.0107,5,
0.1438,0.0025,2.3709,5,
0.8565,0.0061,0.0952,22,
0.0672,0.0075,14.9263,5,
0.0163,0.0039,133.7534,9,
0.4475,0.0540,2.2974,26,
0.3647,0.0607,4.5239,23,
0.2499,0.0245,3.6557,15,
0.1352,0.0037,1.7254,5,
0.1839,0.0014,1.4779,6,
0.8794,0.0057,0.0991,22,
0.0655,0.0065,15.1480,4,
0.1076,0.0141,17.9997,11,
0.4139,0.0471,2.4798,25,
0.3601,0.0556,4.5927,22,
0.3088,0.0282,2.7151,17,
0.1159,0.0006,0.3794,4,
0.2034,0.0025,0.4520,7,
0.8706,0.0159,0.3904,22,
0.0668,0.0059,14.7521,4,
0.0149,0.0033,152.3044,9,
0.4123,0.0474,2.4884,25,
0.3714,0.0563,4.5238,22,
0.3040,0.0228,2.6117,16,
0.1508,0.0031,1.0720,5,
0.1691,0.0029,0.9139,6,
0.8691,0.0057,0.2468,22,
0.0800,0.0049,7.0325,5,
0.0163,0.0036,134.7255,9,
0.4154,0.0516,2.5954,26,
0.3893,0.0586,4.1973,22,
0.2495,0.0224,3.1309,16,
0.1076,0.0018,1.2602,4,
0.1694,0.0027,2.0947,6,
0.9234,0.0121,0.1085,23,
0.1687,0.0277,7.1288,7,
0.0168,0.0047,135.8541,10,
0.4094,0.0477,2.5397,25,
0.3797,0.0554,4.3722,21,
0.3006,0.0242,2.5742,16,
0.1119,0.0029,1.8902,4,
0.1677,0.0036,1.0548,6,
0.8800,0.0071,0.1192,22,
0.0672,0.0054,12.1281,4,
0.0172,0.0038,125.0334,10,
0.4285,0.0447,2.3530,26,
0.3811,0.0605,4.0791,21,
0.3015,0.0245,2.5046,17,
0.1401,0.0012,0.5786,5,
0.1691,0.0024,17.3759,6,
0.8841,0.0080,0.0960,22,
0.1635,0.0324,12.3159,12,
0.0840,0.0056,6.6996,6,
0.4363,0.0439,2.1725,26,
0.3600,0.0536,4.2960,20,
0.2417,0.0211,2.9600,16,
0.1387,0.0052,2.3335,5,
0.1412,0.0024,1.7668,5,
0.8817,0.0087,0.0910,22,
0.0681,0.0035,7.8871,4,
0.0144,0.0047,163.3560,10,
0.4377,0.0442,2.2446,26,
0.3639,0.0537,4.4116,20,
0.2481,0.0204,2.8962,16,
0.0167,0.0025,117.9831,4,
0.1063,0.0015,1.1438,4,
0.1871,0.0034,0.8607,6,
0.9154,0.0046,0.0849,23,
0.1071,0.0135,17.5987,11,
0.1551,0.0262,8.1219,6,
0.4141,0.0460,2.4321,25,
0.3373,0.0455,4.6077,18,
0.3064,0.0253,2.2527,17,
0.0778,0.0016,2.4111,4,
0.1427,0.0004,0.2300,5,
0.2036,0.0031,1.0718,7,
0.8839,0.0089,0.1713,22,
0.1070,0.0130,16.0773,10,
0.1575,0.0235,6.8949,5,
0.4465,0.0479,2.1388,26,
0.3245,0.0414,5.4735,18,
0.3151,0.0231,2.1663,16,
0.1104,0.0005,0.3796,4,
0.1692,0.0017,5.4660,6,
0.8826,0.0057,0.0834,22,
0.2289,0.0512,6.9480,9,
0.0163,0.0034,138.7694,9,
0.4345,0.0550,2.3614,26,
0.3055,0.0427,8.2415,16,
0.3225,0.0276,2.3207,17,
0.1077,0.0002,3.3958,4,
0.1695,0.0017,12.0215,6,
0.9231,0.0155,0.1325,23,
0.1733,0.0354,8.3164,8,
0.0136,0.0045,167.1501,10,
0.4290,0.0455,2.3127,26,
0.2610,0.0537,7.8615,14,
0.3056,0.0213,2.2515,16,
0.1419,0.0005,0.2984,5,
0.1674,0.0023,3.1632,6,
0.8822,0.0042,0.1741,22,
0.1738,0.0347,8.1223,7,
0.0157,0.0047,135.0388,10,
0.4103,0.0444,2.3554,25,
0.2270,0.0412,7.4613,12,
0.2353,0.0203,3.1996,16,
0.1418,0.0015,0.8692,5,
0.1709,0.0042,1.1902,6,
0.8604,0.0027,0.0724,22,
0.1520,0.0384,14.0114,11,
0.2255,0.0496,7.0014,8,
0.4156,0.0432,2.2351,25,
0.1781,0.0396,9.8969,10,
0.2371,0.0261,3.9940,16,
0.1376,0.0073,3.2570,5,
0.1782,0.0041,1.2297,6,
0.8596,0.0064,3.6399,22,
0.2198,0.0442,6.7725,9,
0.0172,0.0038,125.1328,10,
0.4502,0.0464,1.9027,26,
0.1363,0.0342,14.8757,8,
0.2344,0.0287,4.6638,16,
0.1112,0.0046,7.1987,4,
0.1628,0.0068,2.3562,5,
0.1698,0.0041,1.5040,6,
0.8650,0.0076,3.1832,22,
0.2310,0.0450,6.9450,11,
0.0163,0.0036,130.9650,10,
0.4427,0.0521,2.0955,26,
0.0830,0.0261,29.8176,6,
0.2964,0.0280,3.6549,17,
0.0321,0.0066,45.6701,4,
0.1077,0.0015,1.1183,4,
0.1696,0.0029,1.4222,6,
0.8765,0.0035,0.1339,22,
0.2570,0.0616,7.1209,10,
0.0184,0.0051,103.1689,10,
0.4166,0.0454,2.2362,25,
0.0656,0.0055,10.1497,5,
0.3120,0.0315,3.8016,19,
0.1525,0.0041,1.3584,5,
0.1695,0.0029,1.3115,6,
0.8836,0.0157,0.1601,22,
0.2324,0.0509,7.9424,8,
0.0165,0.0057,135.2738,10,
0.4389,0.0566,2.3482,26,
0.0496,0.0005,1.6922,4,
0.2524,0.0321,4.8135,18,
0.1490,0.0016,0.5526,5,
0.1693,0.0021,2.1521,6,
0.8792,0.0068,0.0915,22,
0.1083,0.0154,17.0123,11,
0.2237,0.0364,5.7385,7,
0.4348,0.0486,2.1466,26,
0.2527,0.0317,4.8130,18,
0.1490,0.0006,0.2713,5,
0.2045,0.0019,0.3570,7,
0.8527,0.0058,3.7600,22,
0.2194,0.0293,8.6920,8,
0.0173,0.0037,115.9109,10,
0.4186,0.0521,2.3601,26,
0.3109,0.0283,4.3359,23,
0.2196,0.0079,1.4040,7,
0.1679,0.0022,2.7186,6,
0.8483,0.0045,0.0717,22,
0.0653,0.0168,25.7102,4,
0.0189,0.0036,102.5487,10,
0.0846,0.0147,14.3868,9,
0.1093,0.0053,10.4706,5,
0.0816,0.0542,26.1352,4,
0.2315,0.0158,2.3659,7,
0.1354,0.0021,1.3549,5,
0.8691,0.0057,0.1059,22,
0.0778,0.0093,17.7162,4,
0.0142,0.0047,155.6877,10,
0.4222,0.0407,2.0655,25,
0.2730,0.0216,4.7854,24,
0.1013,0.0057,6.3813,4,
0.2760,0.0705,10.0137,10,
0.1932,0.0019,0.5349,6,
0.1689,0.0033,1.2973,6,
0.8679,0.0068,0.0960,22,
0.0762,0.0110,21.1641,4,
0.0177,0.0031,118.5772,9,
0.4192,0.0447,2.2096,25,
0.3596,0.0620,4.5699,27,
0.0757,0.0054,14.9767,5,
0.3263,0.0932,9.4290,13,
0.2042,0.0055,1.1010,7,
0.1701,0.0013,0.4129,6,
0.8778,0.0091,0.0961,22,
0.1030,0.0049,16.2376,5,
0.0177,0.0032,121.8980,10,
0.4342,0.0499,2.1390,26,
0.4098,0.0424,6.7093,31,
0.0863,0.0016,6.5558,4,
0.3221,0.0644,9.0934,13,
0.2290,0.0175,2.8707,7,
0.1667,0.0034,1.1398,6,
0.8756,0.0089,0.1187,22,
0.0706,0.0085,12.3886,4,
0.0181,0.0039,118.7722,10,
0.4283,0.0512,2.3256,26,
0.3901,0.1386,6.9442,30,
0.3251,0.0793,9.3963,13,
0.2014,0.0160,3.2354,7,
0.1729,0.0030,1.4708,6,
0.8669,0.0121,0.1216,22,
0.1113,0.0066,14.0884,5,
0.0178,0.0042,121.9540,9,
0.4406,0.0520,2.0661,26,
0.1119,0.0022,2.9227,6,
0.2350,0.0545,11.2312,27,
0.3258,0.1036,9.3319,13,
0.1761,0.0044,1.1937,6,
0.2170,0.0039,0.6897,7,
0.8751,0.0126,0.1321,22,
0.0725,0.0042,7.8966,4,
0.0168,0.0025,122.9519,9,
0.4245,0.0415,2.0666,25,
0.1133,0.0042,2.6368,5,
0.2702,0.0435,8.6473,31,
0.3244,0.0861,9.4522,13,
0.2056,0.0103,1.9786,7,
0.1862,0.0021,0.5023,6,
0.8787,0.0063,0.0913,22,
0.0842,0.0081,8.8794,4,
0.0182,0.0035,114.9093,9,
0.4237,0.0419,2.1111,25,
0.0496,0.0078,22.7572,4,
0.3591,0.0867,7.5831,36,
0.3519,0.0914,8.7110,13,
0.2358,0.0075,1.1603,7,
0.1696,0.0023,1.7704,6,
0.9204,0.0201,0.2493,23,
0.0801,0.0155,17.5584,4,
0.0177,0.0033,132.9268,9,
0.4381,0.0465,2.0498,26,
0.0700,0.0159,21.3425,5,
0.3706,0.0969,6.4404,38,
0.3478,0.0428,8.9405,13,
0.1932,0.0019,0.5349,6,
0.1348,0.0009,0.9482,5,
0.8796,0.0038,0.0816,22,
0.0786,0.0071,11.6546,4,
0.0183,0.0035,114.0895,10,
0.4144,0.0426,2.2871,25,
0.0702,0.0114,16.2117,5,
0.4006,0.1270,7.7974,38,
0.3305,0.0777,9.4631,13,
0.1817,0.0022,0.5974,6,
0.1690,0.0037,1.0266,6,
0.8865,0.0183,0.1885,22,
0.0744,0.0101,13.3162,4,
0.0172,0.0038,139.3340,9,
0.4322,0.0444,2.0846,26,
0.1159,0.0396,17.8282,7,
0.0440,0.0123,39.0428,4,
0.4560,0.1295,3.8674,35,
0.3216,0.0979,9.4476,13,
0.1704,0.0025,0.7409,6,
0.1691,0.0045,1.3206,6,
0.8304,0.0032,0.1754,21,
0.0861,0.0065,7.4165,4,
0.0191,0.0040,102.5637,10,
0.4342,0.0410,2.1301,26,
0.1625,0.0451,11.9933,8,
0.1390,0.0059,3.2530,6,
0.0368,0.0058,33.7192,4,
0.5394,0.1347,3.4329,35,
0.1643,0.0012,0.7109,5,
0.1175,0.0031,3.3351,4,
0.2979,0.0635,10.3273,12,
0.2098,0.0153,3.0259,7,
0.1338,0.0021,2.4989,5,
0.8827,0.0101,0.1033,22,
0.0744,0.0070,15.4463,4,
0.0137,0.0037,157.0312,10,
0.4397,0.0552,2.2087,26,
0.2220,0.0377,9.7717,10,
0.1613,0.0102,3.2404,6,
0.6156,0.1051,5.2368,37,
0.3172,0.0009,0.2555,8,
0.3251,0.0879,9.3734,13,
0.2011,0.0077,1.7082,7,
0.1748,0.0025,0.6431,6,
0.8740,0.0046,0.0636,22,
0.0795,0.0099,28.6264,4,
0.0144,0.0041,164.5784,10,
0.4422,0.0516,2.1329,26,
0.2487,0.0343,10.3153,12,
0.6098,0.0985,5.0077,37,
0.3385,0.0026,0.3268,9,
0.4059,0.0849,8.3575,14,
0.2019,0.0069,1.5017,6,
0.1670,0.0017,3.0265,6,
0.8753,0.0036,0.1690,22,
0.0781,0.0050,20.2195,4,
0.0172,0.0032,125.8895,9,
0.4373,0.0489,2.1595,26,
0.2892,0.0427,7.6868,15,
0.6209,0.0902,3.5527,38,
0.1999,0.0017,1.9432,5,
0.3739,0.0051,0.4866,10,
0.4227,0.0960,8.0788,14,
0.2264,0.0065,1.1201,7,
0.1355,0.0018,5.1540,5,
0.8708,0.0058,0.2123,22,
0.0838,0.0130,28.1183,4,
0.0177,0.0027,113.8291,9,
0.4236,0.0411,2.1434,25,
0.3013,0.0318,5.8114,16,
0.5533,0.1625,3.2420,34,
0.2007,0.0015,0.9268,5,
0.3480,0.0032,0.3549,9,
0.3295,0.0701,8.5791,13,
0.1794,0.0017,0.4266,6,
0.1699,0.0025,0.6683,6,
0.8712,0.0115,0.1468,22,
0.0177,0.0039,109.5589,10,
0.4335,0.0492,2.2332,26,
0.3118,0.0380,5.3318,17,
0.5438,0.1314,2.9221,32,
0.1113,0.0102,6.9071,6,
0.3337,0.0014,0.6321,9,
0.2976,0.0961,9.9870,12,
0.1864,0.0072,1.7654,6,
0.1683,0.0028,2.3960,6,
0.8731,0.0062,0.0818,22,
0.0769,0.0113,29.8474,4,
0.0165,0.0042,126.2418,10,
0.4348,0.0475,2.0777,26,
0.3566,0.0479,5.4564,20,
0.5082,0.1235,3.1517,29,
0.0936,0.0167,13.5444,5,
0.3805,0.0033,0.2541,10,
0.3193,0.1052,9.4147,13,
0.1812,0.0025,0.6135,6,
0.2109,0.0056,0.9497,7,
0.8591,0.0090,0.9500,22,
0.0160,0.0026,143.9349,9,
0.4375,0.0479,2.1533,26,
0.3566,0.0515,4.6800,20,
0.5106,0.1166,2.9865,27,
0.1284,0.0171,8.5869,5,
0.3758,0.0042,0.6165,10,
0.3239,0.1034,9.4159,13,
0.2062,0.0012,0.2502,7,
0.1778,0.0024,0.5848,6,
0.8737,0.0087,0.0943,22,
0.0158,0.0023,112.8151,9,
0.4328,0.0453,2.1202,26,
0.3502,0.0546,4.5215,20,
0.5178,0.1047,2.7517,26,
0.1125,0.0048,3.0816,6,
0.3708,0.0019,0.1436,10,
0.3101,0.0739,9.8285,12,
0.2165,0.0133,2.2393,7,
0.1349,0.0021,6.3886,5,
0.8694,0.0048,2.8624,22,
0.0866,0.0034,10.6194,4,
0.0172,0.0063,139.1527,10,
0.4353,0.0514,2.2416,26,
0.3770,0.0634,4.3974,21,
0.5138,0.1130,2.8028,25,
0.1112,0.0133,8.8816,5,
0.3739,0.0042,0.3438,10,
0.1144,0.0468,17.7031,5,
0.3063,0.0814,10.0296,12,
0.2182,0.0067,1.2898,7,
0.1354,0.0018,5.1552,5,
0.8801,0.0061,0.0767,22,
0.0741,0.0063,9.9460,4,
0.0159,0.0030,134.9117,10,
0.4210,0.0439,2.2272,25,
0.3716,0.0664,4.3970,21,
0.5110,0.0994,2.6592,24,
0.2079,0.0036,0.6961,5,
0.3767,0.0042,0.4445,10,
0.2967,0.0778,10.3056,12,
0.1817,0.0041,1.0904,6,
0.1697,0.0029,1.4210,6,
0.8382,0.0052,0.0790,21,
0.0756,0.0077,26.1935,4,
0.0172,0.0034,129.0969,9,
0.4137,0.0460,2.3120,25,
0.3707,0.0704,4.3437,21,
0.5116,0.1035,2.8369,22,
0.3638,0.0028,0.7474,10,
0.2977,0.0749,10.2111,12,
0.2261,0.0059,0.8941,7,
0.1669,0.0042,1.2568,6,
0.8556,0.0124,0.1403,22,
0.0794,0.0116,29.0068,4,
0.0172,0.0038,137.2578,10,
0.4422,0.0435,2.0239,26,
0.3699,0.0799,4.4249,21,
0.4443,0.0761,2.7747,18,
0.2032,0.0015,1.1204,5,
0.3834,0.0038,1.1434,10,
0.4046,0.0886,8.3689,14,
0.2063,0.0056,1.0764,7,
0.1702,0.0022,1.8446,6,
0.8788,0.0051,0.0580,22,
0.0741,0.0117,29.4452,4,
0.0165,0.0047,129.9820,10,
0.4294,0.0427,2.0692,25,
0.2595,0.0608,5.9623,18,
0.4152,0.0585,2.6543,16,
0.3596,0.0057,0.3874,10,
0.2959,0.0935,10.0488,12,
0.2541,0.0099,1.3208,7,
0.1687,0.0018,11.9610,6,
0.9211,0.0077,0.1294,23,
0.0771,0.0065,17.9275,4,
0.0177,0.0031,128.7453,10,
0.4309,0.0479,2.1926,25,
0.2494,0.0498,5.5534,18,
0.3156,0.0536,3.8355,12,
0.3348,0.0015,0.7383,9,
0.3395,0.0940,9.0678,13,
0.1818,0.0017,0.6069,6,
0.2009,0.0030,1.1076,7,
0.8686,0.0102,0.5265,22,
0.0742,0.0133,31.8941,4,
0.0172,0.0064,131.1566,10,
0.4379,0.0491,2.1177,26,
0.2181,0.0374,5.6758,17,
0.3275,0.0531,3.7611,9,
0.1531,0.0034,1.1885,4,
0.3798,0.0026,0.1908,10,
0.1085,0.0021,11.8866,4,
0.4146,0.1011,8.1944,14,
0.1817,0.0025,0.6546,6,
0.1672,0.0021,1.1880,6,
0.8732,0.0188,0.2105,22,
0.0709,0.0120,28.6834,4,
0.0172,0.0032,136.8543,9,
0.4323,0.0437,2.2518,26,
0.1315,0.0193,10.2143,4,
0.1793,0.0244,5.5829,15,
0.4199,0.0057,1.6616,11,
0.1085,0.0018,4.2182,4,
0.3028,0.0834,10.1252,12,
0.1817,0.0019,0.4350,6,
0.2005,0.0021,1.7079,7,
0.8920,0.0121,0.1233,22,
0.0982,0.0065,8.4497,5,
0.0189,0.0033,85.6431,10,
0.4138,0.0468,2.3617,25,
0.0484,0.0053,18.2912,4,
0.2018,0.0344,5.8856,15,
0.0928,0.0040,3.7479,4,
0.3809,0.0017,0.4390,10,
0.2977,0.0891,10.1276,12,
0.2020,0.0110,2.2280,7,
0.1692,0.0019,0.5738,6,
0.8324,0.0048,0.0855,21,
0.0737,0.0116,29.6363,4,
0.0159,0.0031,131.4533,10,
0.4166,0.0458,2.2397,25,
0.0526,0.0045,13.2470,4,
0.1889,0.0324,6.5252,14,
0.1276,0.0091,4.8739,5,
0.4047,0.0013,0.3775,10,
0.2961,0.1018,10.0108,12,
0.2054,0.0056,1.0351,7,
0.1693,0.0038,1.3638,6,
0.8671,0.0055,0.1046,22,
0.0742,0.0123,27.2874,4,
0.0161,0.0038,127.8712,9,
0.4419,0.0510,2.1358,26,
0.3222,0.0409,4.5801,18,
0.1704,0.0044,1.3609,6,
0.2021,0.0017,0.7949,5,
0.3499,0.0051,0.3263,9,
0.2972,0.0913,9.8736,12,
0.1963,0.0033,0.7310,6,
0.2036,0.0031,1.0718,7,
0.8712,0.0039,0.0918,22,
0.0735,0.0118,30.0894,4,
0.0169,0.0037,113.7132,9,
0.4398,0.0543,2.2145,26,
0.3136,0.0319,5.5588,19,
0.4638,0.0501,2.1770,14,
0.1533,0.0019,16.6168,4,
0.3723,0.0018,0.2756,10,
0.3198,0.0899,9.4806,12,
0.2275,0.0054,0.8808,7,
0.1700,0.0021,4.0094,6,
0.8844,0.0076,0.1105,22,
0.0760,0.0123,30.8624,4,
0.0177,0.0018,106.8444,9,
0.4274,0.0478,2.1999,25,
0.3020,0.0315,5.5720,20,
0.4504,0.0674,2.5529,13,
0.1520,0.0037,1.2542,4,
0.3804,0.0077,0.4617,10,
0.1337,0.0392,14.6058,4,
0.3073,0.0756,10.0043,12,
0.2238,0.0155,2.6838,7,
0.1671,0.0023,1.7497,6,
0.8804,0.0051,0.0587,22,
0.0852,0.0104,15.6852,5,
0.0163,0.0042,135.5976,10,
0.4311,0.0377,2.2475,26,
0.2947,0.0429,7.4123,21,
0.4802,0.0913,2.8837,13,
0.3785,0.0019,0.3899,10,
0.2979,0.1061,10.0100,12,
0.2180,0.0140,2.3371,7,
0.1350,0.0024,20.9100,5,
0.8819,0.0065,0.1233,22,
0.0959,0.0100,11.6560,5,
0.0153,0.0034,139.4253,10,
0.4151,0.0442,2.3431,25,
0.3061,0.0511,7.4301,23,
0.3965,0.0541,4.0281,11,
0.3786,0.0029,0.3672,10,
0.2924,0.0961,10.2549,12,
0.2045,0.0058,1.2352,7,
0.1673,0.0017,9.8939,6,
0.8756,0.0059,2.7468,22,
0.0919,0.0112,28.1635,5,
0.0158,0.0048,151.5906,10,
0.4555,0.0478,1.9638,25,
0.2911,0.0473,6.6521,24,
0.3707,0.0428,2.5117,10,
0.3688,0.0025,0.1768,10,
0.2992,0.0877,10.0581,12,
0.2139,0.0131,2.3123,7,
0.1706,0.0022,0.5914,6,
0.8721,0.0081,0.0870,22,
0.0809,0.0141,22.5706,5,
0.0182,0.0039,121.2097,10,
0.4415,0.0572,2.2574,26,
0.3252,0.0439,7.3227,23,
0.3840,0.0170,2.1152,10,
0.3693,0.0023,0.1903,10,
0.2979,0.0966,9.8492,12,
0.2077,0.0117,2.1825,7,
0.1836,0.0022,0.5910,6,
0.8755,0.0044,0.0658,22,
0.0959,0.0055,8.6271,5,
0.0166,0.0032,124.8693,10,
0.4036,0.0387,2.2826,24,
0.1935,0.0250,5.1924,21,
0.4033,0.0278,1.4310,10,
0.3612,0.0026,0.3176,10,
0.2929,0.0997,10.2441,12,
0.2517,0.0096,1.2202,7,
0.2032,0.0056,1.4145,7,
0.8774,0.0126,0.1629,22,
0.1153,0.0062,12.6877,5,
0.0168,0.0027,136.7987,9,
0.3229,0.0189,2.2089,19,
0.0374,0.0072,36.4433,4,
0.1446,0.0195,7.2262,21,
0.3755,0.0050,0.7319,9,
0.3626,0.0041,0.2578,10,
0.3201,0.0921,9.4613,12,
0.1932,0.0023,0.5615,6,
0.2004,0.0024,0.9244,7,
0.8638,0.0043,1.2251,22,
0.0761,0.0100,22.3317,4,
0.0191,0.0038,119.8583,9,
0.2716,0.0149,2.4116,16,
0.1521,0.0310,19.1972,23,
0.3920,0.0137,6.5043,10,
0.1492,0.0006,0.2040,4,
0.3406,0.0013,0.1040,9,
0.3050,0.0870,9.9989,12,
0.2183,0.0130,2.2267,7,
0.1693,0.0019,1.2557,6,
0.8848,0.0075,0.0816,22,
0.0702,0.0131,32.5397,4,
0.0174,0.0041,114.9773,10,
0.2164,0.0113,4.1836,12,
0.1414,0.0185,7.7083,25,
0.3334,0.0177,1.4129,8,
0.1990,0.0011,1.1355,5,
0.3894,0.0029,0.2713,10,
0.2975,0.0983,10.0240,12,
0.2041,0.0151,2.7923,7,
0.1697,0.0022,3.2673,6,
0.8825,0.0035,0.0755,22,
0.0982,0.0070,27.0232,5,
0.0150,0.0036,152.6059,10,
0.1518,0.0092,15.0684,9,
0.1585,0.0626,21.5956,27,
0.4433,0.0281,3.3621,10,
0.1990,0.0026,5.7048,5,
0.3424,0.0013,0.8203,9,
0.5115,0.0889,4.6672,16,
0.2188,0.0136,2.3535,7,
0.1697,0.0025,2.0700,6,
0.8721,0.0075,0.3264,22,
0.1043,0.0033,14.9838,5,
0.0191,0.0032,108.9847,10,
0.1399,0.0188,8.0813,8,
0.1480,0.0394,15.4163,27,
0.1500,0.0009,9.6049,4,
0.3754,0.0023,0.3176,10,
0.5135,0.0978,4.8413,16,
0.2180,0.0114,2.1132,7,
0.1716,0.0012,0.3499,6,
0.8705,0.0070,0.0747,22,
0.0912,0.0118,25.2040,5,
0.0181,0.0038,126.3147,10,
0.1312,0.0201,10.1170,7,
0.1708,0.0981,18.5032,29,
0.3724,0.0013,0.1386,10,
0.1638,0.0447,15.0219,4,
0.3007,0.0740,10.0013,12,
0.1785,0.0021,0.5346,6,
0.1700,0.0017,2.8335,6,
0.8744,0.0149,0.1492,22,
0.0781,0.0064,24.4231,4,
0.0183,0.0035,108.3902,9,
0.1248,0.0192,9.7119,7,
0.1624,0.0913,20.3205,29,
0.1520,0.0008,0.2930,4,
0.3852,0.0079,0.5180,10,
0.1562,0.0154,6.6512,4,
0.2706,0.0787,10.6940,11,
0.2326,0.0149,2.4288,7,
0.1683,0.0028,0.9067,6,
0.8771,0.0049,0.1062,22,
0.0925,0.0103,28.0375,5,
0.0195,0.0033,93.3431,10,
0.1263,0.0109,10.8144,7,
0.1468,0.0303,9.7007,27,
0.3850,0.0031,0.2606,10,
0.1183,0.0049,5.6857,4,
0.3072,0.0809,9.6937,12,
0.1784,0.0031,0.8204,6,
0.1695,0.0019,2.1739,6,
0.8681,0.0130,0.2463,22,
0.0947,0.0113,11.9991,5,
0.0173,0.0030,114.7607,9,
0.1598,0.0129,5.4371,9,
0.1493,0.0360,11.8660,27,
0.2058,0.0034,2.3003,5,
0.3752,0.0022,0.1461,10,
0.3085,0.0833,9.9084,12,
0.1839,0.0025,0.6035,6,
0.2019,0.0079,1.4680,7,
0.8695,0.0086,0.1823,22,
0.2111,0.0454,7.3864,6,
0.0210,0.0035,104.9622,10,
0.2138,0.0088,13.1113,12,
0.0643,0.0156,25.4489,9,
0.1478,0.0346,13.3497,26,
0.1999,0.0036,0.8954,5,
0.3366,0.0017,0.4226,9,
0.1813,0.0187,8.6104,4,
0.3046,0.0434,10.0459,12,
0.1840,0.0017,0.5900,6,
0.1691,0.0017,5.4624,6,
0.8727,0.0142,0.1542,22,
0.0757,0.0042,23.6846,4,
0.0223,0.0028,66.7916,10,
0.2529,0.0099,2.9527,15,
0.0642,0.0095,17.6606,8,
0.1430,0.0203,7.5686,24,
0.3984,0.0067,1.2738,11,
0.2711,0.0501,11.0410,11,
0.2184,0.0144,2.6014,7,
0.1352,0.0021,0.9722,5,
0.8765,0.0085,0.1048,22,
0.2174,0.0519,7.5521,7,
0.0210,0.0037,107.8091,9,
0.3376,0.0319,2.4263,20,
0.0681,0.0299,29.7732,9,
0.1373,0.0185,7.3419,21,
0.3690,0.0025,0.2239,10,
0.1747,0.0049,1.3558,4,
0.2720,0.0834,10.6032,11,
0.2142,0.0115,2.0092,7,
0.1343,0.0020,11.8673,5,
0.8755,0.0079,0.0845,22,
0.0952,0.0066,25.3340,5,
0.0172,0.0034,128.4682,9,
0.4118,0.0477,2.6839,25,
0.0767,0.0121,26.2672,9,
0.1639,0.0241,6.6449,21,
0.1476,0.0039,2.1110,4,
0.3366,0.0027,0.3579,9,
0.3081,0.0632,9.1986,12,
0.1731,0.0005,0.2277,6,
0.2114,0.0049,0.9755,7,
0.8664,0.0037,0.4188,22,
0.2139,0.0503,7.3905,6,
0.0178,0.0037,115.9853,9,
0.4456,0.0593,2.5945,27,
0.3316,0.0355,4.0234,27,
0.3546,0.0023,0.5049,10,
0.1772,0.0166,5.9130,4,
0.2977,0.0776,10.1993,12,
0.1942,0.0023,0.4732,5,
0.1698,0.0031,0.8427,6,
0.8580,0.0045,0.1787,22,
0.2264,0.0557,7.4946,9,
0.0178,0.0041,118.9143,10,
0.4519,0.0471,2.3279,28,
0.3342,0.0511,5.5833,26,
0.3663,0.0027,0.2249,10,
0.3169,0.0972,9.5377,12,
0.1910,0.0055,1.3505,6,
0.1693,0.0019,1.2557,6,
0.8831,0.0100,0.1092,22,
0.2188,0.0558,7.6892,7,
0.0177,0.0019,112.8029,9,
0.4487,0.0559,2.5704,28,
0.3422,0.0495,6.1013,24,
0.1996,0.0028,0.6530,5,
0.3355,0.0036,0.5419,9,
0.2817,0.0554,10.5027,11,
0.2238,0.0171,2.7246,7,
0.1693,0.0021,1.1677,6,
0.8811,0.0075,0.0851,22,
0.2151,0.0526,7.6954,7,
0.0191,0.0029,113.8920,9,
0.4158,0.0594,3.0844,26,
0.3259,0.0516,5.5240,22,
0.1552,0.0021,9.8958,4,
0.3433,0.0032,0.2972,9,
0.2687,0.0358,11.1839,11,
0.2186,0.0156,2.7549,7,
0.1356,0.0009,0.3786,5,
0.8816,0.0094,0.1010,22,
0.2149,0.0602,8.1733,7,
0.0187,0.0040,110.0257,9,
0.4193,0.0576,3.1006,26,
0.3287,0.0421,5.7312,21,
0.2014,0.0026,0.7434,5,
0.3343,0.0018,2.2848,9,
0.1422,0.0430,17.2246,4,
0.2974,0.1056,10.0612,12,
0.1771,0.0032,0.8940,6,
0.1699,0.0018,5.0002,6,
0.8621,0.0129,0.1303,22,
0.2060,0.0516,8.1059,7,
0.0194,0.0036,98.3632,9,
0.4236,0.0565,3.0124,26,
0.3181,0.0434,5.7155,20,
0.2013,0.0023,1.0033,5,
0.3722,0.0043,0.2489,10,
0.1833,0.0088,2.1433,4,
0.2718,0.0793,10.9674,11,
0.2080,0.0161,3.0867,7,
0.1425,0.0020,2.1315,5,
0.8612,0.0071,0.2310,22,
0.2233,0.0610,8.0623,8,
0.0180,0.0029,98.9402,10,
0.4292,0.0548,3.0071,26,
0.3305,0.0410,5.4089,20,
0.3778,0.0020,0.1398,10,
0.3122,0.0386,10.0227,12,
0.1808,0.0017,0.4693,6,
0.1355,0.0016,3.7808,5,
0.8662,0.0099,1.0696,22,
0.2149,0.0562,8.1157,9,
0.0196,0.0047,105.2756,10,
0.4337,0.0872,3.6924,27,
0.3246,0.0394,5.8361,19,
0.1490,0.0014,0.5054,4,
0.3835,0.0047,0.2427,10,
0.3046,0.0948,9.9450,12,
0.2176,0.0117,1.9612,7,
0.1693,0.0019,2.1828,6,
0.8810,0.0049,0.0744,22,
0.2200,0.0494,7.0813,7,
0.0220,0.0033,104.4661,8,
0.4091,0.0546,3.3566,26,
0.3465,0.0436,5.1696,19,
0.1982,0.0033,0.6818,5,
0.3381,0.0013,0.4010,9,
0.2721,0.0437,11.2559,11,
0.2184,0.0133,2.2304,7,
0.1697,0.0035,1.3534,6,
0.8788,0.0118,0.1576,22,
0.2145,0.0523,8.0443,8,
0.0210,0.0029,98.6145,8,
0.4182,0.0630,3.3982,27,
0.0682,0.0108,17.0529,5,
0.2038,0.0374,6.2890,13,
0.1506,0.0020,0.7522,4,
0.3832,0.0066,0.4519,10,
0.2964,0.0893,9.9388,12,
0.1703,0.0073,2.1574,6,
0.1701,0.0027,2.4722,6,
0.8344,0.0074,0.1297,21,
0.2074,0.0485,7.8309,7,
0.0206,0.0041,100.6861,10,
0.4203,0.0574,3.2010,28,
0.3240,0.0394,4.5737,16,
0.1514,0.0036,1.3991,4,
0.3741,0.0029,0.3257,10,
0.2989,0.0770,10.2328,12,
0.2171,0.0136,2.5669,7,
0.1750,0.0024,3.0954,6,
0.8690,0.0065,0.0860,22,
0.2153,0.0612,8.2236,7,
0.0200,0.0033,110.5720,9,
0.4433,0.0675,2.9659,29,
0.3077,0.0387,4.8770,15,
0.2027,0.0019,0.7421,5,
0.3704,0.0024,0.4446,10,
0.4607,0.0751,6.7976,16,
0.1730,0.0015,0.5244,6,
0.1786,0.0023,0.9606,6,
0.8591,0.0072,0.0913,22,
0.2230,0.0571,7.7360,8,
0.0197,0.0046,116.8103,9,
0.4296,0.0705,2.9440,30,
0.3091,0.0352,5.9292,15,
0.1504,0.0019,1.4632,4,
0.3736,0.0017,0.2341,10,
0.4811,0.0714,5.6337,16,
0.1813,0.0017,0.6088,6,
0.1694,0.0034,0.8975,6,
0.8734,0.0192,0.4164,22,
0.2118,0.0707,9.2812,8,
0.0197,0.0040,109.5880,10,
0.4278,0.0675,2.8255,30,
0.3249,0.0346,5.6390,15,
0.1497,0.0000,0.0107,4,
0.3389,0.0013,0.1496,9,
0.3057,0.0720,9.9765,12,
0.2153,0.0136,2.3542,7,
0.1695,0.0029,1.3115,6,
0.8806,0.0067,0.0960,22,
0.2181,0.0542,7.5447,7,
0.0210,0.0034,109.1979,10,
0.4143,0.0595,2.7803,30,
0.2938,0.0432,5.9151,13,
0.3365,0.0014,0.1109,9,
0.3030,0.0856,9.9340,12,
0.1815,0.0027,0.7140,6,
0.1698,0.0009,0.2872,6,
0.8794,0.0135,0.1400,22,
0.2184,0.0539,7.6494,7,
0.0215,0.0024,83.6668,9,
0.4449,0.0554,2.6054,31,
0.2844,0.0393,6.9584,12,
0.3770,0.0123,0.8147,10,
0.2967,0.0833,10.1405,12,
0.2148,0.0089,1.6489,7,
0.1696,0.0017,12.0796,6,
0.8899,0.0094,3.6850,23,
0.1219,0.0050,20.7883,6,
0.0195,0.0039,116.7473,10,
0.4507,0.0657,4.8963,30,
0.2508,0.0384,8.5209,10,
0.2031,0.0034,0.7408,5,
0.3406,0.0013,0.1559,9,
0.1184,0.0019,2.5944,4,
0.4608,0.0771,6.9956,16,
0.1784,0.0035,0.8474,6,
0.1361,0.0018,2.5394,5,
0.8565,0.0043,0.0801,22,
0.2240,0.0619,7.9990,8,
0.0188,0.0034,111.4549,9,
0.1064,0.0194,12.4618,8,
0.3012,0.0666,6.2981,21,
0.1454,0.0565,15.9607,7,
0.1510,0.0014,1.6337,4,
0.3611,0.0013,1.2220,10,
0.2937,0.0594,10.4921,12,
0.2077,0.0101,2.0767,7,
0.1450,0.0027,1.3039,5,
0.8789,0.0079,0.0918,22,
0.0961,0.0103,18.8886,5,
0.0194,0.0035,117.2136,10,
0.0732,0.0069,9.7869,4,
0.3278,0.0765,5.7108,24,
0.0488,0.0018,6.1724,4,
0.3808,0.0042,0.2475,10,
0.3082,0.0913,9.8544,12,
0.2158,0.0163,2.8073,7,
0.1694,0.0013,0.3790,6,
0.8641,0.0050,0.1393,22,
0.2123,0.0507,7.7566,7,
0.0195,0.0024,95.4231,9,
0.3408,0.0776,5.1303,26,
0.2012,0.0018,0.3628,5,
0.3268,0.0028,0.2605,9,
0.1386,0.0409,17.7123,4,
0.3142,0.0629,9.8739,12,
0.1909,0.0009,1.8629,6,
0.1704,0.0013,0.5671,6,
0.8764,0.0172,0.2799,22,
0.0967,0.0117,20.0327,5,
0.0200,0.0033,104.8448,9,
0.3535,0.0418,3.9882,25,
0.2007,0.0028,0.5869,5,
0.3386,0.0022,2.1866,9,
0.3015,0.1014,9.8804,12,
0.1771,0.0036,0.9452,6,
0.1697,0.0019,0.5371,6,
0.8771,0.0172,0.1871,22,
0.1116,0.0054,19.2736,5,
0.0195,0.0040,109.5829,10,
0.3522,0.0315,3.4999,25,
0.1516,0.0033,1.1551,4,
0.3408,0.0013,2.3994,9,
0.2979,0.0936,10.1801,12,
0.2153,0.0047,0.8353,7,
0.1693,0.0017,5.4697,6,
0.8178,0.0070,0.3102,21,
0.0981,0.0062,17.3406,4,
0.0205,0.0035,106.6036,9,
0.0726,0.0093,14.1461,5,
0.3262,0.0236,4.0947,23,
0.1985,0.0036,1.3391,5,
0.3843,0.0034,0.2171,10,
0.2982,0.0479,10.3369,12,
0.2074,0.0136,2.6060,7,
0.1360,0.0016,3.0052,5,
0.8622,0.0043,1.2830,22,
0.0924,0.0073,20.0453,4,
0.0183,0.0036,105.4029,9,
0.1072,0.0101,6.9507,6,
0.3320,0.0196,4.1430,23,
0.3787,0.0021,0.1701,10,
0.2996,0.0531,10.1524,12,
0.2083,0.0156,2.9724,7,
0.1405,0.0024,1.2823,5,
0.8779,0.0066,0.0654,22,
0.1014,0.0048,12.5485,4,
0.0192,0.0025,105.2918,9,
0.1327,0.0054,3.2760,7,
0.3346,0.0183,4.1122,23,
0.4140,0.0036,0.2682,11,
0.4590,0.0696,5.9871,16,
0.1697,0.0016,0.4634,6,
0.2179,0.0030,0.6555,7,
0.8578,0.0046,0.0689,22,
0.1069,0.0115,13.7980,4,
0.0195,0.0024,94.2295,9,
0.1428,0.0064,2.5798,8,
0.3355,0.0190,4.0994,23,
0.1504,0.0021,0.7467,4,
0.3695,0.0055,0.4694,10,
0.4824,0.1142,4.9651,17,
0.1666,0.0017,0.4522,5,
0.1350,0.0028,1.2840,5,
0.8671,0.0029,0.5669,22,
0.0234,0.0026,72.4156,8,
0.1442,0.0181,6.7897,7,
0.3187,0.0191,4.6918,22,
0.2036,0.0035,2.4581,5,
0.3641,0.0042,0.3099,10,
0.3195,0.0945,9.3811,12,
0.2278,0.0038,0.6012,7,
0.1699,0.0018,14.4627,6,
0.8720,0.0117,0.1432,22,
0.1073,0.0075,7.6231,4,
0.0192,0.0032,91.3748,9,
0.0541,0.0031,47.3326,7,
0.3202,0.0276,3.9844,22,
0.3717,0.0028,0.2112,10,
0.3042,0.1065,9.9026,12,
0.2179,0.0127,2.0855,7,
0.1688,0.0037,1.0285,6,
0.8834,0.0080,0.1070,22,
0.1050,0.0082,7.0585,4,
0.0210,0.0025,88.8397,9,
0.3134,0.0257,4.5329,22,
0.1548,0.0041,1.3539,4,
0.3400,0.0036,0.3027,9,
0.4622,0.0680,6.8404,16,
0.1818,0.0017,0.4232,6,
0.2032,0.0074,1.4522,7,
0.8921,0.0122,0.1181,22,
0.0192,0.0031,106.8977,9,
0.3067,0.0228,9.6429,22,
0.1994,0.0013,0.9296,5,
0.3309,0.0055,0.5935,9,
0.4697,0.0868,4.6091,16,
0.1816,0.0029,0.7194,6,
0.1712,0.0030,1.7425,6,
0.8832,0.0067,0.0870,22,
0.1039,0.0051,4.1126,4,
0.0206,0.0042,92.2216,10,
0.2952,0.0181,8.3701,21,
0.2023,0.0017,2.5902,5,
0.3356,0.0020,0.5248,9,
0.1469,0.0496,16.7255,4,
0.2950,0.1035,10.3309,12,
0.2154,0.0012,0.2298,7,
0.1750,0.0030,0.9114,6,
0.8558,0.0078,0.5724,22,
0.0191,0.0035,117.1632,9,
0.3233,0.0207,6.9946,22,
0.0482,0.0008,3.0929,4,
0.2035,0.0027,1.6374,5,
0.3322,0.0010,0.4531,9,
0.4617,0.0347,7.0008,16,
0.1726,0.0006,0.2091,6,
0.1801,0.0027,0.6701,6,
0.8676,0.0130,0.6736,22,
0.0192,0.0032,90.9509,9,
0.3022,0.0155,7.4824,21,
0.1613,0.0406,11.4483,7,
0.3646,0.0070,0.9140,10,
0.3190,0.0776,9.5199,12,
0.2195,0.0051,0.9536,7,
0.1687,0.0053,1.4510,6,
0.8828,0.0094,0.1728,22,
0.1063,0.0051,4.7170,4,
0.0181,0.0038,131.7039,9,
0.3094,0.0176,7.6123,21,
0.2267,0.0369,10.0168,9,
0.1495,0.0011,1.0591,4,
0.4109,0.0067,0.3325,11,
0.3129,0.0789,9.7065,12,
0.2293,0.0132,2.0483,7,
0.1357,0.0019,2.6179,5,
0.8631,0.0062,0.5125,22,
0.1050,0.0105,9.0630,4,
0.0196,0.0028,88.2191,9,
0.3158,0.0148,7.9795,21,
0.2565,0.0368,7.7288,11,
0.1529,0.0034,1.1904,4,
0.3772,0.0026,0.3351,10,
0.1368,0.0391,17.0340,4,
0.3030,0.0704,10.2197,12,
0.1817,0.0031,0.8223,6,
0.2028,0.0044,0.9788,7,
0.8745,0.0135,0.1585,22,
0.0197,0.0049,117.5605,9,
0.3171,0.0151,9.1388,21,
0.2921,0.0348,7.3912,13,
0.3807,0.0022,0.3401,10,
0.1087,0.0033,5.9339,5,
0.1472,0.0418,14.4478,4,
0.2961,0.0950,9.8556,12,
0.1794,0.0023,0.5582,6,
0.1700,0.0028,1.9576,6,
0.8254,0.0068,0.0900,21,
0.0200,0.0039,109.7404,9,
0.3047,0.0178,8.3341,21,
0.2945,0.0327,5.4932,13,
0.1939,0.0511,8.5293,5,
0.1500,0.0014,0.4980,4,
0.3809,0.0029,0.2912,10,
0.2937,0.1076,10.0448,12,
0.2145,0.0128,2.2728,7,
0.1715,0.0028,2.5634,6,
0.8738,0.0065,0.0937,22,
0.1057,0.0053,4.1430,4,
0.0187,0.0028,105.8595,9,
0.3082,0.0185,7.7173,21,
0.3088,0.0388,4.5425,14,
0.3752,0.0017,1.2184,10,
0.2973,0.0515,10.0682,12,
0.2038,0.0135,2.5513,7,
0.1784,0.0025,0.5961,6,
0.8766,0.0073,0.0761,22,
0.0191,0.0043,98.0878,10,
0.2967,0.0160,8.9970,20,
0.0517,0.0041,12.8799,4,
0.1879,0.0325,6.5560,11,
0.1482,0.0008,0.4923,4,
0.3731,0.0009,0.2216,10,
0.1122,0.0101,15.6188,6,
0.2949,0.0771,10.4085,12,
0.1698,0.0007,0.5856,5,
0.2034,0.0053,1.5393,7,
0.8642,0.0067,0.3450,22,
0.1007,0.0025,13.2117,4,
0.0215,0.0036,98.9433,9,
0.3068,0.0205,9.8186,21,
0.1648,0.0219,6.3408,11,
0.1489,0.0019,0.7059,4,
0.3216,0.0049,0.3997,9,
0.3172,0.0945,9.4269,12,
0.1886,0.0026,0.6408,6,
0.1675,0.0023,2.5420,6,
0.8606,0.0048,0.3115,22,
0.1022,0.0046,4.0129,4,
0.0206,0.0029,101.9983,8,
0.3167,0.0176,6.1201,21,
0.1899,0.0330,6.5553,12,
0.1516,0.0011,15.0228,4,
0.3721,0.0023,0.3109,10,
0.3042,0.0834,10.0321,12,
0.2180,0.0156,2.5657,7,
0.1691,0.0017,3.0880,6,
0.8769,0.0076,0.0849,22,
0.0220,0.0022,80.0616,8,
0.2991,0.0147,7.6482,20,
0.1840,0.0219,5.1299,13,
0.1504,0.0003,1.4075,4,
0.3388,0.0042,0.2991,9,
0.3263,0.1086,9.3312,13,
0.1816,0.0023,0.5525,6,
0.1672,0.0109,3.4106,6,
0.8729,0.0107,0.1269,22,
0.0186,0.0032,103.3375,10,
0.3088,0.0197,10.0162,21,
0.1789,0.0209,5.2392,13,
0.1996,0.0010,0.2671,5,
0.3557,0.0096,0.9568,10,
0.2963,0.0920,10.0265,12,
0.2291,0.0020,0.3216,7,
0.1689,0.0039,1.1099,6,
0.8554,0.0120,0.1186,22,
0.1038,0.0047,4.0331,4,
0.0212,0.0038,91.0855,9,
0.3114,0.0154,6.4258,21,
0.1515,0.0195,6.2798,12,
0.3835,0.0029,0.7821,10,
0.2981,0.0931,10.1140,12,
0.2100,0.0081,1.5227,7,
0.1720,0.0017,0.4875,6,
0.8790,0.0045,0.0635,22,
0.1047,0.0056,4.6057,4,
0.0190,0.0037,111.8822,10,
0.3117,0.0174,9.6364,21,
0.1461,0.0133,5.0408,12,
0.3667,0.0020,0.3503,10,
0.2968,0.0826,10.0642,12,
0.1775,0.0043,1.2465,6,
0.1725,0.0008,7.1450,6,
0.8758,0.0024,0.0913,22,
0.1014,0.0079,7.5558,4,
0.0177,0.0023,119.4485,9,
0.3231,0.0174,5.9317,22,
0.1699,0.0228,5.8137,12,
0.3630,0.0062,0.5034,10,
0.4032,0.0761,8.3692,14,
0.1872,0.0064,1.6350,5,
0.1696,0.0017,2.0151,6,
0.9211,0.0110,0.1791,23,
0.0959,0.0035,6.0249,4,
0.0191,0.0029,110.1010,9,
0.3151,0.0148,6.2419,21,
0.1721,0.0198,5.6824,12,
0.1524,0.0021,0.7098,4,
0.3184,0.0018,0.3807,9,
0.3534,0.0752,8.7944,13,
0.1927,0.0017,0.4055,6,
0.2065,0.0086,2.7776,7,
0.8751,0.0124,1.5384,22,
0.0926,0.0035,3.1127,4,
0.0196,0.0035,115.1217,10,
0.3238,0.0162,6.8943,22,
0.1549,0.0187,5.8502,11,
0.1513,0.0025,1.3039,4,
0.3803,0.0046,0.3457,10,
0.3111,0.0998,9.7745,12,
0.2267,0.0128,2.0820,7,
0.1701,0.0043,1.2409,6,
0.8766,0.0072,0.0678,22,
0.1130,0.0045,11.2568,5,
0.0186,0.0020,103.9079,9,
0.3313,0.0229,3.8500,22,
0.1094,0.0108,7.0356,9,
0.1994,0.0024,0.5069,5,
0.3803,0.0017,4.9469,10,
0.3322,0.0696,9.0911,13,
0.1818,0.0007,0.5173,6,
0.1680,0.0007,0.6503,6,
0.8684,0.0045,0.2215,22,
0.0891,0.0035,27.1724,4,
0.0219,0.0040,71.1846,8,
0.3197,0.0189,3.8301,21,
0.1240,0.0096,5.6461,9,
0.1521,0.0019,0.6661,4,
0.3791,0.0026,0.1715,10,
0.2967,0.0857,10.1170,12,
0.1794,0.0033,0.7849,6,
0.1701,0.0047,1.5376,6,
0.8590,0.0166,0.3425,22,
0.1088,0.0067,15.3317,5,
0.0182,0.0037,113.9799,10,
0.3289,0.0181,5.8569,22,
0.0951,0.0048,4.3067,7,
0.3717,0.0035,0.4261,10,
0.3004,0.0669,10.2651,12,
0.2109,0.0118,2.1123,7,
0.1739,0.0063,2.0606,6,
0.8711,0.0116,0.1122,22,
0.0991,0.0125,25.0117,5,
0.0197,0.0033,110.8681,9,
0.3133,0.0132,9.0100,21,
0.0936,0.0041,3.7346,6,
0.2074,0.0061,3.5068,5,
0.3709,0.0010,0.3176,10,
0.2966,0.0483,10.3987,12,
0.2065,0.0140,2.6510,7,
0.1430,0.0031,1.3256,5,
0.8798,0.0059,0.0612,22,
0.1064,0.0084,18.1039,5,
0.0211,0.0029,91.8819,8,
0.3163,0.0150,6.6054,21,
0.0679,0.0010,1.8634,4,
0.1500,0.0016,0.5665,4,
0.3377,0.0020,0.2437,9,
0.3404,0.0902,8.9835,13,
0.2076,0.0014,0.2921,7,
0.1703,0.0017,0.6292,6,
0.8809,0.0047,0.1029,22,
0.0914,0.0048,18.9419,4,
0.0196,0.0040,117.1061,10,
0.3116,0.0168,5.1975,21,
0.3685,0.0026,0.5707,10,
0.3093,0.0694,9.9969,12,
0.2183,0.0130,2.2267,7,
0.1691,0.0047,1.4782,6,
0.8658,0.0079,0.1628,22,
0.1133,0.0067,12.8622,5,
0.0200,0.0032,101.4970,10,
0.3217,0.0171,5.8881,21,
0.3899,0.0043,0.2969,10,
0.3001,0.0740,10.1233,12,
0.2040,0.0085,1.7126,7,
0.1665,0.0032,1.3401,6,
0.8842,0.0090,0.1203,22,
0.1020,0.0132,18.0760,5,
0.0198,0.0040,94.4465,10,
0.3190,0.0178,4.7373,21,
0.3862,0.0033,0.2264,10,
0.2979,0.0929,9.8769,12,
0.1795,0.0040,1.0733,6,
0.1703,0.0023,0.8001,6,
0.8705,0.0174,0.1983,22,
0.0961,0.0069,13.1930,4,
0.0196,0.0040,109.8966,10,
0.3275,0.0197,4.4073,21,
0.1521,0.0013,0.5193,4,
0.4120,0.0055,0.6718,11,
0.3235,0.0860,9.5618,13,
0.1794,0.0009,0.4094,6,
0.1690,0.0037,1.0266,6,
0.8516,0.0041,0.0835,22,
0.1013,0.0027,2.2593,4,
0.0210,0.0031,102.2177,9,
0.3137,0.0189,4.3829,20,
0.3649,0.0024,0.7818,10,
0.2943,0.0767,10.2238,12,
0.2178,0.0068,1.2813,7,
0.1736,0.0032,0.9461,6,
0.9212,0.0161,0.1738,23,
0.0971,0.0075,11.0377,4,
0.0201,0.0035,109.0252,8,
0.3262,0.0177,4.9484,21,
0.3619,0.0038,0.2277,10,
0.2985,0.0667,10.1989,12,
0.2067,0.0136,2.5960,7,
0.1785,0.0021,1.2120,6,
0.8770,0.0072,0.0726,22,
0.0204,0.0039,111.9008,9,
0.3183,0.0171,4.0631,20,
0.1509,0.0043,2.8507,4,
0.3622,0.0032,0.6998,10,
0.2935,0.0985,10.1785,12,
0.2058,0.0127,2.3719,6,
0.1670,0.0017,5.0804,6,
0.8818,0.0057,0.0719,22,
0.1067,0.0087,7.5890,4,
0.0178,0.0025,118.5708,9,
0.3279,0.0170,5.6017,21,
0.1526,0.0013,0.5350,4,
0.3650,0.0077,1.3625,10,
0.3138,0.0819,9.7309,12,
0.1910,0.0073,1.7581,6,
0.1694,0.0017,2.7405,6,
0.8755,0.0058,0.0724,22,
0.0828,0.0195,28.8078,4,
0.0200,0.0037,119.6168,10,
0.3163,0.0178,4.3976,20,
0.2026,0.0021,7.6273,5,
0.3823,0.0025,0.2243,10,
0.3012,0.0410,10.0005,12,
0.2131,0.0160,3.0042,7,
0.1686,0.0047,1.2704,6,
0.8787,0.0097,0.0850,22,
0.1022,0.0028,4.5456,4,
0.0201,0.0029,106.5871,8,
0.3110,0.0152,3.9244,20,
0.2489,0.0019,3.6285,6,
0.3827,0.0013,0.2366,10,
0.2990,0.0768,10.2092,12,
0.2180,0.0083,1.4911,7,
0.1692,0.0021,2.7571,6,
0.8810,0.0102,0.1000,22,
0.0993,0.0072,9.2606,4,
0.0206,0.0038,105.8610,9,
0.3208,0.0153,4.3407,20,
0.3682,0.0068,0.6659,10,
0.4065,0.0877,8.3140,14,
0.2264,0.0078,1.4254,7,
0.1715,0.0028,0.9094,6,
0.9005,0.0095,0.1035,23,
0.0941,0.0085,11.5126,4,
0.0202,0.0049,92.9547,8,
0.3115,0.0150,4.9077,20,
0.1504,0.0013,0.5586,4,
0.3403,0.0036,0.3267,9,
0.3293,0.0780,9.4284,13,
0.1748,0.0013,0.4061,6,
0.1740,0.0026,1.1941,6,
0.8602,0.0023,0.0486,22,
0.0193,0.0038,97.7924,9,
0.3252,0.0138,4.4699,21,
0.1507,0.0011,0.3839,4,
0.3210,0.0019,0.2111,9,
0.3250,0.0704,9.5912,13,
0.1744,0.0016,0.5385,6,
0.1876,0.0015,2.2736,6,
0.8651,0.0043,0.1414,22,
0.1053,0.0025,9.5791,4,
0.0200,0.0029,104.2427,9,
0.3214,0.0148,4.5437,21,
0.1518,0.0024,0.9225,4,
0.3481,0.0081,0.6264,10,
0.3208,0.1011,9.5231,13,
0.1940,0.0018,0.3523,5,
0.2023,0.0057,1.0572,7,
0.8646,0.0042,2.1564,22,
0.1044,0.0062,7.7883,4,
0.0205,0.0021,92.1755,9,
0.3222,0.0140,5.3228,21,
0.2026,0.0015,1.1251,5,
0.3722,0.0026,7.4436,10,
0.3432,0.0619,9.0882,13,
0.1812,0.0021,0.5997,6,
0.1358,0.0026,1.9154,5,
0.8706,0.0072,1.0198,22,
0.0193,0.0032,97.3893,9,
0.3199,0.0149,4.2673,21,
0.1503,0.0008,0.4435,4,
0.3636,0.0042,0.3994,10,
0.4240,0.0820,8.1107,14,
0.1935,0.0095,2.0121,6,
0.1672,0.0023,1.3122,6,
0.9192,0.0154,0.1487,23,
0.0985,0.0091,15.7974,4,
0.0210,0.0036,112.6747,10,
0.3191,0.0154,6.6101,21,
0.1498,0.0008,0.4456,4,
0.3408,0.0018,0.3166,9,
0.2996,0.0683,10.3126,12,
0.2153,0.0157,2.9288,7,
0.1355,0.0021,6.9042,5,
0.8827,0.0112,0.1478,22,
0.0186,0.0030,112.8039,10,
0.3021,0.0149,5.5113,20,
0.2018,0.0021,0.5221,5,
0.3650,0.0085,0.6261,10,
0.3237,0.0928,9.4271,13,
0.2261,0.0092,1.6083,7,
0.1674,0.0019,4.0360,6,
0.8211,0.0098,0.2236,21,
0.1077,0.0027,1.9493,4,
0.0167,0.0031,128.0149,10,
0.3062,0.0140,6.3324,20,
0.0755,0.0033,4.6267,5,
0.3401,0.0021,0.2772,9,
0.3220,0.0756,9.5466,13,
0.1738,0.0030,0.8865,6,
0.1738,0.0011,0.6691,6,
0.8675,0.0071,0.0883,22,
0.1086,0.0033,2.3568,4,
0.0181,0.0030,112.9677,9,
0.3155,0.0127,4.7741,21,
0.1421,0.0169,6.4920,9,
0.3803,0.0023,0.1746,10,
0.2997,0.0326,10.1477,12,
0.2055,0.0186,3.6699,7,
0.1400,0.0010,0.4671,5,
0.8806,0.0065,0.0659,22,
0.0829,0.0127,23.7067,4,
0.0186,0.0032,117.4428,10,
0.3216,0.0167,7.6774,21,
0.1523,0.0167,5.8277,12,
0.1536,0.0031,2.6571,4,
0.3169,0.0011,0.3946,9,
0.3195,0.1029,9.6053,13,
0.1959,0.0023,0.4804,5,
0.2038,0.0027,0.6020,7,
0.8709,0.0157,0.1974,22,
0.1058,0.0053,4.1665,4,
0.0196,0.0024,107.8353,9,
0.3148,0.0165,6.5078,21,
0.2369,0.0495,6.0499,16,
0.4167,0.0047,0.2744,11,
0.3101,0.0624,9.9826,12,
0.2158,0.0149,2.5238,7,
0.1667,0.0034,1.1087,6,
0.8651,0.0074,0.3164,22,
0.0893,0.0114,14.8249,4,
0.0196,0.0024,93.9901,9,
0.3165,0.0174,6.4855,21,
0.0506,0.0149,35.4092,4,
0.2459,0.0600,6.4120,19,
0.2014,0.0025,0.7616,5,
0.3406,0.0025,0.5249,9,
0.3031,0.0374,10.0722,12,
0.2154,0.0139,2.3319,7,
0.1695,0.0029,1.4246,6,
0.8699,0.0070,0.1185,22,
0.0220,0.0041,105.3599,9,
0.3197,0.0184,6.4920,21,
0.0618,0.0037,46.4525,5,
0.2151,0.0494,7.1992,21,
0.3860,0.0029,0.1901,10,
0.3272,0.1140,9.3140,13,
0.2123,0.0071,1.3462,7,
0.1694,0.0017,2.7405,6,
0.8774,0.0057,0.0911,22,
0.1014,0.0053,5.3167,4,
0.0220,0.0029,98.2118,8,
0.3172,0.0220,6.1725,21,
0.3785,0.0917,4.7424,27,
0.2041,0.0031,0.9277,5,
0.3832,0.0048,0.4040,10,
0.3226,0.0920,9.4658,13,
0.2149,0.0102,1.9206,7,
0.1677,0.0012,0.4206,6,
0.9101,0.0146,0.1713,23,
0.0942,0.0099,18.0884,4,
0.0228,0.0035,71.1800,9,
0.3066,0.0230,6.7771,21,
0.0577,0.0036,47.9305,5,
0.2446,0.0647,6.9991,23,
0.1489,0.0021,0.7952,4,
0.3429,0.0021,0.3916,9,
0.2969,0.0449,10.0454,12,
0.2100,0.0133,2.4895,7,
0.1714,0.0043,1.7968,6,
0.8787,0.0088,0.0876,22,
0.1034,0.0093,15.7862,5,
0.0203,0.0040,101.4068,10,
0.3393,0.0283,5.3354,23,
0.0486,0.0053,17.0338,5,
0.2391,0.0715,7.4187,22,
0.1151,0.0039,2.3598,4,
0.3786,0.0030,0.2377,10,
0.2983,0.0404,10.1082,12,
0.2034,0.0142,2.7546,7,
0.1767,0.0015,2.8730,6,
0.8854,0.0098,0.1048,22,
0.0908,0.0050,8.1841,4,
0.0200,0.0035,114.7535,10,
0.3201,0.0278,4.9933,22,
0.0653,0.0240,30.0434,5,
0.1925,0.0359,7.0818,22,
0.2250,0.0291,4.5167,7,
0.3442,0.0055,0.4259,10,
0.3193,0.0793,9.6569,13,
0.0980,0.0003,0.5832,4,
0.1349,0.0023,2.6581,5,
0.8646,0.0047,0.1111,22,
0.0914,0.0058,26.6684,4,
0.0201,0.0030,98.8178,8,
0.3345,0.0251,4.2818,23,
0.1092,0.0288,17.0745,5,
0.1926,0.0321,6.6864,22,
0.2939,0.0304,2.7086,9,
0.1519,0.0010,0.3455,4,
0.3726,0.0048,0.3165,10,
0.3395,0.0936,9.1191,13,
0.1886,0.0042,1.0380,6,
0.1694,0.0019,1.2547,6,
0.8340,0.0036,0.1642,21,
0.1054,0.0074,16.5104,5,
0.0233,0.0030,60.0413,8,
0.3429,0.0371,4.1629,24,
0.0381,0.0027,18.2692,4,
0.1650,0.0272,7.3787,21,
0.2813,0.0298,3.0316,9,
0.3410,0.0017,2.1228,9,
0.1005,0.0046,10.0719,4,
0.2762,0.0422,10.5222,11,
0.2184,0.0154,2.7829,7,
0.1694,0.0033,1.7952,6,
0.8722,0.0108,0.1326,22,
0.0867,0.0046,24.0542,4,
0.0186,0.0027,107.3405,9,
0.3458,0.0391,3.8620,24,
0.1251,0.0212,13.2249,5,
0.1644,0.0214,6.4196,21,
0.3632,0.1210,5.2357,10,
0.2028,0.0018,0.3595,5,
0.3768,0.0023,0.5174,10,
0.1553,0.0408,15.9213,4,
0.2976,0.0691,9.7758,12,
0.1817,0.0012,0.3231,6,
0.1355,0.0016,3.7852,5,
0.8659,0.0181,0.1899,22,
0.1032,0.0082,17.9516,5,
0.0191,0.0040,115.0605,10,
0.3545,0.0526,4.0698,25,
0.1565,0.0226,6.6461,21,
0.3006,0.0935,5.9539,8,
0.1488,0.0021,0.7920,4,
0.3326,0.0039,0.4762,9,
0.1187,0.0362,19.0094,4,
0.1035,0.0023,11.6396,5,
0.2978,0.0630,9.9591,12,
0.1771,0.0020,0.6164,6,
0.2018,0.0054,1.2963,7,
0.8565,0.0020,0.0508,22,
0.0975,0.0075,22.3687,5,
0.0181,0.0032,113.8074,10,
0.3577,0.0738,4.8444,25,
0.0392,0.0083,36.2972,4,
0.1436,0.0214,7.7462,21,
0.2809,0.0167,1.6520,7,
0.3405,0.0021,0.2536,9,
0.2964,0.0935,10.0484,12,
0.1710,0.0044,1.2606,6,
0.1724,0.0021,16.9387,6,
0.8729,0.0093,0.1111,22,
0.0897,0.0123,28.7716,5,
0.0174,0.0041,127.7567,9,
0.3383,0.0685,5.2273,24,
0.0383,0.0091,40.2623,4,
0.1421,0.0206,7.5191,21,
0.2516,0.0088,1.1365,6,
0.3602,0.0039,0.3707,10,
0.2962,0.0932,10.0746,12,
0.2521,0.0078,1.0311,7,
0.1695,0.0023,1.7722,6,
0.8919,0.0091,0.0937,22,
0.0859,0.0043,7.2722,4,
0.0181,0.0034,124.5453,10,
0.3305,0.0720,5.4797,24,
0.1468,0.0288,14.0674,22,
0.2758,0.0246,2.6315,7,
0.1514,0.0040,1.7867,4,
0.3718,0.0009,0.6298,10,
0.5224,0.0864,4.3162,16,
0.2140,0.0139,2.3688,7,
0.1694,0.0023,1.7740,6,
0.8816,0.0055,0.0825,22,
0.1047,0.0053,11.0127,5,
0.0181,0.0038,129.9778,10,
0.3307,0.0704,5.4789,24,
0.1481,0.0193,6.9305,23,
0.1513,0.0005,0.1827,4,
0.3554,0.0032,7.0459,10,
0.3147,0.0923,9.7106,12,
0.1931,0.0019,0.4520,6,
0.1682,0.0053,1.3807,6,
0.8680,0.0112,0.1125,22,
0.1009,0.0052,14.2681,5,
0.0186,0.0030,112.4893,10,
0.3179,0.0679,5.6105,23,
0.1586,0.0739,18.5872,23,
0.2760,0.0271,2.9139,8,
0.3785,0.0048,0.2801,10,
0.3018,0.0784,10.1659,12,
0.2210,0.0075,1.4045,7,
0.1697,0.0019,1.7106,6,
0.8844,0.0075,0.1191,22,
0.0804,0.0035,31.3390,4,
0.0181,0.0037,119.3089,10,
0.3359,0.0719,5.2389,24,
0.0399,0.0089,37.9328,4,
0.1477,0.0476,20.1354,24,
0.2895,0.0755,5.7379,8,
0.3670,0.0098,0.7883,10,
0.2679,0.0356,10.8112,11,
0.2151,0.0143,2.4352,7,
0.1694,0.0023,1.6563,6,
0.8799,0.0086,0.9661,22,
0.0833,0.0077,28.7045,4,
0.0181,0.0048,127.8342,10,
0.3368,0.0699,5.2324,24,
0.0782,0.0150,19.1027,5,
0.1564,0.0191,6.5537,25,
0.2975,0.0359,3.2339,8,
0.1522,0.0041,1.7244,4,
0.3827,0.0024,3.2571,10,
0.2950,0.0721,9.6592,12,
0.1771,0.0022,0.6187,6,
0.1718,0.0019,2.9268,6,
0.8514,0.0089,0.1388,22,
0.1016,0.0069,19.1539,5,
0.0173,0.0030,121.4729,9,
0.2813,0.0647,6.4189,21,
0.1138,0.0207,12.2961,6,
0.1647,0.0349,9.3553,26,
0.2830,0.0354,3.9140,8,
0.1508,0.0011,0.3835,4,
0.3850,0.0031,0.5041,10,
0.2969,0.0966,10.1046,12,
0.1707,0.0065,1.9298,6,
0.1721,0.0017,16.9387,6,
0.8801,0.0028,0.0588,22,
0.0850,0.0058,28.8102,4,
0.0228,0.0026,75.1572,9,
0.2498,0.0668,6.9776,19,
0.0613,0.0086,17.5421,6,
0.1774,0.0225,5.6585,26,
0.3122,0.0432,3.5985,8,
0.1486,0.0011,0.4078,4,
0.3390,0.0032,0.2326,9,
0.1114,0.0046,7.2105,4,
0.2712,0.0569,10.6500,11,
0.2033,0.0185,3.6805,7,
0.1845,0.0018,1.4859,6,
0.8920,0.0102,0.1043,22,
0.2080,0.0573,8.3801,8,
0.0183,0.0042,106.1142,10,
0.2168,0.0538,7.2454,17,
0.1064,0.0196,13.5558,7,
0.1883,0.0238,5.2345,26,
0.2779,0.0492,4.7590,8,
0.1500,0.0003,4.3556,4,
0.4056,0.0056,2.7663,11,
0.2833,0.0466,10.1907,11,
0.2165,0.0153,2.8383,7,
0.1693,0.0021,13.7466,6,
0.8700,0.0054,0.1249,22,
0.2072,0.0543,8.5634,8,
0.0190,0.0044,102.6361,10,
0.2171,0.0438,6.6381,17,
0.0553,0.0104,23.9325,6,
0.1953,0.0267,5.3449,26,
0.2807,0.0318,3.4928,8,
0.2015,0.0015,0.4256,5,
0.3778,0.0058,0.3615,10,
0.1693,0.0055,10.1351,4,
0.2793,0.0496,10.3697,11,
0.2184,0.0152,2.7705,7,
0.1688,0.0045,1.2144,6,
0.8697,0.0059,0.1539,22,
0.2044,0.0690,9.6248,10,
0.0210,0.0036,82.9185,9,
0.2124,0.0397,6.4485,16,
0.0807,0.0181,19.2378,7,
0.1926,0.0254,5.1671,25,
0.2844,0.0433,4.3034,8,
0.1992,0.0023,0.5194,5,
0.3407,0.0022,0.5566,9,
0.2675,0.0739,10.3360,11,
0.2182,0.0156,2.6712,7,
0.1694,0.0013,0.3790,6,
0.8598,0.0176,0.5807,22,
0.2041,0.0483,7.9087,8,
0.0196,0.0045,99.3036,10,
0.2343,0.0536,6.6119,17,
0.0747,0.0106,38.7220,7,
0.1882,0.0207,4.7596,24,
0.2847,0.0328,3.5216,8,
0.1466,0.0031,1.2030,4,
0.3819,0.0024,0.2020,10,
0.2709,0.0545,10.3848,11,
0.2115,0.0189,3.6899,7,
0.1326,0.0024,21.1460,5,
0.8482,0.0039,0.1059,22,
0.2186,0.0643,8.3174,9,
0.0197,0.0046,104.1946,10,
0.2469,0.0460,6.0920,19,
0.0783,0.0214,26.7492,7,
0.1735,0.0223,5.9259,24,
0.2922,0.0354,3.3364,8,
0.3835,0.0109,0.7475,10,
0.2957,0.0671,10.0386,12,
0.1740,0.0090,2.2737,6,
0.1778,0.0037,2.0372,6,
0.8772,0.0083,0.0926,22,
0.2075,0.0542,8.0041,8,
0.0167,0.0032,126.9246,10,
0.2602,0.0430,5.1609,19,
0.1190,0.0350,18.5798,8,
0.1658,0.0253,6.9441,23,
0.3425,0.0454,3.0673,9,
0.3715,0.0024,0.1676,10,
0.4589,0.0710,6.7322,16,
0.1699,0.0006,0.2297,6,
0.1485,0.0029,1.3063,5,
0.8716,0.0090,0.1636,22,
0.2164,0.0508,7.4584,7,
0.0181,0.0037,103.2129,10,
0.3009,0.0400,4.4170,22,
0.0623,0.0121,20.8091,7,
0.1577,0.0205,7.8167,24,
0.2777,0.0405,4.2259,8,
0.1500,0.0024,0.9106,4,
0.3187,0.0021,9.4181,9,
0.1259,0.0396,18.2053,4,
0.3239,0.0943,9.2052,12,
0.1849,0.0011,0.5055,6,
0.1696,0.0030,0.8128,6,
0.9063,0.0072,0.4406,23,
0.2029,0.0588,8.5610,9,
0.0210,0.0029,98.1454,9,
0.3400,0.0453,3.8421,24,
0.0601,0.0092,19.9176,7,
0.1509,0.0256,8.5350,23,
0.2750,0.0358,3.5990,8,
0.1502,0.0014,0.5846,4,
0.3732,0.0031,5.2970,10,
0.3110,0.0583,9.6838,12,
0.1870,0.0124,2.9705,6,
0.1698,0.0041,1.4166,6,
0.8638,0.0080,0.1577,22,
0.2097,0.0607,8.5032,9,
0.0214,0.0038,106.2605,9,
0.3303,0.0462,3.8207,23,
0.0580,0.0090,20.4574,7,
0.1403,0.0144,8.7848,22,
0.2717,0.0284,2.9828,7,
0.1505,0.0005,0.1778,4,
0.3400,0.0019,0.5224,9,
0.1392,0.0426,13.0613,4,
0.3309,0.0481,9.4951,13,
0.1793,0.0029,0.7297,6,
0.1664,0.0046,1.3227,6,
0.8807,0.0058,0.0825,22,
0.2028,0.0476,8.3073,9,
0.0187,0.0043,114.9873,10,
0.3318,0.0494,4.0912,23,
0.0639,0.0168,26.2478,7,
0.1541,0.0540,20.1776,22,
0.1940,0.0265,5.3042,6,
0.3637,0.0066,0.7939,10,
0.2954,0.0907,10.1273,12,
0.1885,0.0028,0.6845,6,
0.1689,0.0037,1.0279,6,
0.8711,0.0072,0.1085,22,
0.1981,0.0626,9.2835,9,
0.0219,0.0038,79.5296,10,
0.3324,0.0483,3.8835,23,
0.0632,0.0157,25.6048,7,
0.1521,0.0216,7.6356,22,
0.2651,0.0322,3.4432,8,
0.2048,0.0034,1.4322,5,
0.3855,0.0021,3.0734,10,
0.2962,0.0976,10.1100,12,
0.1702,0.0065,2.0205,6,
0.1697,0.0011,0.3267,6,
0.9201,0.0126,0.1253,23,
0.1990,0.0655,9.4716,9,
0.0183,0.0050,115.4950,10,
0.3651,0.0045,0.3281,10,
0.1625,0.0049,4.0461,4,
0.1146,0.0026,2.6048,4,
0.2699,0.0885,10.7670,11,
0.2058,0.0127,2.3719,6,
0.1694,0.0023,1.2763,6,
0.8793,0.0053,0.0777,22,
0.2078,0.0528,7.7818,9,
0.0200,0.0040,95.8329,10,
0.3342,0.0494,4.2716,24,
0.0655,0.0044,9.2795,7,
0.1788,0.0270,6.4218,22,
0.3865,0.0915,4.1136,12,
0.1524,0.0029,0.9748,4,
0.3621,0.0033,1.4956,10,
0.4601,0.0717,6.6546,15,
0.1954,0.0016,0.3686,6,
0.2036,0.0011,0.3640,7,
0.8699,0.0112,0.1183,22,
0.2131,0.0652,8.6274,9,
0.0186,0.0024,110.7524,9,
0.3424,0.0546,4.0054,24,
0.0700,0.0153,21.4819,7,
0.2407,0.0710,7.4026,23,
0.3866,0.0867,3.9293,12,
0.2066,0.0039,6.5862,5,
0.3780,0.0087,0.5058,10,
0.2767,0.0909,10.5068,11,
0.1817,0.0041,1.0904,6,
0.1695,0.0026,1.7968,6,
0.8776,0.0072,0.0777,22,
0.2016,0.0564,8.7669,7,
0.0187,0.0040,108.0018,10,
0.3443,0.0528,3.9815,24,
0.3972,0.0944,4.8633,31,
0.3984,0.0824,3.5864,13,
0.2041,0.0031,2.1033,5,
0.3007,0.0048,1.1946,8,
0.3106,0.0578,7.2462,12,
0.1817,0.0017,0.4719,6,
0.1353,0.0018,5.1577,5,
0.8770,0.0074,0.0823,22,
0.2100,0.0736,9.0322,9,
0.0187,0.0046,112.3527,10,
0.3333,0.0472,4.3184,24,
0.4089,0.1014,4.8024,31,
0.3943,0.0762,3.4491,13,
0.2440,0.0023,0.3896,6,
0.3418,0.0027,0.2213,9,
0.1549,0.0072,2.3582,4,
0.2710,0.0622,11.0186,11,
0.1776,0.0058,1.6615,6,
0.1345,0.0022,1.3894,5,
0.8469,0.0053,0.0697,22,
0.2136,0.0534,8.0492,8,
0.0172,0.0039,117.8475,9,
0.3335,0.0457,4.3575,24,
0.3911,0.0952,4.7360,30,
0.3991,0.0819,3.4868,13,
0.1482,0.0016,0.6059,4,
0.3389,0.0025,0.6348,9,
0.1658,0.0097,2.8536,4,
0.1036,0.0025,3.5307,4,
0.2721,0.0444,10.6703,11,
0.2118,0.0102,1.8075,7,
0.1375,0.0017,2.2709,5,
0.8739,0.0047,0.0519,22,
0.2093,0.0503,7.8604,7,
0.0197,0.0052,120.2979,10,
0.3538,0.0512,3.9160,25,
0.4246,0.1085,4.6105,31,
0.3683,0.0859,4.2606,13,
0.1953,0.0037,0.8231,5,
0.3954,0.0010,0.8143,11,
0.1666,0.0014,0.4192,4,
0.2685,0.0386,10.6081,11,
0.2108,0.0123,2.3134,7,
0.1531,0.0033,1.1637,5,
0.8752,0.0034,0.0606,22,
0.2160,0.0561,7.8079,7,
0.0178,0.0034,121.0212,9,
0.3330,0.0450,3.6963,24,
0.4196,0.0981,4.4931,30,
0.3888,0.0752,3.5678,13,
0.3627,0.0049,0.5290,10,
0.1702,0.0059,4.8634,4,
0.2861,0.0338,8.5388,11,
0.2186,0.0143,2.3448,7,
0.1355,0.0021,6.9042,5,
0.8659,0.0038,0.2188,22,
0.2106,0.0535,7.9585,7,
0.0195,0.0030,104.5619,10,
0.3516,0.0494,3.3898,25,
0.4121,0.0941,4.3762,29,
0.3567,0.0720,3.8858,13,
0.0869,0.0062,6.6709,4,
0.3095,0.0056,0.5216,8,
0.1125,0.0046,9.6285,6,
0.2717,0.0329,9.2519,11,
0.2018,0.0127,2.4991,7,
0.1694,0.0017,11.9926,6,
0.8830,0.0134,0.1298,22,
0.2167,0.0630,8.2433,8,
0.0163,0.0034,135.1487,9,
0.3411,0.0443,3.6243,24,
0.3839,0.0803,4.4154,27,
0.3872,0.0969,4.0992,14,
0.2460,0.0165,2.4354,7,
0.1634,0.0052,1.7381,4,
0.1166,0.0020,1.7291,5,
0.2703,0.0596,10.7816,11,
0.1951,0.0149,3.1676,7,
0.1695,0.0029,1.3105,6,
0.8860,0.0112,0.1242,22,
0.0991,0.0065,12.2519,5,
0.0198,0.0039,97.4695,10,
0.3390,0.0462,3.6034,24,
0.3951,0.0708,4.2197,27,
0.3845,0.0791,3.8515,15,
0.1477,0.0083,2.8823,4,
0.1128,0.0033,5.3585,5,
0.1815,0.0012,1.4273,4,
0.2679,0.0348,10.1017,11,
0.1993,0.0140,2.8258,7,
0.1696,0.0035,1.4514,6,
0.8710,0.0077,0.5766,22,
0.2079,0.0484,7.7588,7,
0.0183,0.0033,99.4232,10,
0.0571,0.0137,31.1874,4,
0.3091,0.0278,4.3890,20,
0.3573,0.0549,4.6071,25,
0.4097,0.1081,4.1227,16,
0.1251,0.0003,4.9261,4,
0.1648,0.0092,5.5554,4,
0.2711,0.0499,10.7953,11,
0.2042,0.0078,1.6237,7,
0.1663,0.0026,1.8862,6,
0.9236,0.0198,0.1908,23,
0.0824,0.0060,27.0067,4,
0.0192,0.0049,106.4601,10,
0.3460,0.0520,3.7530,23,
0.3444,0.0429,4.7010,24,
0.3832,0.1140,4.7785,16,
0.2707,0.0497,11.0303,11,
0.2061,0.0126,2.3760,7,
0.1787,0.0020,2.0664,6,
0.8778,0.0110,0.1485,22,
0.1049,0.0069,11.8479,5,
0.0183,0.0032,117.0632,9,
0.3529,0.0603,4.0485,24,
0.3353,0.0398,4.8445,23,
0.3849,0.1199,4.7395,17,
0.1053,0.0042,10.6128,4,
0.2738,0.0776,10.2363,11,
0.1830,0.0029,0.6742,5,
0.1696,0.0013,0.7273,6,
0.8557,0.0091,0.1474,22,
0.0801,0.0038,12.1729,4,
0.0178,0.0026,108.8100,9,
0.3593,0.0628,4.0650,24,
0.3357,0.0400,5.0448,22,
0.3361,0.0723,4.2707,14,
0.5063,0.1225,5.1309,17,
0.1931,0.0033,0.7227,6,
0.1673,0.0013,0.3785,6,
0.8700,0.0059,0.1645,22,
0.1008,0.0034,5.9812,5,
0.0198,0.0040,96.0439,10,
0.3782,0.0752,3.9325,24,
0.3204,0.0390,4.6292,21,
0.1505,0.0016,0.5730,4,
0.2347,0.0462,5.8534,10,
0.1351,0.0471,14.3159,6,
0.2765,0.0758,10.4188,11,
0.1748,0.0026,0.7461,6,
0.1676,0.0025,2.1856,6,
0.9193,0.0091,0.1042,23,
0.1085,0.0051,15.4166,5,
0.0183,0.0035,107.9846,10,
0.3587,0.0638,4.1974,24,
0.3304,0.0356,4.6208,21,
0.1517,0.0006,0.4250,4,
0.1441,0.0119,4.7385,6,
0.1753,0.0008,4.3470,4,
0.2699,0.0286,10.7836,11,
0.2101,0.0132,2.4349,7,
0.1354,0.0021,1.3539,5,
0.8814,0.0128,0.1485,22,
0.0928,0.0113,27.7383,5,
0.0200,0.0038,111.2306,10,
0.3479,0.0599,4.2617,24,
0.3371,0.0361,4.8122,21,
0.2849,0.0046,0.6133,8,
0.2712,0.0406,10.7600,11,
0.2097,0.0147,2.7380,7,
0.1732,0.0016,15.6844,6,
0.8773,0.0078,0.0766,22,
0.2157,0.0591,8.2194,7,
0.0181,0.0045,122.4071,10,
0.3559,0.0539,3.9334,25,
0.3119,0.0364,5.0234,20,
0.2476,0.0008,0.7031,7,
0.1540,0.0060,1.9494,5,
0.1205,0.0022,1.6683,4,
0.2722,0.0743,10.5588,11,
0.2100,0.0128,2.3877,7,
0.1841,0.0014,0.5502,6,
0.9208,0.0089,0.1018,23,
0.2210,0.0638,7.9744,8,
0.0222,0.0042,85.7521,10,
0.3482,0.0530,3.8984,25,
0.3287,0.0347,4.5921,21,
0.2846,0.0046,0.6263,8,
0.1200,0.0127,6.8181,6,
0.2719,0.0684,10.2927,11,
0.2530,0.0038,0.5375,7,
0.1685,0.0022,2.0180,6,
0.8752,0.0044,0.1432,22,
0.2338,0.0665,7.7575,8,
0.0201,0.0028,81.5729,9,
0.3422,0.0558,4.1139,25,
0.3317,0.0408,4.9171,21,
0.3677,0.0025,0.3862,10,
0.2496,0.0515,5.9435,9,
0.2042,0.0927,12.9897,8,
0.2291,0.0082,1.4105,7,
0.1689,0.0037,1.0279,6,
0.8777,0.0073,0.0761,22,
0.2140,0.0597,8.2184,8,
0.0207,0.0040,87.6162,10,
0.3354,0.0460,4.1794,25,
0.3275,0.0371,4.4461,21,
0.2537,0.0047,1.5390,6,
0.3675,0.0047,0.2891,10,
0.3554,0.0544,5.5216,13,
0.1908,0.0023,0.5019,6,
0.1694,0.0023,6.4776,6,
0.8710,0.0109,0.1208,22,
0.2078,0.0668,9.1466,7,
0.0172,0.0034,131.0924,10,
0.3340,0.0544,4.1302,24,
0.3314,0.0433,4.7360,21,
0.3840,0.0018,0.2464,10,
0.1068,0.0034,8.4601,4,
0.3790,0.0470,5.6983,14,
0.1361,0.0014,0.5994,5,
0.1694,0.0033,1.7937,6,
0.8749,0.0083,0.3890,22,
0.0841,0.0089,27.9081,4,
0.0201,0.0039,93.4550,9,
0.3286,0.0542,4.3749,24,
0.3539,0.0437,4.0974,22,
0.2031,0.0013,1.1526,5,
0.3212,0.0038,0.5123,9,
0.1047,0.0029,4.9745,4,
0.2362,0.0509,10.5904,13,
0.1688,0.0030,1.3370,6,
0.9205,0.0083,0.1206,23,
0.0872,0.0056,15.5533,4,
0.0210,0.0029,65.3833,8,
0.3538,0.0598,4.1457,25,
0.3580,0.0487,4.3123,22,
0.1492,0.0014,0.5045,4,
0.3622,0.0053,0.3309,9,
0.1623,0.0060,7.2650,4,
0.1037,0.0033,6.5628,4,
0.3194,0.0471,9.3288,15,
0.1032,0.0004,0.3780,4,
0.8804,0.0041,0.0590,22,
0.0893,0.0040,12.2078,4,
0.0200,0.0035,107.9097,10,
0.3400,0.0547,4.2056,24,
0.3503,0.0529,4.3117,22,
0.1520,0.0021,0.7622,4,
0.3718,0.0020,0.2512,10,
0.1612,0.0128,6.1030,4,
0.0737,0.0101,26.9745,4,
0.1641,0.0464,11.2518,7,
0.2159,0.0397,5.9870,11,
0.0883,0.0125,11.6540,6,
0.8576,0.0057,0.2841,22,
0.0201,0.0035,118.4449,10,
0.3430,0.0576,4.3069,24,
0.3632,0.0557,4.2005,23,
0.3614,0.0047,0.2773,10,
0.1671,0.0011,1.0653,4,
0.1132,0.0004,0.9033,4,
0.2960,0.0631,10.0761,11,
0.3419,0.0538,5.6967,13,
0.8672,0.0055,0.2991,22,
0.0986,0.0079,10.1550,4,
0.0182,0.0030,117.3081,9,
0.3615,0.0624,3.8915,25,
0.3691,0.0592,4.0902,24,
0.2008,0.0034,2.2675,5,
0.3816,0.0016,0.4350,10,
0.1727,0.0015,1.1435,4,
0.2769,0.0390,10.5235,11,
0.1845,0.0105,2.5845,6,
0.1262,0.0122,18.0101,5,
0.8807,0.0060,0.0788,22,
0.1050,0.0061,8.6012,4,
0.0173,0.0034,131.9603,9,
0.3417,0.0531,4.1319,24,
0.3644,0.0637,4.2046,24,
0.3679,0.0117,0.6931,10,
0.0986,0.0035,13.2540,4,
0.1766,0.0050,1.3620,4,
0.2689,0.0821,10.9302,11,
0.2154,0.0084,1.6133,7,
0.1446,0.0596,13.6725,7,
0.8727,0.0059,0.2493,22,
0.0196,0.0043,111.7490,10,
0.3604,0.0591,3.8523,25,
0.3909,0.0716,4.2288,26,
0.4214,0.0076,0.4610,11,
0.1518,0.0417,16.1189,4,
0.1006,0.0042,19.9415,4,
0.2980,0.0572,10.3331,12,
0.1794,0.0017,0.4767,6,
0.7637,0.0101,0.1261,19,
0.0960,0.0128,19.7238,4,
0.0181,0.0045,117.2664,10,
0.3483,0.0582,4.0389,24,
0.3807,0.0757,4.4319,27,
0.3788,0.0031,0.2526,10,
0.1385,0.0402,17.6624,4,
0.2995,0.0809,9.8089,12,
0.1730,0.0021,0.5801,6,
0.2120,0.0034,1.0502,7,
0.1484,0.0081,3.2497,7,
0.5880,0.0024,0.0865,15,
0.1050,0.0086,9.8355,4,
0.0210,0.0030,102.6546,9,
0.3594,0.0606,3.9625,24,
0.3932,0.0823,4.5648,29,
0.1506,0.0013,0.4767,4,
0.3693,0.0024,1.2850,10,
0.1268,0.0625,16.5689,4,
0.2718,0.1023,10.5331,11,
0.1716,0.0012,0.3158,5,
0.2035,0.0019,2.7868,7,
0.2573,0.0265,5.8177,11,
0.4403,0.0053,0.2235,11,
0.0992,0.0087,9.6991,4,
0.0191,0.0029,114.4612,9,
0.3431,0.0500,4.0906,24,
0.3815,0.0860,4.7843,30,
0.1516,0.0003,1.2406,4,
0.3680,0.0025,0.3689,10,
0.1515,0.0090,9.2526,4,
0.1096,0.0032,4.7739,4,
0.2915,0.0868,9.9178,11,
0.2224,0.0067,1.2266,7,
0.1694,0.0017,2.7405,6,
0.3246,0.0361,3.4474,15,
0.2762,0.0008,0.1189,7,
0.0196,0.0020,96.1405,9,
0.3290,0.0375,4.1642,23,
0.4034,0.0992,4.9688,32,
0.1511,0.0011,0.8980,4,
0.3291,0.0042,0.3293,9,
0.4716,0.1407,5.4162,16,
0.2321,0.0162,2.6130,7,
0.1677,0.0033,1.5232,6,
0.1106,0.0008,0.6189,4,
0.2942,0.1080,7.4646,15,
0.0177,0.0050,135.8364,10,
0.3316,0.0329,4.1051,23,
0.3901,0.0989,4.9867,32,
0.3861,0.0070,0.5312,10,
0.1057,0.0027,3.8301,5,
0.2760,0.0548,9.9288,11,
0.1771,0.0020,0.5248,6,
0.1697,0.0027,0.9996,6,
0.2769,0.0056,0.6655,8,
0.4099,0.0549,2.8677,14,
0.0995,0.0112,12.8494,4,
0.0181,0.0035,127.8863,10,
0.3229,0.0432,4.6387,22,
0.3953,0.1112,5.1078,32,
0.4116,0.0050,0.5154,10,
0.5144,0.0819,3.9223,16,
0.1028,0.0013,3.7795,4,
0.1963,0.0119,2.4804,7,
0.1332,0.0026,2.7715,5,
0.4349,0.0049,0.1867,12,
0.2892,0.0327,3.8318,10,
0.1040,0.0043,8.9867,4,
0.0182,0.0031,118.1145,10,
0.3090,0.0387,5.2766,21,
0.4055,0.0962,4.9951,31,
0.3673,0.0031,0.2942,10,
0.1549,0.0043,3.1280,4,
0.2674,0.0822,10.9064,11,
0.2183,0.0041,0.7702,7,
0.1687,0.0016,15.8971,6,
0.6178,0.0010,0.0479,16,
0.1961,0.0111,13.6906,6,
0.0935,0.0017,1.5165,5,
0.0951,0.0127,16.7009,4,
0.0210,0.0033,86.7727,10,
0.2974,0.0276,4.3466,18,
0.3920,0.0940,5.0083,30,
0.1498,0.0016,0.9654,4,
0.3414,0.0052,0.4263,9,
0.5194,0.0866,3.9801,16,
0.2065,0.0137,2.6127,7,
0.1420,0.0023,2.0431,5,
0.7425,0.0045,0.1562,19,
0.1603,0.0171,7.9812,9,
0.0181,0.0037,119.7936,10,
0.0327,0.0028,20.3156,6,
0.2802,0.0229,10.7220,14,
0.3915,0.0821,4.7664,30,
0.3307,0.0018,6.0181,9,
0.1234,0.0141,13.0578,6,
0.1415,0.0682,16.7448,5,
0.2711,0.0415,9.3781,11,
0.1665,0.0021,0.5973,5,
0.1685,0.0016,9.5454,6,
0.8682,0.0039,0.2933,22,
0.2112,0.0408,6.5439,11,
0.0182,0.0030,117.5247,9,
0.0220,0.0018,35.5662,7,
0.2335,0.0211,4.8085,11,
0.0587,0.0029,7.6615,6,
0.2030,0.0389,6.5003,22,
0.1533,0.0018,0.6804,4,
0.3833,0.0024,6.4439,10,
0.1475,0.0122,10.5083,4,
0.2757,0.0856,10.4721,11,
0.2075,0.0128,2.3835,7,
0.1665,0.0030,1.3250,6,
0.9222,0.0105,0.1184,23,
0.3042,0.0494,3.9993,11,
0.0191,0.0030,109.6459,9,
0.0304,0.0046,38.7980,9,
0.1732,0.0160,6.2504,8,
0.3480,0.0620,4.7304,27,
0.2030,0.0047,1.0433,5,
0.3803,0.0068,0.3782,10,
0.1360,0.0672,16.3070,5,
0.2799,0.0884,10.4648,11,
0.2180,0.0027,0.4410,7,
0.1671,0.0013,17.5126,6,
0.8699,0.0067,0.1063,22,
0.2108,0.0143,2.4675,6,
0.1029,0.0097,16.6092,4,
0.0200,0.0033,113.7632,9,
0.0220,0.0054,80.9664,10,
0.1064,0.0087,6.0839,5,
0.3455,0.0559,4.6277,26,
0.3832,0.0026,0.2141,10,
0.5189,0.0899,3.8304,16,
0.2044,0.0124,2.3640,7,
0.1694,0.0013,0.3788,6,
0.8811,0.0063,0.0809,22,
0.1044,0.0018,1.3408,4,
0.0573,0.0082,35.5841,22,
0.0266,0.0100,113.8793,12,
0.0599,0.0128,24.3586,6,
0.2156,0.0437,6.3690,19,
0.1473,0.0031,1.2411,4,
0.3837,0.0030,0.8065,10,
0.1661,0.0048,1.5738,4,
0.1313,0.0048,3.8006,5,
0.2673,0.0968,10.6547,11,
0.2070,0.0081,1.6967,7,
0.1672,0.0023,1.8653,6,
0.9207,0.0136,0.1282,23,
0.0926,0.0108,14.3930,4,
0.1372,0.0420,17.1718,42,
0.0801,0.0209,22.4162,6,
0.1722,0.0265,6.4358,17,
0.3671,0.0035,0.2714,10,
0.0924,0.0118,21.0282,4,
0.1097,0.0031,4.9509,4,
0.2460,0.0439,11.5835,10,
0.2118,0.0160,3.0287,7,
0.1360,0.0025,5.0300,5,
0.8563,0.0052,0.1731,22,
0.1171,0.0509,21.7251,41,
0.3502,0.0373,4.3552,23,
0.1518,0.0039,1.3997,4,
0.3741,0.0046,0.5017,10,
0.1360,0.0648,15.6980,5,
0.2695,0.0788,10.3383,11,
0.1702,0.0030,0.9216,6,
0.2176,0.0029,8.5735,7,
0.8617,0.0054,0.3322,22,
0.0996,0.0067,14.1258,4,
0.1146,0.0419,23.7617,41,
0.3205,0.0370,4.3489,21,
0.3615,0.0021,7.8604,10,
0.1862,0.0109,2.7188,5,
0.2506,0.0831,11.1997,10,
0.2284,0.0144,2.2288,7,
0.1697,0.0019,1.7106,6,
0.8841,0.0038,0.6514,22,
0.1287,0.0094,8.3735,4,
0.2116,0.0497,8.7352,44,
0.0439,0.0017,7.9397,5,
0.2083,0.0303,5.7024,16,
0.1509,0.0010,0.3613,4,
0.3767,0.0022,0.3488,10,
0.1933,0.0106,5.1125,5,
0.2598,0.0637,11.1552,10,
0.2241,0.0131,2.1848,7,
0.1691,0.0015,7.1090,6,
0.8669,0.0050,0.1547,22,
0.1018,0.0008,1.2820,4,
0.1683,0.0328,8.1977,7,
0.2065,0.0423,7.4733,47,
0.0444,0.0057,23.0106,5,
0.1993,0.0286,5.7607,15,
0.3758,0.0063,0.5407,10,
0.0985,0.0076,17.2633,4,
0.2521,0.0367,8.2242,10,
0.2185,0.0150,2.6294,7,
0.1695,0.0029,1.3115,6,
0.8793,0.0103,0.1028,22,
0.1023,0.0022,2.5748,4,
0.1806,0.0180,4.2970,6,
0.3200,0.0425,4.2007,47,
0.3256,0.0325,4.2708,20,
0.3401,0.0016,0.5417,9,
0.1935,0.0033,13.6378,5,
0.2449,0.0402,10.8379,10,
0.2153,0.0129,2.2003,7,
0.1353,0.0031,1.5179,5,
0.8758,0.0074,0.2852,22,
0.0960,0.0036,6.5014,4,
0.1209,0.0254,11.7118,41,
0.0675,0.0038,6.3664,4,
0.0443,0.0028,10.7755,5,
0.1877,0.0282,6.2044,14,
0.1502,0.0012,3.5396,4,
0.3746,0.0056,0.5056,10,
0.0998,0.0027,5.7364,5,
0.1724,0.0660,13.6382,5,
0.2718,0.0637,10.0580,11,
0.1794,0.0017,0.4767,6,
0.1685,0.0033,0.9387,6,
0.8550,0.0021,0.0667,22,
0.0926,0.0084,18.9638,4,
0.3150,0.0467,5.2134,47,
0.0687,0.0026,4.6089,4,
0.3147,0.0348,4.5390,19,
0.3811,0.0016,0.3301,10,
0.1883,0.0140,12.7533,5,
0.2495,0.0688,11.0482,10,
0.2001,0.0079,1.7688,7,
0.1700,0.0013,0.3465,6,
0.8799,0.0055,0.0571,22,
0.1195,0.0561,20.0006,43,
0.3269,0.0378,4.6362,20,
0.2009,0.0021,0.5594,5,
0.3403,0.0012,0.1212,9,
0.1164,0.0045,16.0760,5,
0.1849,0.0182,3.8824,5,
0.2463,0.0407,11.4067,10,
0.2035,0.0142,2.7351,7,
0.1845,0.0025,1.0965,6,
0.8620,0.0073,0.4436,22,
0.0976,0.0048,15.1732,4,
0.1134,0.0487,19.2716,43,
0.3202,0.0425,4.5815,20,
0.4028,0.0014,0.1507,11,
0.1884,0.0135,2.8662,5,
0.1039,0.0037,11.9529,4,
0.2431,0.0438,10.6775,10,
0.2040,0.0159,3.2487,6,
0.1693,0.0017,2.7449,6,
0.8796,0.0052,0.0954,22,
0.1054,0.0010,3.3776,4,
0.3230,0.0525,5.3004,46,
0.3330,0.0450,4.4302,21,
0.1516,0.0010,0.3588,4,
0.3817,0.0061,0.3698,10,
0.1823,0.0183,4.2142,5,
0.2641,0.0759,10.4835,10,
0.2167,0.0076,1.4461,7,
0.1698,0.0015,0.4974,6,
0.8771,0.0194,0.2367,22,
0.0783,0.0137,23.4014,4,
0.3140,0.0414,4.2969,48,
0.3300,0.0516,4.5971,21,
0.1517,0.0007,0.4413,4,
0.3389,0.0022,0.6627,9,
0.1556,0.0810,13.6266,6,
0.2573,0.0653,10.6817,10,
0.1771,0.0030,0.8481,6,
0.1673,0.0033,1.8588,6,
0.8836,0.0056,0.1080,22,
0.1349,0.0303,12.2551,41,
0.1256,0.0128,6.1856,5,
0.3341,0.0509,4.5154,21,
0.2073,0.0018,2.3211,5,
0.3776,0.0058,0.3318,10,
0.0915,0.0032,3.7985,4,
0.2531,0.0731,11.0630,10,
0.2262,0.0035,0.6305,7,
0.1694,0.0017,2.7361,6,
0.8222,0.0121,0.8980,21,
0.0971,0.0038,21.4700,4,
0.1204,0.0599,18.8562,38,
0.1430,0.0129,8.1215,6,
0.3466,0.0518,4.3891,22,
0.1475,0.0019,0.7159,4,
0.3361,0.0027,0.2908,9,
0.1507,0.0809,14.4557,6,
0.2489,0.0603,12.0127,10,
0.1818,0.0005,12.3559,6,
0.1682,0.0027,2.2172,6,
0.8771,0.0129,0.1289,22,
0.0926,0.0088,21.3574,4,
0.1202,0.0543,21.3589,34,
0.1906,0.0176,6.0820,8,
0.3515,0.0541,4.4269,22,
0.1515,0.0018,0.7102,4,
0.3815,0.0025,0.5233,10,
0.1825,0.0088,2.4962,5,
0.2495,0.0873,10.8763,10,
0.2078,0.0072,1.4267,7,
0.1717,0.0021,14.4791,6,
0.8838,0.0079,0.0873,22,
0.0917,0.0056,10.0351,4,
0.1236,0.0589,21.0611,36,
0.1684,0.0140,6.3178,7,
0.3477,0.0534,4.7483,22,
0.3384,0.0013,0.2061,9,
0.1202,0.0147,7.9186,5,
0.1279,0.0019,1.3759,4,
0.2231,0.0370,10.4188,9,
0.2005,0.0144,2.8056,7,
0.1753,0.0023,3.3159,6,
0.8808,0.0084,0.0919,22,
0.0819,0.0118,28.6546,4,
0.1226,0.0580,19.6628,33,
0.1562,0.0126,4.6520,6,
0.3421,0.0524,4.5569,22,
0.1537,0.0023,0.8351,4,
0.3486,0.0028,0.3200,10,
0.1119,0.0113,6.9871,5,
0.2801,0.0709,9.6239,10,
0.1913,0.0012,0.2667,6,
0.1681,0.0047,1.5791,6,
0.8660,0.0053,0.6266,22,
0.0886,0.0093,17.7981,4,
0.1469,0.0614,15.7683,27,
0.0341,0.0028,20.1017,4,
0.3676,0.0563,4.6427,23,
0.3659,0.0026,2.1888,10,
0.4470,0.0373,5.5852,15,
0.2181,0.0127,2.1171,7,
0.1332,0.0028,1.3104,5,
0.8766,0.0095,0.1058,22,
0.0850,0.0064,28.7144,4,
0.0210,0.0040,104.0222,10,
0.0492,0.0068,45.4120,14,
0.0725,0.0007,14.9571,5,
0.3714,0.0605,4.5053,23,
0.2031,0.0037,1.6656,5,
0.3816,0.0029,0.7741,10,
0.1871,0.0105,2.4144,5,
0.2537,0.0349,8.2560,10,
0.2180,0.0104,1.9500,7,
0.1357,0.0009,0.3785,5,
0.8681,0.0052,0.0923,22,
0.0841,0.0105,28.1266,4,
0.2049,0.0171,5.7334,24,
0.0989,0.0062,25.3083,5,
0.3464,0.0569,4.7228,22,
0.3367,0.0020,0.2519,9,
0.1752,0.0068,2.0183,5,
0.2499,0.0705,11.2575,10,
0.2238,0.0041,0.7697,7,
0.1697,0.0019,0.5584,6,
0.8760,0.0088,0.0888,22,
0.0888,0.0063,25.8478,4,
0.0216,0.0048,111.8799,9,
0.0713,0.0082,32.2655,13,
0.3747,0.0586,4.3383,23,
0.1521,0.0032,1.1307,4,
0.3626,0.0035,1.9529,10,
0.0949,0.0005,5.2155,4,
0.1037,0.0034,9.6529,4,
0.2480,0.0783,11.1990,10,
0.2180,0.0058,0.9892,7,
0.1676,0.0036,1.3815,6,
0.8732,0.0063,0.0753,22,
0.0866,0.0071,27.5452,4,
0.0181,0.0038,127.5483,8,
0.3264,0.0305,3.2305,18,
0.3742,0.0570,4.4037,23,
0.1512,0.0013,0.4751,4,
0.3424,0.0044,0.2889,9,
0.4330,0.0569,5.9628,15,
0.2095,0.0138,2.5644,7,
0.1723,0.0045,1.5726,6,
0.8599,0.0075,0.3332,22,
0.1032,0.0094,18.0251,5,
0.1156,0.0148,14.6686,10,
0.3190,0.0313,3.6962,18,
0.3583,0.0586,4.3366,22,
0.1495,0.0019,0.7429,4,
0.3187,0.0037,0.4088,9,
0.1048,0.0022,3.1384,4,
0.2174,0.0833,11.5654,9,
0.2504,0.0153,2.0579,8,
0.1850,0.0019,4.5816,6,
0.8889,0.0118,0.1249,22,
0.0768,0.0118,27.6896,4,
0.0200,0.0033,113.5635,9,
0.3294,0.0350,4.1028,20,
0.3537,0.0585,4.4102,22,
0.2003,0.0020,0.4499,5,
0.3790,0.0030,0.2543,10,
0.0811,0.0178,18.6620,4,
0.2879,0.0683,9.7618,11,
0.1794,0.0020,0.6229,6,
0.2034,0.0012,2.6168,7,
0.8653,0.0081,3.7247,22,
0.0974,0.0098,13.0294,5,
0.0200,0.0040,111.2632,10,
0.3219,0.0444,4.6963,21,
0.3462,0.0575,4.4394,21,
0.1526,0.0021,0.7088,4,
0.3790,0.0044,0.7158,10,
0.1847,0.0193,4.4734,5,
0.2575,0.0671,10.7516,10,
0.2151,0.0040,0.7382,7,
0.1676,0.0005,0.1993,6,
0.9139,0.0149,0.1369,23,
0.0984,0.0119,25.8776,5,
0.0187,0.0043,117.0355,8,
0.3237,0.0411,4.7274,22,
0.3718,0.0564,4.1876,22,
0.3818,0.0028,0.3666,10,
0.1827,0.0156,3.4257,5,
0.2469,0.0470,11.2446,10,
0.2156,0.0135,2.5162,7,
0.1354,0.0021,1.3539,5,
0.8743,0.0082,0.1282,22,
0.0787,0.0115,29.6573,4,
0.0204,0.0032,92.1726,9,
0.3352,0.0346,4.3572,23,
0.3702,0.0567,4.1271,22,
0.3775,0.0034,0.6786,10,
0.1871,0.0194,4.1383,5,
0.2432,0.0530,10.4793,10,
0.2154,0.0149,2.5435,7,
0.1676,0.0030,1.4697,6,
0.8485,0.0040,0.1304,22,
0.0961,0.0086,23.6965,5,
0.0200,0.0033,108.6576,9,
0.3380,0.0294,3.7431,23,
0.3501,0.0534,4.1431,21,
0.3614,0.0024,0.3668,10,
0.1785,0.0103,2.5144,5,
0.1098,0.0034,6.3702,4,
0.2499,0.0690,11.2093,10,
0.2243,0.0060,1.0085,7,
0.1741,0.0026,1.0497,6,
0.8651,0.0084,0.1643,22,
0.0840,0.0046,5.8697,4,
0.0205,0.0042,105.0160,10,
0.3534,0.0344,3.6135,24,
0.3587,0.0531,4.2808,22,
0.3654,0.0048,0.4568,10,
0.1069,0.0090,20.2880,5,
0.1903,0.0101,2.2461,5,
0.2490,0.0404,11.1594,10,
0.2066,0.0136,2.5794,7,
0.1816,0.0019,4.1349,6,
0.8740,0.0030,0.2840,22,
0.0833,0.0045,27.0736,4,
0.0193,0.0039,103.4119,9,
0.3594,0.0392,3.8641,24,
0.3432,0.0525,4.1948,21,
0.1512,0.0021,0.7893,4,
0.3715,0.0022,0.1255,10,
0.1088,0.0030,5.0317,5,
0.2685,0.0723,10.7543,11,
0.1729,0.0017,0.4501,5,
0.1356,0.0021,1.8801,5,
0.8633,0.0045,0.0939,22,
0.1064,0.0023,8.6210,5,
0.0206,0.0040,96.9700,10,
0.3547,0.0464,3.8351,24,
0.3543,0.0569,4.3021,22,
0.1537,0.0026,0.8714,4,
0.3891,0.0025,3.4026,10,
0.1017,0.0010,0.9242,4,
0.2551,0.0402,11.0116,10,
0.2078,0.0088,1.8094,7,
0.1356,0.0026,3.2312,5,
0.8623,0.0079,0.1842,22,
0.1025,0.0042,17.5990,5,
0.0200,0.0029,101.3095,9,
0.3480,0.0437,3.9240,24,
0.3630,0.0559,4.2320,22,
0.1509,0.0011,1.0850,4,
0.3837,0.0029,1.0130,10,
0.0955,0.0018,1.6911,4,
0.1055,0.0043,13.1733,5,
0.2576,0.0681,10.7708,10,
0.2150,0.0072,1.3479,7,
0.1675,0.0015,0.5040,6,
0.8743,0.0092,0.0958,22,
0.0734,0.0031,4.9357,4,
0.0191,0.0032,109.6926,9,
0.3411,0.0429,3.7275,23,
0.3619,0.0517,4.2683,22,
0.2049,0.0022,3.0840,5,
0.3680,0.0042,2.4378,10,
0.1920,0.0679,12.8245,6,
0.2550,0.0726,11.2600,10,
0.1886,0.0028,0.6841,6,
0.1696,0.0013,0.3786,6,
0.8803,0.0092,0.1091,22,
0.1097,0.0029,15.1033,5,
0.0238,0.0042,73.8682,9,
0.3534,0.0422,3.6030,24,
0.3434,0.0529,4.2473,21,
0.1512,0.0007,4.2457,4,
0.3510,0.0078,1.5791,10,
0.4350,0.0847,6.8710,15,
0.1909,0.0013,0.4690,6,
0.1693,0.0021,2.7534,6,
0.8478,0.0032,0.0678,22,
0.1021,0.0014,3.7148,5,
0.0186,0.0044,114.3572,10,
0.3477,0.0453,3.8066,24,
0.3671,0.0515,4.1786,22,
0.1523,0.0021,0.9073,4,
0.3777,0.0024,0.3068,10,
0.1018,0.0013,4.6757,4,
0.4836,0.1213,5.3142,17,
0.1771,0.0006,0.1905,6,
0.1689,0.0021,2.7356,6,
0.8496,0.0067,0.0692,22,
0.0766,0.0022,4.5521,4,
0.0200,0.0039,117.7853,8,
0.3535,0.0452,3.7073,24,
0.3675,0.0554,4.2245,22,
0.3276,0.0028,0.2614,9,
0.1930,0.0084,1.8324,5,
0.2477,0.0582,11.4013,10,
0.2103,0.0125,2.2745,7,
0.1744,0.0013,6.0343,6,
0.8840,0.0060,0.0642,22,
0.0943,0.0027,4.5682,5,
0.0219,0.0034,100.4048,9,
0.3580,0.0425,3.4555,24,
0.3535,0.0545,4.3805,21,
0.2039,0.0023,2.6746,5,
0.3316,0.0027,0.3491,9,
0.1021,0.0008,0.6863,4,
0.2458,0.0610,10.3706,10,
0.2070,0.0153,2.9464,7,
0.1868,0.0024,1.1259,6,
0.8606,0.0036,0.4526,22,
0.1034,0.0015,6.1477,5,
0.0196,0.0043,111.2226,10,
0.3645,0.0445,3.7041,25,
0.3493,0.0524,4.2370,21,
0.1494,0.0043,1.9598,4,
0.4119,0.0053,0.3863,11,
0.0851,0.0080,8.7976,4,
0.2455,0.0388,10.1113,10,
0.2090,0.0158,2.9687,6,
0.1350,0.0024,20.9191,5,
0.8673,0.0115,0.2377,22,
0.1015,0.0026,3.6391,5,
0.0178,0.0036,129.1140,10,
0.3573,0.0469,3.7287,24,
0.3544,0.0573,4.4417,21,
0.1494,0.0005,0.1981,4,
0.3437,0.0045,0.3347,9,
0.1952,0.0180,3.5259,5,
0.2585,0.0381,8.7505,10,
0.2209,0.0134,2.1332,7,
0.1693,0.0017,2.7449,6,
0.8688,0.0048,0.2201,22,
0.1115,0.0026,5.9194,5,
0.0202,0.0044,88.9269,8,
0.1422,0.0118,4.6537,4,
0.3536,0.0484,3.6907,24,
0.3566,0.0556,4.3337,21,
0.3845,0.0031,0.2561,10,
0.4442,0.0758,6.9007,15,
0.1817,0.0027,0.7135,6,
0.1675,0.0023,2.5420,6,
0.8684,0.0073,0.1006,22,
0.0777,0.0047,25.9333,4,
0.0192,0.0027,86.9438,9,
0.2554,0.0252,4.1960,7,
0.3610,0.0465,3.5194,24,
0.3505,0.0584,4.2698,21,
0.1516,0.0018,0.6205,4,
0.3425,0.0021,0.2756,9,
0.1505,0.0187,6.5144,4,
0.2471,0.0952,10.9133,10,
0.2148,0.0109,1.9730,7,
0.2027,0.0037,0.7988,7,
0.8683,0.0130,0.1465,22,
0.0773,0.0028,4.9379,4,
0.0210,0.0029,100.9882,9,
0.1906,0.0696,10.0068,7,
0.3505,0.0451,3.8199,24,
0.3516,0.0582,4.2122,21,
0.1998,0.0015,0.4244,5,
0.3717,0.0061,0.5666,10,
0.2693,0.0908,10.1151,11,
0.1817,0.0009,0.3829,6,
0.2007,0.0050,1.3421,7,
0.9005,0.0173,0.1506,23,
0.0725,0.0054,8.6837,4,
0.0212,0.0033,86.2405,9,
0.2086,0.0647,8.5477,7,
0.3654,0.0475,3.2494,24,
0.3724,0.0606,4.1978,22,
0.1476,0.0011,0.4447,4,
0.3753,0.0033,0.2135,10,
0.1048,0.0030,5.0091,5,
0.2681,0.0555,10.5076,11,
0.1795,0.0004,2.6988,6,
0.1653,0.0023,8.0042,6,
0.8562,0.0066,0.1239,22,
0.0732,0.0071,10.8501,4,
0.0233,0.0035,77.1590,8,
0.2234,0.0527,7.2173,7,
0.3417,0.0366,3.4811,23,
0.3470,0.0562,4.2812,21,
0.3697,0.0022,0.3615,10,
0.0966,0.0008,0.7602,4,
0.2473,0.0658,11.3845,10,
0.2164,0.0114,2.0070,7,
0.1767,0.0018,1.4364,6,
0.8688,0.0058,0.0762,22,
0.0782,0.0096,11.5992,4,
0.0221,0.0042,94.1324,10,
0.3299,0.0554,4.8910,10,
0.3497,0.0426,3.2312,23,
0.3534,0.0572,4.2498,21,
0.3565,0.0022,0.3210,10,
0.1463,0.0788,15.4449,6,
0.2459,0.0750,11.3753,10,
0.1945,0.0028,0.6427,5,
0.1678,0.0052,1.3825,6,
0.8749,0.0063,0.1009,22,
0.0758,0.0085,21.3980,4,
0.0182,0.0036,124.2989,10,
0.3954,0.0558,2.8977,11,
0.3399,0.0374,3.6741,23,
0.3587,0.0604,4.3243,22,
0.1513,0.0021,0.7879,4,
0.3596,0.0060,0.4739,10,
0.1052,0.0033,2.4663,4,
0.2715,0.0867,10.5447,10,
0.2228,0.0024,0.4159,7,
0.1694,0.0023,6.4776,6,
0.9196,0.0170,0.1927,23,
0.0734,0.0043,6.7746,4,
0.0229,0.0035,107.3879,8,
0.4329,0.0683,2.7151,12,
0.3425,0.0371,3.7453,23,
0.3605,0.0610,4.3533,22,
0.3708,0.0047,0.2900,10,
0.1977,0.0086,1.7627,5,
0.1087,0.0030,4.5938,4,
0.2561,0.0603,11.5458,10,
0.2207,0.0107,1.9664,7,
0.1688,0.0037,1.0292,6,
0.8803,0.0064,0.0701,22,
0.0746,0.0119,15.3686,4,
0.0200,0.0036,115.0782,9,
0.4771,0.0764,2.4552,13,
0.3538,0.0419,3.4942,23,
0.3658,0.0608,4.3506,22,
0.3378,0.0031,0.9424,9,
0.1265,0.0040,7.7453,6,
0.1449,0.0591,13.9329,5,
0.2760,0.0817,10.6129,11,
0.1817,0.0014,0.3877,6,
0.1696,0.0033,1.7906,6,
0.8658,0.0089,0.1168,22,
0.0741,0.0057,9.4467,4,
0.0210,0.0034,105.3417,10,
0.4503,0.0559,2.2427,13,
0.3520,0.0318,3.2935,23,
0.3677,0.0568,4.2827,22,
0.1498,0.0033,1.2479,4,
0.3741,0.0046,0.6452,10,
0.1077,0.0020,9.8120,4,
0.2695,0.0829,10.7263,11,
0.1771,0.0030,0.8500,6,
0.1689,0.0039,1.1091,6,
0.9042,0.0093,0.1087,23,
0.0695,0.0046,7.9856,4,
0.0200,0.0035,117.5357,9,
0.4730,0.0555,2.0941,13,
0.3614,0.0361,2.9768,23,
0.3742,0.0604,4.2034,22,
0.4076,0.0053,0.3315,11,
0.1935,0.0132,2.9311,5,
0.2473,0.0556,10.2154,10,
0.2106,0.0146,2.8221,7,
0.2090,0.0071,1.2280,7,
0.8543,0.0039,0.0614,22,
0.0748,0.0070,24.3265,4,
0.0200,0.0029,103.8975,9,
0.4022,0.0461,2.6440,12,
0.3416,0.0378,3.1047,23,
0.3602,0.0570,4.3474,22,
0.1482,0.0025,1.0112,4,
0.3751,0.0056,0.3230,10,
0.0804,0.0322,24.8865,4,
0.2446,0.0666,10.6344,10,
0.2067,0.0143,2.7229,7,
0.1743,0.0008,1.4094,6,
0.8584,0.0043,0.2595,22,
0.1083,0.0043,20.8609,5,
0.0203,0.0032,104.3290,10,
0.4176,0.0502,2.4108,12,
0.3464,0.0363,3.1670,23,
0.3606,0.0628,4.2947,22,
0.2056,0.0028,13.1046,5,
0.3916,0.0033,0.2418,10,
0.1780,0.0038,0.9210,5,
0.1128,0.0028,3.6756,4,
0.2497,0.0340,7.0365,10,
0.2169,0.0098,1.8323,7,
0.1693,0.0017,2.7493,6,
0.8654,0.0036,0.4153,22,
0.1103,0.0029,24.5587,5,
0.0196,0.0033,100.7253,10,
0.3814,0.0393,2.3082,11,
0.3382,0.0405,3.5211,23,
0.3729,0.0618,4.3636,22,
0.3595,0.0019,0.3901,10,
0.1125,0.0027,2.9594,4,
0.2915,0.0873,9.9439,11,
0.1908,0.0029,0.6756,6,
0.1697,0.0035,1.4159,6,
0.9125,0.0066,0.1348,23,
0.0766,0.0043,6.1918,4,
0.0191,0.0037,122.5386,9,
0.3781,0.0319,1.9998,11,
0.3281,0.0419,4.2456,23,
0.3531,0.0614,4.3331,21,
0.1487,0.0027,1.2494,4,
0.3791,0.0028,0.2207,10,
0.0852,0.0093,10.6597,4,
0.2525,0.0436,9.9030,10,
0.2182,0.0146,2.6276,7,
0.1986,0.0060,1.2364,7,
0.8730,0.0078,0.3839,22,
0.0737,0.0086,26.0902,4,
0.0177,0.0035,123.0575,10,
0.3277,0.0063,1.7203,10,
0.0363,0.0035,64.8554,5,
0.3304,0.0445,4.2665,23,
0.3658,0.0602,4.3415,22,
0.3713,0.0047,0.2943,10,
0.2787,0.0727,10.5456,11,
0.1885,0.0022,0.5239,6,
0.1694,0.0019,1.2547,6,
0.9159,0.0129,0.1217,23,
0.0986,0.0049,6.8104,5,
0.0207,0.0045,99.0690,10,
0.3348,0.0089,0.9408,10,
0.3262,0.0476,4.3689,23,
0.3681,0.0599,4.2460,22,
0.4220,0.0022,0.1144,11,
0.0936,0.0136,19.2820,4,
0.1256,0.0019,1.3457,5,
0.2456,0.0358,9.3695,10,
0.2182,0.0123,2.0556,7,
0.1672,0.0029,1.4258,6,
0.8566,0.0170,0.4155,22,
0.0733,0.0056,8.8294,4,
0.0201,0.0031,102.4917,9,
0.4591,0.0649,2.3742,12,
0.3316,0.0433,4.0213,22,
0.3642,0.0606,4.3079,22,
0.1470,0.0013,0.6141,4,
0.3316,0.0015,0.1967,9,
0.1120,0.0095,19.1946,5,
0.0935,0.0118,10.8961,4,
0.2455,0.0516,10.3598,10,
0.2080,0.0137,2.5589,7,
0.2078,0.0012,0.4364,7,
0.8826,0.0058,0.0630,22,
0.0922,0.0146,15.6966,5,
0.0201,0.0041,103.2649,10,
0.4014,0.0456,2.2464,12,
0.3439,0.0368,3.4833,22,
0.3694,0.0622,4.3401,22,
0.1498,0.0008,0.4457,4,
0.3365,0.0026,0.1844,9,
0.1157,0.0154,15.1588,5,
0.0888,0.0107,11.2335,4,
0.2479,0.0456,9.5139,10,
0.2068,0.0173,3.4061,7,
0.1773,0.0021,0.5044,6,
0.8777,0.0068,0.0730,22,
0.0981,0.0143,18.4848,5,
0.0229,0.0032,97.8315,8,
0.3916,0.0469,2.3323,12,
0.3490,0.0363,3.2248,21,
0.3800,0.0608,4.1557,23,
0.3657,0.0032,0.2874,10,
0.1534,0.0061,2.4436,4,
0.2725,0.0710,10.6744,11,
0.2044,0.0085,1.8314,6,
0.1341,0.0013,0.6041,5,
0.9183,0.0116,0.1609,23,
0.0913,0.0128,12.5707,5,
0.0211,0.0034,80.6934,9,
0.4282,0.0550,2.2623,13,
0.3618,0.0276,2.0661,20,
0.3780,0.0593,4.3651,23,
0.3799,0.0064,0.3878,10,
0.1545,0.0088,2.8769,4,
0.2827,0.0492,9.5505,11,
0.2500,0.0172,2.4507,8,
0.1698,0.0017,12.1675,6,
0.8675,0.0048,0.1471,22,
0.1028,0.0126,11.6057,5,
0.0206,0.0048,120.6044,8,
0.4856,0.0736,2.3012,14,
0.3802,0.0233,1.2811,19,
0.0526,0.0003,0.9076,5,
0.2278,0.0469,6.2421,17,
0.3832,0.0130,0.7606,10,
0.1416,0.0672,16.1258,5,
0.2781,0.0707,9.9526,11,
0.2124,0.0046,0.8597,7,
0.1702,0.0017,0.4496,6,
0.8730,0.0085,0.1023,22,
0.0682,0.0116,27.9680,4,
0.0190,0.0029,88.0037,9,
0.4868,0.0749,2.3335,14,
0.3655,0.0263,1.7799,17,
0.3559,0.0563,4.4299,22,
0.1477,0.0017,0.6806,4,
0.3815,0.0024,0.2287,10,
0.1451,0.0034,1.6910,4,
0.2739,0.0644,10.8140,11,
0.2263,0.0034,0.5630,7,
0.1367,0.0019,0.7565,5,
0.9046,0.0134,0.1378,23,
0.0701,0.0108,18.6880,4,
0.0211,0.0041,84.0221,8,
0.4857,0.0778,2.3484,14,
0.3900,0.0358,2.0998,18,
0.3673,0.0583,4.2489,23,
0.2013,0.0022,0.5336,5,
0.3646,0.0016,0.4029,10,
0.1724,0.0077,2.3909,4,
0.2677,0.0898,10.6345,11,
0.2181,0.0063,1.1886,7,
0.1338,0.0018,2.7234,5,
0.9203,0.0087,0.0725,23,
0.0726,0.0092,12.9144,4,
0.0177,0.0040,122.7142,10,
0.5202,0.0763,2.2497,15,
0.3799,0.0279,1.8659,17,
0.3681,0.0599,4.3476,23,
0.1997,0.0015,0.8931,5,
0.3767,0.0030,0.2050,10,
0.1946,0.0072,2.6127,5,
0.2492,0.0440,9.5886,10,
0.2131,0.0084,1.6817,7,
0.1730,0.0017,0.7036,6,
0.8785,0.0049,0.0531,22,
0.0749,0.0108,15.0868,4,
0.0195,0.0032,101.5812,10,
0.4966,0.0896,2.5604,15,
0.3722,0.0169,1.4765,17,
0.3542,0.0512,4.4849,22,
0.3413,0.0017,2.2615,9,
0.2716,0.0877,10.5819,11,
0.2264,0.0078,1.3703,7,
0.1387,0.0027,2.1374,5,
0.9131,0.0058,0.7105,23,
0.0743,0.0149,18.6472,4,
0.0195,0.0045,115.9640,10,
0.5348,0.1036,2.5310,16,
0.3705,0.0174,1.3955,18,
0.3562,0.0487,4.3936,22,
0.1518,0.0039,1.3997,4,
0.4160,0.0028,0.4755,11,
0.2864,0.0794,9.8489,11,
0.1794,0.0010,0.2770,6,
0.1700,0.0041,1.4135,6,
0.8642,0.0064,0.2540,22,
0.0963,0.0161,17.7263,5,
0.0205,0.0034,96.1353,9,
0.4907,0.0946,2.9739,15,
0.3737,0.0180,1.4375,18,
0.0663,0.0092,22.7901,6,
0.2144,0.0361,5.8082,16,
0.3273,0.0035,0.4317,9,
0.2891,0.0779,10.1264,11,
0.2317,0.0055,0.8356,7,
0.1694,0.0048,1.5350,6,
0.8698,0.0129,0.1507,22,
0.0705,0.0091,15.0060,4,
0.0220,0.0033,73.5094,8,
0.5348,0.1115,2.9994,16,
0.3554,0.0154,1.4505,17,
0.0536,0.0075,18.5752,5,
0.2298,0.0430,5.8045,16,
0.3844,0.0023,0.4838,10,
0.1478,0.0085,13.7532,4,
0.1047,0.0030,6.4289,5,
0.2734,0.0488,10.8962,11,
0.2041,0.0117,2.1866,7,
0.1994,0.0083,1.6300,7,
0.8908,0.0085,0.0924,22,
0.0717,0.0120,16.4887,4,
0.0191,0.0037,126.6696,9,
0.5310,0.0807,2.8907,16,
0.3474,0.0142,1.5477,18,
0.0711,0.0122,18.0942,6,
0.2216,0.0355,5.4451,16,
0.3834,0.0043,0.2717,10,
0.5149,0.0994,4.0563,16,
0.2182,0.0140,2.3048,7,
0.1698,0.0021,13.3086,6,
0.8556,0.0111,0.6783,22,
0.0719,0.0096,14.3226,4,
0.0179,0.0046,113.2287,9,
0.5244,0.0572,4.9456,15,
0.3588,0.0166,1.2417,18,
0.0706,0.0163,22.0743,6,
0.2231,0.0331,5.3012,16,
0.2041,0.0026,0.5374,5,
0.3360,0.0031,3.1255,9,
0.1097,0.0039,14.6386,5,
0.1480,0.0691,15.6723,5,
0.2695,0.0965,10.4339,11,
0.2151,0.0053,0.9513,7,
0.1351,0.0024,20.8917,5,
0.8519,0.0025,3.3712,22,
0.0693,0.0085,13.2261,4,
0.0211,0.0047,100.6882,8,
0.4464,0.0337,5.4831,14,
0.3603,0.0153,1.1764,18,
0.3631,0.0606,4.7142,22,
0.1504,0.0017,0.5914,4,
0.3752,0.0016,3.9006,10,
0.1373,0.0079,6.5075,4,
0.1115,0.0109,17.0409,5,
0.2724,0.0800,10.9574,11,
0.2192,0.0079,1.5206,7,
0.1741,0.0026,2.4747,6,
0.9132,0.0078,0.0772,23,
0.0773,0.0163,19.2705,4,
0.0201,0.0031,107.8430,9,
0.3795,0.0401,7.1251,12,
0.3547,0.0155,1.1946,18,
0.0662,0.0146,29.8759,6,
0.1906,0.0308,6.2828,14,
0.1516,0.0010,0.3590,4,
0.3649,0.0015,3.3735,10,
0.1625,0.0089,11.7506,4,
0.1066,0.0036,8.8843,4,
0.2685,0.0610,11.1186,11,
0.2396,0.0139,2.0534,8,
0.1781,0.0004,3.9571,6,
0.8772,0.0041,0.0509,22,
0.0764,0.0107,13.7490,4,
0.0193,0.0037,100.0564,9,
0.3866,0.0238,1.6534,12,
0.3687,0.0135,1.1230,19,
0.0664,0.0125,20.6421,6,
0.2100,0.0290,5.2615,15,
0.3637,0.0033,0.4310,10,
0.1160,0.0457,17.1449,5,
0.1564,0.0099,14.0340,4,
0.2906,0.0717,10.1293,11,
0.2561,0.0107,1.3391,8,
0.1353,0.0031,1.5169,5,
0.9146,0.0207,0.2036,23,
0.0766,0.0114,13.8692,4,
0.0200,0.0035,112.5599,10,
0.3193,0.0159,1.5853,10,
0.3746,0.0158,1.0736,19,
0.3687,0.0560,4.6686,21,
0.1510,0.0014,0.5802,4,
0.3827,0.0036,0.2934,10,
0.1006,0.0035,10.6852,5,
0.1577,0.0115,6.8140,4,
0.2784,0.0902,10.4982,11,
0.2129,0.0122,2.1841,7,
0.1339,0.0018,2.7210,5,
0.8753,0.0080,0.0952,22,
0.0701,0.0101,14.8167,4,
0.0229,0.0029,88.2816,8,
0.2886,0.0228,2.2736,9,
0.3667,0.0123,1.2058,19,
0.3275,0.0581,5.3629,19,
0.1477,0.0018,0.8770,4,
0.3826,0.0031,0.1907,10,
0.1301,0.0628,15.4660,5,
0.1035,0.0043,14.9887,4,
0.2736,0.0588,9.7192,11,
0.2128,0.0005,8.5227,7,
0.1696,0.0021,1.9734,6,
0.8601,0.0109,0.8677,22,
0.0197,0.0040,98.8579,10,
0.1842,0.0046,1.9850,6,
0.3612,0.0156,1.2020,19,
0.3169,0.0612,7.7446,19,
0.1474,0.0014,0.5214,4,
0.3686,0.0077,0.6040,10,
0.1036,0.0036,13.0551,4,
0.2674,0.0890,10.7916,11,
0.2262,0.0049,0.7634,7,
0.1363,0.0019,0.7915,5,
0.8540,0.0051,0.1105,22,
0.0720,0.0120,25.9483,4,
0.0196,0.0039,101.9434,9,
0.1212,0.0061,3.4097,4,
0.3634,0.0139,1.2088,19,
0.2877,0.0548,9.4830,17,
0.3721,0.0043,1.1291,10,
0.1066,0.0103,16.2545,6,
0.0896,0.0121,11.9321,4,
0.2468,0.0373,9.0992,10,
0.2153,0.0138,2.3839,7,
0.1695,0.0040,1.5395,6,
0.8714,0.0028,1.4529,22,
0.0849,0.0145,15.5602,4,
0.0181,0.0039,128.1998,9,
0.1310,0.0039,1.7954,4,
0.3597,0.0142,1.0178,19,
0.2710,0.0553,9.7464,15,
0.3617,0.0010,0.2362,10,
0.1827,0.0051,1.2709,5,
0.2495,0.0423,11.0697,10,
0.2399,0.0140,1.9999,8,
0.1796,0.0028,0.9025,6,
0.8624,0.0051,0.1217,22,
0.0807,0.0162,17.6458,4,
0.0196,0.0029,102.7852,9,
0.1208,0.0015,0.8521,4,
0.3708,0.0141,1.0639,19,
0.0801,0.0116,18.3324,7,
0.1072,0.0068,4.7821,6,
0.4128,0.0033,0.2434,11,
0.1917,0.0060,2.2789,5,
0.0527,0.0019,27.6358,4,
0.2632,0.0465,10.5930,10,
0.2527,0.0123,1.5855,8,
0.1704,0.0007,0.5666,6,
0.8631,0.0062,0.2744,22,
0.0767,0.0150,17.6702,4,
0.0214,0.0022,85.3028,9,
0.1248,0.0030,1.6712,4,
0.3575,0.0145,1.4777,19,
0.0846,0.0115,35.1177,7,
0.0928,0.0046,4.1675,5,
0.1488,0.0030,1.1241,4,
0.4156,0.0034,0.3348,11,
0.1455,0.0390,15.8112,7,
0.2869,0.1036,10.2860,11,
0.2233,0.0051,0.8413,7,
0.1697,0.0019,0.5371,6,
0.8685,0.0086,0.1724,22,
0.0763,0.0101,12.7298,4,
0.0220,0.0025,92.2032,8,
0.1658,0.0045,1.6243,5,
0.3572,0.0279,2.5531,19,
0.2210,0.0543,9.5022,10,
0.2037,0.0031,1.1299,5,
0.3822,0.0024,0.1722,10,
0.1881,0.0045,0.9610,5,
0.1048,0.0034,7.9658,4,
0.2526,0.0638,11.6256,10,
0.2529,0.0191,2.4582,8,
0.2012,0.0024,1.2790,7,
0.8833,0.0065,0.0787,22,
0.0839,0.0083,9.2258,4,
0.0201,0.0039,94.5551,9,
0.1270,0.0032,1.6901,4,
0.3345,0.0438,3.7734,18,
0.1018,0.0303,22.3671,7,
0.2027,0.0025,1.7539,5,
0.4249,0.0067,0.2851,11,
0.1912,0.0120,3.2072,5,
0.2725,0.0605,10.0945,11,
0.2180,0.0033,0.5644,7,
0.1683,0.0029,0.8308,6,
0.8571,0.0098,1.4349,22,
0.0819,0.0164,17.6160,4,
0.0201,0.0033,110.1904,9,
0.2596,0.0120,5.0949,10,
0.0767,0.0194,22.1183,6,
0.1493,0.0018,0.7931,4,
0.3653,0.0059,0.6056,10,
0.1460,0.0062,2.5303,4,
0.2461,0.0749,11.4692,10,
0.2183,0.0117,1.9586,7,
0.1690,0.0031,2.3289,6,
0.8810,0.0040,0.0664,22,
0.0760,0.0072,21.0312,4,
0.0197,0.0045,96.9399,10,
0.3464,0.0434,3.8591,21,
0.0642,0.0156,24.9956,6,
0.3757,0.0041,0.2679,10,
0.1952,0.0142,2.9374,5,
0.2482,0.0604,11.3920,10,
0.2113,0.0122,2.1729,7,
0.1710,0.0028,1.3300,6,
0.8700,0.0021,0.0791,22,
0.0747,0.0123,30.4300,4,
0.0191,0.0037,94.4174,9,
0.3479,0.0386,3.7850,22,
0.0653,0.0126,20.5112,6,
0.2061,0.0030,2.7596,5,
0.3770,0.0058,0.5656,10,
0.1417,0.0619,14.5510,5,
0.2694,0.0822,11.0846,11,
0.2359,0.0055,0.8062,7,
0.1693,0.0043,1.1165,6,
0.8664,0.0037,0.1862,22,
0.0734,0.0109,14.3606,4,
0.0215,0.0036,98.0097,10,
0.1302,0.0055,2.5751,4,
0.3367,0.0347,3.9542,23,
0.0520,0.0073,20.2024,5,
0.1495,0.0043,1.6401,4,
0.3768,0.0032,0.1861,10,
0.1025,0.0042,19.8594,5,
0.1346,0.0594,15.3050,5,
0.2849,0.0647,10.1481,11,
0.2149,0.0017,0.3005,7,
0.1366,0.0024,0.9691,5,
0.8646,0.0096,0.1494,22,
0.0210,0.0029,103.4345,8,
0.1332,0.0011,0.5037,4,
0.3379,0.0322,3.3948,24,
0.0368,0.0002,1.0306,4,
0.3843,0.0015,0.3136,10,
0.1911,0.0152,3.2013,5,
0.1176,0.0100,5.8478,5,
0.2580,0.0595,10.8448,10,
0.2152,0.0083,1.6103,7,
0.1360,0.0004,0.3109,5,
0.9163,0.0127,0.1228,23,
0.0788,0.0077,10.7917,4,
0.0197,0.0043,113.2252,9,
0.3479,0.0332,3.8953,25,
0.1084,0.0253,15.9029,5,
0.1492,0.0010,0.4904,4,
0.3818,0.0014,0.2193,10,
0.0936,0.0062,6.1010,4,
0.2437,0.0618,10.6619,10,
0.2162,0.0159,2.9586,7,
0.1692,0.0035,1.0860,6,
0.8756,0.0074,0.1782,22,
0.0815,0.0147,15.9366,4,
0.0214,0.0026,75.7206,8,
0.1364,0.0200,8.0521,4,
0.3644,0.0476,3.9350,26,
0.0618,0.0163,27.1809,5,
0.1511,0.0013,1.0771,4,
0.3734,0.0063,0.4438,10,
0.1199,0.0018,1.5045,5,
0.0933,0.0004,0.4074,4,
0.2441,0.0774,11.1820,10,
0.2154,0.0030,0.5788,7,
0.1355,0.0034,1.6150,5,
0.8529,0.0040,0.0841,22,
0.1048,0.0074,6.1038,5,
0.0201,0.0034,115.2126,9,
0.1460,0.0349,10.5792,4,
0.3582,0.0390,3.8012,26,
0.0993,0.0184,16.1329,5,
0.3780,0.0038,0.2956,10,
0.1315,0.0074,5.9649,6,
0.2473,0.0840,11.1486,10,
0.2076,0.0066,1.2819,7,
0.1340,0.0031,1.5239,5,
0.9232,0.0101,0.0951,23,
0.0795,0.0118,18.8604,4,
0.0210,0.0035,97.5510,9,
0.3721,0.0429,3.9814,27,
0.0491,0.0043,13.9190,4,
0.1531,0.0018,1.2875,4,
0.3344,0.0039,0.3108,9,
0.1017,0.0492,20.0232,6,
0.0944,0.0032,3.0207,4,
0.2482,0.0696,11.0501,10,
0.2326,0.0061,0.9036,7,
0.1370,0.0020,14.6883,5,
0.8970,0.0094,0.1123,23,
0.0777,0.0097,17.0630,4,
0.0192,0.0030,107.7099,9,
0.3746,0.0492,3.9333,27,
0.1513,0.0018,0.7114,4,
0.3365,0.0017,2.1040,9,
0.0970,0.0006,0.7592,4,
0.2585,0.0587,10.8653,10,
0.2122,0.0068,1.2894,7,
0.1705,0.0039,2.1170,6,
0.8704,0.0058,0.1562,22,
0.0995,0.0122,11.5099,5,
0.0191,0.0033,118.7584,10,
0.3747,0.0584,4.2614,27,
0.1489,0.0000,0.0067,4,
0.3754,0.0048,0.2700,10,
0.1854,0.0073,1.6253,5,
0.1183,0.0912,16.2608,6,
0.2602,0.0759,10.7174,10,
0.2290,0.0070,1.0540,7,
0.1338,0.0021,6.5736,5,
0.8816,0.0093,0.1152,22,
0.0732,0.0110,25.3659,4,
0.0201,0.0039,89.0830,9,
0.3526,0.0646,4.6469,27,
0.1500,0.0024,1.3134,4,
0.3845,0.0013,0.5475,10,
0.1222,0.0451,16.5824,6,
0.1570,0.0855,13.6708,6,
0.2551,0.0570,11.0663,10,
0.2154,0.0020,0.3677,7,
0.1337,0.0018,5.1088,5,
0.8683,0.0148,0.1749,22,
0.0187,0.0031,116.7444,9,
0.1427,0.0144,5.5736,4,
0.3549,0.0624,4.7118,27,
0.0603,0.0005,37.5505,4,
0.1516,0.0030,1.0543,4,
0.3334,0.0046,0.4321,9,
0.0963,0.0029,2.6671,4,
0.2475,0.0598,10.8849,10,
0.2178,0.0100,1.8051,7,
0.1698,0.0009,0.2872,6,
0.8418,0.0138,0.1596,21,
0.0754,0.0128,16.0061,4,
0.0200,0.0036,109.9508,10,
0.3622,0.0636,4.6260,27,
0.0640,0.0008,1.5320,4,
0.3236,0.0026,0.2382,9,
0.1772,0.0047,2.3077,5,
0.0535,0.0077,36.1227,4,
0.2485,0.0944,10.7997,10,
0.2184,0.0112,1.9338,7,
0.1362,0.0008,1.3299,5,
0.8793,0.0027,0.0547,22,
0.0731,0.0122,26.0157,4,
0.0184,0.0041,113.5987,9,
0.1555,0.0360,9.6512,4,
0.3758,0.0675,4.5330,28,
0.3722,0.0029,0.1993,10,
0.0813,0.0132,15.0480,4,
0.1209,0.0024,2.2062,4,
0.2204,0.0693,11.5161,9,
0.2448,0.0170,2.3797,8,
0.1397,0.0010,0.4444,5,
0.8620,0.0033,0.0888,22,
0.0697,0.0204,26.0033,4,
0.0206,0.0037,100.2785,9,
0.1412,0.0234,8.4859,4,
0.3685,0.0732,4.7919,28,
0.1493,0.0014,0.5955,4,
0.3160,0.0014,0.3658,9,
0.1116,0.0149,10.0864,5,
0.1011,0.0034,8.8666,4,
0.2756,0.0650,10.4996,10,
0.2182,0.0021,0.4310,7,
0.1676,0.0092,2.6287,6,
0.8680,0.0065,1.7032,22,
0.0847,0.0136,13.7608,4,
0.0210,0.0029,93.7649,8,
0.3631,0.0694,5.0086,27,
0.3593,0.0054,1.2871,10,
0.1002,0.0016,1.3355,4,
0.1068,0.0031,5.6730,4,
0.2657,0.0795,10.2632,10,
0.2321,0.0006,0.0943,7,
0.1363,0.0014,0.6592,5,
0.8660,0.0040,0.0852,22,
0.0807,0.0161,17.9336,4,
0.0201,0.0029,105.6623,8,
0.3706,0.0775,4.8295,27,
0.3821,0.0011,0.2331,10,
0.1011,0.0022,9.5727,4,
0.0507,0.0062,40.5623,4,
0.2522,0.0648,11.1578,10,
0.2152,0.0033,0.6634,7,
0.1341,0.0013,0.6041,5,
0.8897,0.0243,0.2746,22,
0.0866,0.0144,14.3080,4,
0.0219,0.0032,76.7535,9,
0.3745,0.0793,4.7432,27,
0.0382,0.0008,27.3745,4,
0.1499,0.0014,0.5454,4,
0.3811,0.0012,0.6856,10,
0.1756,0.0169,3.9800,5,
0.2455,0.0886,11.0825,10,
0.2045,0.0074,1.6129,7,
0.1360,0.0002,0.9002,5,
0.8702,0.0020,0.0534,22,
0.0716,0.0108,23.2264,4,
0.0183,0.0047,109.7102,8,
0.3751,0.0785,4.6550,27,
0.0697,0.0114,31.2711,6,
0.1493,0.0013,0.4711,4,
0.3463,0.0054,0.4185,9,
0.1871,0.0150,3.4843,5,
0.0146,0.0030,143.6491,4,
0.2190,0.0445,13.0151,9,
0.2415,0.0236,3.4601,8,
0.1750,0.0013,0.5306,6,
0.8462,0.0056,0.0657,22,
0.0765,0.0143,17.2227,4,
0.0220,0.0031,96.2697,8,
0.3835,0.0711,4.3594,28,
0.0707,0.0198,24.6910,6,
0.3620,0.0016,0.4987,10,
0.2168,0.0264,4.0800,6,
0.2231,0.0754,12.0825,9,
0.2063,0.0085,1.6732,7,
0.1419,0.0014,0.5305,5,
0.8818,0.0076,0.0961,22,
0.0755,0.0118,27.7144,4,
0.0202,0.0031,103.0260,9,
0.3627,0.0654,4.7263,27,
0.2032,0.0421,8.2484,12,
0.3766,0.0022,0.1864,10,
0.1058,0.0482,19.5060,6,
0.0924,0.0039,3.6831,4,
0.2188,0.0617,12.8299,9,
0.2354,0.0056,0.8338,7,
0.1331,0.0028,1.4598,5,
0.8768,0.0078,0.0734,22,
0.0875,0.0117,11.8889,4,
0.0201,0.0033,109.2937,9,
0.3531,0.0584,4.6960,27,
0.1018,0.0127,8.7589,6,
0.1488,0.0019,0.8024,4,
0.3737,0.0015,0.2994,10,
0.1089,0.0053,11.0413,6,
0.1495,0.0703,13.7477,6,
0.2305,0.0724,12.4433,9,
0.2164,0.0013,0.2301,7,
0.1349,0.0023,3.3317,5,
0.8692,0.0048,0.1261,22,
0.0729,0.0175,21.7316,4,
0.0177,0.0030,122.4011,10,
0.3452,0.0597,4.8603,27,
0.1372,0.0147,6.0106,7,
0.1498,0.0008,0.3365,4,
0.3790,0.0042,4.3991,10,
0.1131,0.0063,14.4389,6,
0.1515,0.0766,13.8731,6,
0.2232,0.0828,12.2291,9,
0.2156,0.0013,0.3968,7,
0.1684,0.0044,1.2736,6,
0.8897,0.0126,0.1373,22,
0.0807,0.0111,12.4962,4,
0.0219,0.0037,70.4590,8,
0.3463,0.0683,4.7431,27,
0.1698,0.0152,4.1893,8,
0.3851,0.0063,0.3615,10,
0.1209,0.0058,3.1972,5,
0.1126,0.0048,6.0960,4,
0.1882,0.0707,14.3619,8,
0.2128,0.0139,2.4052,7,
0.1693,0.0041,1.3618,6,
0.8749,0.0093,0.0978,22,
0.0794,0.0112,12.9637,4,
0.0229,0.0036,102.7091,8,
0.3395,0.0627,4.9259,27,
0.1533,0.0112,3.7914,8,
0.3394,0.0031,0.3640,9,
0.1211,0.0126,6.6584,5,
0.2177,0.0818,12.4331,9,
0.2104,0.0071,1.4486,7,
0.1703,0.0030,2.2443,6,
0.8850,0.0081,0.0947,22,
0.0771,0.0114,30.2287,4,
0.0220,0.0035,97.3949,8,
0.3562,0.0616,4.7127,28,
0.1481,0.0085,3.2113,8,
0.3810,0.0029,0.1908,10,
0.1208,0.0045,2.3697,5,
0.0101,0.0031,190.7086,4,
0.1898,0.0546,14.8162,8,
0.2426,0.0192,2.6512,8,
0.1385,0.0016,2.9153,5,
0.8557,0.0047,0.2376,22,
0.0840,0.0121,12.4789,4,
0.0210,0.0030,81.2921,8,
0.3416,0.0641,4.8623,27,
0.1286,0.0053,2.5663,7,
0.1525,0.0037,1.2487,4,
0.3804,0.0054,0.3498,10,
0.1216,0.0089,5.0288,5,
0.1060,0.0041,19.3342,5,
0.2137,0.0843,12.7032,9,
0.2381,0.0047,0.6870,7,
0.1337,0.0006,0.3458,5,
0.8730,0.0069,0.1229,22,
0.0210,0.0033,105.1322,8,
0.3425,0.0713,5.1968,27,
0.1329,0.0053,2.3088,7,
0.1477,0.0028,1.0043,4,
0.3412,0.0013,0.1346,9,
0.1299,0.0889,16.0588,7,
0.1377,0.0175,9.7633,6,
0.2326,0.0471,12.5542,9,
0.2154,0.0022,0.4123,7,
0.1673,0.0013,0.3785,6,
0.8700,0.0074,0.2520,22,
0.0913,0.0102,10.1152,4,
0.0200,0.0040,113.2036,10,
0.3504,0.0756,5.2837,28,
0.1147,0.0040,2.4554,6,
0.3858,0.0058,0.3524,10,
0.1192,0.0422,18.7174,7,
0.2076,0.0268,4.7872,6,
0.1962,0.0901,13.2987,8,
0.2152,0.0072,1.3331,7,
0.1357,0.0019,2.8317,5,
0.8755,0.0109,0.1317,22,
0.0771,0.0114,30.7624,4,
0.0229,0.0031,58.9466,8,
0.3656,0.0783,5.1881,28,
0.1145,0.0027,1.7689,6,
0.1508,0.0034,1.2452,4,
0.3795,0.0019,0.7362,10,
0.2310,0.0245,3.6227,7,
0.0475,0.0059,42.8084,4,
0.1907,0.0352,15.2819,8,
0.2267,0.0121,1.8361,7,
0.1702,0.0021,0.5800,6,
0.8769,0.0138,0.1422,22,
0.0813,0.0102,15.6240,4,
0.0200,0.0038,114.1378,10,
0.3679,0.0534,5.0071,27,
0.0851,0.0045,4.7561,4,
0.1493,0.0034,1.3351,4,
0.3366,0.0023,0.1822,9,
0.1424,0.0899,16.0233,6,
0.1051,0.0037,15.2467,4,
0.1870,0.0884,14.2661,8,
0.2125,0.0051,0.9623,7,
0.1351,0.0019,1.2972,5,
0.8604,0.0119,0.2116,22,
0.0963,0.0077,26.0313,4,
0.0210,0.0029,97.0798,8,
0.3618,0.0693,5.1219,27,
0.2037,0.0029,1.6230,5,
0.3620,0.0029,2.2324,10,
0.2124,0.0239,3.8503,6,
0.1897,0.0835,13.7813,8,
0.2141,0.0127,2.1924,7,
0.1757,0.0030,4.1105,6,
0.8798,0.0037,0.0542,22,
0.0821,0.0124,28.3815,4,
0.0202,0.0038,89.6929,8,
0.3457,0.0666,5.3561,27,
0.2077,0.0056,2.3009,5,
0.3878,0.0100,0.8753,10,
0.1614,0.0849,14.2879,7,
0.0501,0.0086,42.1091,5,
0.1894,0.0816,14.1522,8,
0.2289,0.0082,1.3308,7,
0.1670,0.0030,0.9983,6,
0.8734,0.0058,0.2955,22,
0.0926,0.0105,9.6020,5,
0.0206,0.0042,108.8399,9,
0.3687,0.0744,4.8954,27,
0.1511,0.0013,0.5550,4,
0.3605,0.0015,0.9139,10,
0.2145,0.0210,3.4351,6,
0.0496,0.0029,31.5781,5,
0.1906,0.0655,14.4530,8,
0.2108,0.0136,2.4847,6,
0.1739,0.0018,3.4160,6,
0.8785,0.0042,0.0585,22,
0.0765,0.0103,20.5550,4,
0.0219,0.0043,103.2711,9,
0.3300,0.0630,5.7854,27,
0.1997,0.0019,0.3950,5,
0.3875,0.0073,0.3997,10,
0.1666,0.0775,14.0619,7,
0.0083,0.0050,239.0506,4,
0.2038,0.0884,13.5734,8,
0.2238,0.0024,0.4245,7,
0.1339,0.0021,6.5750,5,
0.8726,0.0074,0.2314,22,
0.0875,0.0126,12.3436,4,
0.0210,0.0038,84.0289,9,
0.2983,0.0478,5.9422,26,
0.3826,0.0086,0.5252,10,
0.1219,0.0144,7.3995,5,
0.2236,0.0847,12.6931,9,
0.2180,0.0038,0.6673,7,
0.1363,0.0006,6.1576,5,
0.8712,0.0064,0.1390,22,
0.0882,0.0148,13.9836,4,
0.0202,0.0040,86.7182,8,
0.3020,0.0431,5.9138,27,
0.1520,0.0015,1.4806,4,
0.3837,0.0075,0.4303,10,
0.1052,0.0443,19.8330,6,
0.1205,0.0108,6.1498,5,
0.2195,0.0929,11.9744,9,
0.2152,0.0037,0.7001,7,
0.1360,0.0026,1.9109,5,
0.8254,0.0091,0.1188,21,
0.0822,0.0087,28.9333,4,
0.0197,0.0041,93.8902,9,
0.0440,0.0002,1.9486,4,
0.2931,0.0328,7.3235,24,
0.1497,0.0030,3.2005,4,
0.3664,0.0074,0.6542,10,
0.1066,0.0482,19.0415,6,
0.1223,0.0052,2.8942,5,
0.1868,0.0882,14.0503,8,
0.2181,0.0120,1.9935,7,
0.1677,0.0023,3.1633,6,
0.8736,0.0108,0.1426,22,
0.0756,0.0119,23.0841,4,
0.0219,0.0046,75.8151,8,
0.0536,0.0024,6.9252,5,
0.2772,0.0266,11.5174,20,
0.1504,0.0006,2.6157,4,
0.3820,0.0015,0.1887,10,
0.1698,0.0955,13.7501,7,
0.2151,0.0845,13.2686,9,
0.2154,0.0017,0.3671,7,
0.1357,0.0016,3.7633,5,
0.8525,0.0074,0.5585,22,
0.0788,0.0071,28.8917,4,
0.0204,0.0030,92.5393,9,
0.0674,0.0069,13.5754,6,
0.2842,0.0148,7.2257,18,
0.2080,0.0031,2.8913,5,
0.4071,0.0060,0.2921,10,
0.2171,0.0244,3.7916,6,
0.0293,0.0041,55.4134,4,
0.1901,0.0855,13.4651,8,
0.2043,0.0073,1.5431,7,
0.1690,0.0027,2.0550,6,
0.9169,0.0161,0.1549,23,
0.0693,0.0150,32.0631,4,
0.0220,0.0035,98.0041,9,
0.0626,0.0028,6.6076,6,
0.2722,0.0216,3.4528,19,
0.1518,0.0024,0.9228,4,
0.4162,0.0057,0.2977,11,
0.1121,0.0031,5.0728,5,
0.1158,0.0108,6.2522,5,
0.2181,0.0680,13.0303,9,
0.2277,0.0051,0.7748,7,
0.1345,0.0013,0.6350,5,
0.9114,0.0064,0.1138,23,
0.0847,0.0122,12.2974,4,
0.0219,0.0032,101.0285,9,
0.0856,0.0073,22.9404,7,
0.1678,0.0144,17.8422,16,
0.1489,0.0038,1.4940,4,
0.3317,0.0020,0.6465,9,
0.1443,0.0861,16.0361,6,
0.1121,0.0029,4.4654,4,
0.2336,0.0561,12.6911,9,
0.2123,0.0018,0.3360,7,
0.1676,0.0031,1.2495,6,
0.8663,0.0055,0.1015,22,
0.1105,0.0113,13.5455,5,
0.0191,0.0033,114.1419,9,
0.0844,0.0043,18.5053,7,
0.1601,0.0171,11.4444,16,
0.2022,0.0015,5.4824,5,
0.3789,0.0020,0.1149,10,
0.1198,0.0036,3.3618,5,
0.1130,0.0415,18.1402,6,
0.1977,0.0773,14.0003,8,
0.2607,0.0154,2.0306,8,
0.1666,0.0026,9.2944,6,
0.8707,0.0072,0.5641,22,
0.1023,0.0113,12.2862,5,
0.0182,0.0034,125.7905,10,
0.0574,0.0046,12.1709,6,
0.1552,0.0239,8.4669,16,
0.2010,0.0045,1.0356,5,
0.3793,0.0023,4.2527,10,
0.0940,0.0033,2.9730,4,
0.2236,0.0797,12.3840,9,
0.2123,0.0056,1.0434,7,
0.1696,0.0029,3.1874,6,
0.8709,0.0097,0.1248,22,
0.0748,0.0112,17.4960,4,
0.0192,0.0048,102.6781,9,
0.0713,0.0040,6.5134,7,
0.1525,0.0154,16.5170,15,
0.1486,0.0015,0.8745,4,
0.3767,0.0058,0.4512,10,
0.1198,0.0009,0.5206,5,
0.0146,0.0040,147.6879,4,
0.1875,0.0389,15.4297,8,
0.2482,0.0141,2.1141,8,
0.1686,0.0045,1.4235,6,
0.8719,0.0087,0.0939,22,
0.0962,0.0157,14.8408,5,
0.0219,0.0029,86.1567,8,
0.0752,0.0042,7.8970,7,
0.1578,0.0191,10.4825,16,
0.3684,0.0044,0.3909,10,
0.2113,0.0238,4.1293,6,
0.1050,0.0032,7.4644,4,
0.2228,0.0886,11.8591,9,
0.2244,0.0072,1.2848,7,
0.1357,0.0019,2.8344,5,
0.8616,0.0100,0.1159,22,
0.0716,0.0342,29.2071,4,
0.0187,0.0024,105.8178,9,
0.0737,0.0029,13.0545,7,
0.1563,0.0151,19.7954,15,
0.3801,0.0018,0.1041,10,
0.2170,0.0215,3.4070,6,
0.0495,0.0027,33.2927,4,
0.2241,0.0521,12.2210,9,
0.2502,0.0169,2.1451,8,
0.1431,0.0028,1.1408,5,
0.8532,0.0068,0.1111,22,
0.0907,0.0490,24.8465,5,
0.0209,0.0036,97.1629,9,
0.0705,0.0042,6.7630,7,
0.1510,0.0149,15.2998,15,
0.2018,0.0024,0.5336,5,
0.3181,0.0010,0.4515,9,
0.1521,0.0757,14.0241,6,
0.1175,0.0067,12.4701,5,
0.2139,0.0490,13.8014,9,
0.2605,0.0031,0.4184,7,
0.1670,0.0042,1.3639,6,
0.8616,0.0044,0.5352,22,
0.0571,0.0402,35.6313,4,
0.0210,0.0033,87.1988,9,
0.0947,0.0084,9.9309,8,
0.1497,0.0123,22.0653,15,
0.0754,0.0004,1.2136,4,
0.2072,0.0033,3.2786,5,
0.4164,0.0012,0.1259,11,
0.2148,0.0197,3.1460,6,
0.1038,0.0425,19.1229,5,
0.2412,0.0491,11.6566,9,
0.2506,0.0144,2.0360,8,
0.1705,0.0029,0.9227,6,
0.8874,0.0093,0.0984,22,
0.0882,0.0495,25.5491,5,
0.0776,0.0067,8.7743,4,
0.0201,0.0030,100.4125,8,
0.0837,0.0038,35.7633,8,
0.1473,0.0135,13.8092,15,
0.0940,0.0019,2.2556,5,
0.1518,0.0007,0.4409,4,
0.3450,0.0055,0.3850,9,
0.1104,0.0087,6.3327,5,
0.1061,0.0023,3.2904,4,
0.2338,0.0531,11.3830,9,
0.2184,0.0130,2.2252,7,
0.1697,0.0013,0.3783,6,
0.8685,0.0094,0.1904,22,
0.0574,0.0106,40.0901,4,
0.1062,0.0129,8.8024,5,
0.0202,0.0042,96.4260,9,
0.0960,0.0158,12.0930,8,
0.1365,0.0094,18.9430,14,
0.1395,0.0081,3.2558,7,
0.1544,0.0050,1.7806,4,
0.3845,0.0040,0.4755,10,
0.1032,0.0434,20.0353,7,
0.1868,0.0152,3.5514,5,
0.2238,0.0731,12.5247,9,
0.2146,0.0112,1.9713,7,
0.1343,0.0028,1.5018,5,
0.9208,0.0140,0.1464,23,
0.0621,0.0487,31.6713,5,
0.1008,0.0073,5.8797,5,
0.0210,0.0033,108.9836,8,
0.0693,0.0030,5.0384,7,
0.1540,0.0160,8.9635,15,
0.1528,0.0096,3.3264,8,
0.1497,0.0003,0.1161,4,
0.3567,0.0085,1.1149,10,
0.2027,0.0222,4.1181,6,
0.2166,0.0863,12.3050,9,
0.2291,0.0055,0.8692,7,
0.1699,0.0025,0.6683,6,
0.9021,0.0107,0.1515,23,
0.0640,0.0232,34.9449,5,
0.1030,0.0066,5.3698,6,
0.0210,0.0029,98.7800,8,
0.0819,0.0073,8.4901,8,
0.1511,0.0109,21.3396,15,
0.1798,0.0112,2.8895,9,
0.3608,0.0034,0.9457,10,
0.1277,0.0116,5.7376,5,
0.2161,0.0762,12.6617,9,
0.2151,0.0072,1.2824,7,
0.1720,0.0031,1.2868,6,
0.8735,0.0054,0.0755,22,
0.0658,0.0293,33.9510,5,
0.0802,0.0045,7.5486,5,
0.0200,0.0037,121.1149,9,
0.0694,0.0046,7.7108,7,
0.1405,0.0099,22.8438,14,
0.1633,0.0096,2.9366,9,
0.1992,0.0016,0.4361,5,
0.3804,0.0028,0.2606,10,
0.2236,0.0217,3.3352,6,
0.2550,0.0529,10.9775,10,
0.2071,0.0022,0.5305,7,
0.1741,0.0014,0.3950,6,
0.8575,0.0059,0.2587,22,
0.0684,0.0253,32.8036,5,
0.0780,0.0011,3.1243,5,
0.0195,0.0032,118.2436,10,
0.0900,0.0054,11.1048,8,
0.1504,0.0097,22.4746,15,
0.1537,0.0059,2.0928,9,
0.3525,0.0045,0.4374,10,
0.1545,0.0750,13.5064,6,
0.1068,0.0039,17.9063,4,
0.2522,0.0654,10.4938,10,
0.2146,0.0009,0.1852,7,
0.1833,0.0003,0.2261,6,
0.8657,0.0118,0.5359,22,
0.0621,0.0294,33.5696,5,
0.0750,0.0042,10.2634,5,
0.0210,0.0033,103.4972,9,
0.0808,0.0053,22.6414,8,
0.1458,0.0106,14.3988,15,
0.1756,0.0133,3.5046,9,
0.3665,0.0027,7.1543,10,
0.2135,0.0260,4.1335,6,
0.1109,0.0030,4.7109,4,
0.2409,0.0446,12.0791,9,
0.2252,0.0117,1.8469,7,
0.1350,0.0021,6.3839,5,
0.9169,0.0189,0.2288,23,
0.0694,0.0329,29.4017,5,
0.0732,0.0047,10.8241,4,
0.0233,0.0028,64.2499,8,
0.0681,0.0020,3.9315,7,
0.1486,0.0102,23.2228,15,
0.1550,0.0109,3.6351,8,
0.2002,0.0037,0.8222,5,
0.3813,0.0023,1.8056,10,
0.1195,0.0049,3.4975,5,
0.1059,0.0031,6.2481,4,
0.2307,0.0569,10.0771,9,
0.2162,0.0143,2.6470,7,
0.1999,0.0063,1.3391,7,
0.8853,0.0079,0.0785,22,
0.0794,0.0561,27.1785,5,
0.0729,0.0048,10.6712,4,
0.0196,0.0024,98.5204,9,
0.0807,0.0033,29.5394,8,
0.1470,0.0122,18.4463,15,
0.1555,0.0061,2.0954,8,
0.1523,0.0013,1.8021,4,
0.3864,0.0062,0.4094,10,
0.1478,0.0715,13.9542,6,
0.1117,0.0049,7.0834,4,
0.2499,0.0636,10.1460,10,
0.2185,0.0029,4.3100,7,
0.1701,0.0029,0.8130,6,
0.8770,0.0105,0.1279,22,
0.0640,0.0237,33.4467,5,
0.0767,0.0005,15.0052,4,
0.0210,0.0034,108.1919,9,
0.0654,0.0035,6.9971,7,
0.1457,0.0108,19.3882,15,
0.1218,0.0059,3.4711,6,
0.1493,0.0034,1.2874,4,
0.3883,0.0046,6.6574,10,
0.0932,0.0025,2.3433,4,
0.2151,0.0811,12.4631,9,
0.2099,0.0019,0.3491,7,
0.1673,0.0013,0.3787,6,
0.8190,0.0073,0.0844,21,
0.0768,0.0289,29.4679,5,
0.0779,0.0039,6.2173,5,
0.0191,0.0030,110.8884,9,
0.0779,0.0038,22.2542,8,
0.1520,0.0123,17.4193,15,
0.1045,0.0064,4.5790,5,
0.1530,0.0042,1.4130,4,
0.3781,0.0047,2.2761,10,
0.2293,0.0140,2.0213,6,
0.1128,0.0030,4.3271,4,
0.2250,0.0512,10.1863,9,
0.2103,0.0130,2.4228,7,
0.1383,0.0024,3.8913,5,
0.8502,0.0042,0.4265,22,
0.0803,0.0556,27.0848,5,
0.0780,0.0003,3.4811,4,
0.0221,0.0032,101.3328,8,
0.0786,0.0036,11.9722,8,
0.1560,0.0124,21.5545,15,
0.0881,0.0080,8.6781,4,
0.4168,0.0058,0.3098,11,
0.0918,0.0007,0.8176,4,
0.0163,0.0033,112.4395,4,
0.2184,0.0655,12.6994,9,
0.2064,0.0007,0.1616,7,
0.1812,0.0028,1.2313,6,
0.8594,0.0051,0.5591,22,
0.0756,0.0261,29.7257,5,
0.0790,0.0019,4.2126,5,
0.0200,0.0031,109.3810,9,
0.0756,0.0049,7.2500,8,
0.1545,0.0164,11.6122,15,
0.1487,0.0030,1.1255,4,
0.3785,0.0043,0.2768,10,
0.1198,0.0123,17.2879,5,
0.1164,0.0120,7.9723,5,
0.2391,0.0490,9.7325,9,
0.2495,0.0149,1.8911,8,
0.1671,0.0019,4.4716,6,
0.8632,0.0087,1.5752,22,
0.0712,0.0360,31.2758,5,
0.0798,0.0053,12.1994,4,
0.0193,0.0031,105.6894,9,
0.0743,0.0020,11.5796,8,
0.1452,0.0114,16.0826,15,
0.3823,0.0010,0.2450,10,
0.1068,0.0463,18.6571,5,
0.1281,0.0045,2.4029,5,
0.2362,0.0725,11.9985,9,
0.2602,0.0140,1.7433,8,
0.1690,0.0029,1.8826,6,
0.8641,0.0040,0.3180,22,
0.0751,0.0128,19.1513,4,
0.0952,0.0067,6.7784,4,
0.0202,0.0038,98.3352,9,
0.0628,0.0034,6.6618,7,
0.1425,0.0114,23.6876,15,
0.1994,0.0021,0.4096,5,
0.3805,0.0053,0.4073,10,
0.2092,0.0168,2.8539,6,
0.1148,0.0453,17.8934,5,
0.2278,0.0485,12.8728,9,
0.2213,0.0124,2.0767,7,
0.1676,0.0017,0.4538,6,
0.8797,0.0108,0.1205,22,
0.0622,0.0319,36.6061,5,
0.0656,0.0017,3.4815,4,
0.0252,0.0036,57.5277,9,
0.0758,0.0027,12.4468,8,
0.1483,0.0111,23.2825,15,
0.1489,0.0014,0.5803,4,
0.3779,0.0048,0.3193,10,
0.0924,0.0015,1.4054,4,
0.1036,0.0481,19.2115,6,
0.2563,0.0501,10.5441,10,
0.2182,0.0033,0.6195,7,
0.1346,0.0009,0.3800,5,
0.8710,0.0121,0.1354,22,
0.0912,0.0504,24.4278,5,
0.0220,0.0036,103.3468,9,
0.0623,0.0044,8.3059,7,
0.1609,0.0205,10.0505,15,
0.4027,0.0074,1.8286,11,
0.1330,0.0089,4.2619,5,
0.2172,0.0501,12.8676,9,
0.2544,0.0104,1.4242,8,
0.1715,0.0068,1.9079,6,
0.8668,0.0075,0.3455,22,
0.0782,0.0444,30.2038,5,
0.0172,0.0045,133.2769,10,
0.0763,0.0049,12.3253,8,
0.1511,0.0135,20.0693,15,
0.2035,0.0035,0.7021,5,
0.4210,0.0024,0.3084,11,
0.1532,0.0730,13.2278,6,
0.1106,0.0482,18.6083,6,
0.2505,0.0525,11.3192,10,
0.2125,0.0032,0.6345,7,
0.1356,0.0028,3.3644,5,
0.8758,0.0078,0.0718,22,
0.0513,0.0400,37.0397,4,
0.0619,0.0012,2.6620,4,
0.0197,0.0041,102.5965,10,
0.0761,0.0041,5.2067,8,
0.1406,0.0094,22.3005,14,
0.1517,0.0015,0.5382,4,
0.3555,0.0028,0.2137,10,
0.1114,0.0139,8.8168,5,
0.1005,0.0042,19.7167,4,
0.2514,0.0464,9.7940,10,
0.2228,0.0029,0.5556,7,
0.1767,0.0029,1.4124,6,
0.8550,0.0045,0.1848,22,
0.0532,0.0342,39.0339,4,
0.0590,0.0038,8.5369,4,
0.0210,0.0063,106.7827,10,
0.0738,0.0042,6.3097,8,
0.1491,0.0160,21.7291,15,
0.1509,0.0003,1.2444,4,
0.3706,0.0041,0.4413,10,
0.1520,0.0561,15.6379,7,
0.2148,0.0232,3.6100,6,
0.2475,0.0421,11.5545,9,
0.2524,0.0141,1.7520,8,
0.1674,0.0043,1.2879,6,
0.8660,0.0054,0.1292,22,
0.0969,0.0249,25.7283,5,
0.0397,0.0035,22.0989,4,
0.0206,0.0033,92.5913,9,
0.0745,0.0047,6.8043,8,
0.2622,0.0119,2.7818,18,
0.1998,0.0030,0.6730,5,
0.3806,0.0046,0.2474,10,
0.1233,0.0049,2.8632,5,
0.0503,0.0010,21.6015,4,
0.2310,0.0329,10.4308,9,
0.2580,0.0156,2.0810,8,
0.1677,0.0025,3.6063,6,
0.8655,0.0068,3.5318,22,
0.0865,0.0353,25.6462,5,
0.0191,0.0039,115.1402,10,
0.0627,0.0049,9.0388,7,
0.1455,0.0110,23.2293,15,
0.2516,0.0020,0.8217,6,
0.3749,0.0041,0.4350,10,
0.0969,0.0030,2.5844,4,
0.1153,0.0520,17.6376,6,
0.2580,0.0650,10.6290,10,
0.2180,0.0033,0.6570,7,
0.1369,0.0024,1.0013,5,
0.8705,0.0091,0.1762,22,
0.0655,0.0264,31.8907,4,
0.0200,0.0036,119.2015,10,
0.0631,0.0044,8.1460,7,
0.1579,0.0152,12.2518,15,
0.3871,0.0128,0.9011,10,
0.0970,0.0423,21.9839,6,
0.0947,0.0003,0.6550,4,
0.2516,0.0666,10.6712,10,
0.2547,0.0015,0.1847,8,
0.1374,0.0038,1.6156,5,
0.8630,0.0098,0.1342,22,
0.0703,0.0250,28.5161,4,
0.0219,0.0036,89.3877,9,
0.0749,0.0047,6.3966,8,
0.1567,0.0146,14.0363,16,
0.3649,0.0022,0.3549,10,
0.1847,0.0138,3.3532,5,
0.0546,0.0077,31.9317,4,
0.2465,0.0670,11.1759,10,
0.2642,0.0048,0.5738,8,
0.1681,0.0088,2.4104,6,
0.8621,0.0118,0.2239,22,
0.1057,0.0212,19.4961,5,
0.0191,0.0038,109.9055,10,
0.0621,0.0029,6.1202,7,
0.1517,0.0125,11.6088,15,
0.3786,0.0038,8.0459,10,
0.0954,0.0024,2.2381,4,
0.1208,0.0024,2.2181,5,
0.2511,0.0699,11.0856,10,
0.2108,0.0023,0.4546,7,
0.1693,0.0005,0.2241,6,
0.8635,0.0024,0.1703,22,
0.0750,0.0150,18.6366,4,
0.0211,0.0031,96.3050,8,
0.0760,0.0021,25.7504,8,
0.1516,0.0149,21.4526,15,
0.1524,0.0021,1.8503,4,
0.3405,0.0018,0.9773,9,
0.1068,0.0464,18.6784,7,
0.0959,0.0018,1.6187,4,
0.2460,0.0697,11.4543,10,
0.2365,0.0019,0.2602,7,
0.1373,0.0024,12.9832,5,
0.8616,0.0065,1.0008,22,
0.1079,0.0142,11.8326,5,
0.0219,0.0037,74.9858,8,
0.0739,0.0051,6.9479,8,
0.2789,0.0144,4.1818,19,
0.3668,0.0031,0.2409,10,
0.0946,0.0002,0.6079,4,
0.0541,0.0062,38.0138,4,
0.2708,0.0813,10.5926,10,
0.2565,0.0124,1.4987,8,
0.1682,0.0033,0.8960,6,
0.8773,0.0038,3.5194,22,
0.0762,0.0133,16.0603,4,
0.0196,0.0020,101.6266,9,
0.0726,0.0041,5.7995,8,
0.2425,0.0129,3.2712,17,
0.3720,0.0033,0.3080,10,
0.1876,0.0104,2.3255,5,
0.0535,0.0125,38.3198,5,
0.2556,0.0382,11.0037,10,
0.2544,0.0121,1.4850,8,
0.1352,0.0024,2.6463,5,
0.8801,0.0122,0.1256,22,
0.0789,0.0127,27.3708,4,
0.0195,0.0039,122.8163,9,
0.0608,0.0046,8.9599,7,
0.2775,0.0187,8.7587,19,
0.3822,0.0021,0.3556,10,
0.1930,0.0192,3.8455,5,
0.0497,0.0076,40.7902,4,
0.2487,0.0752,11.2731,10,
0.2412,0.0086,1.2598,8,
0.1683,0.0039,1.0762,6,
0.8837,0.0049,0.1043,22,
0.1048,0.0114,12.5117,5,
0.0220,0.0029,90.6097,8,
0.0620,0.0049,9.2599,7,
0.2517,0.0105,4.9692,17,
0.3643,0.0055,0.5346,10,
0.1019,0.0084,7.9606,4,
0.1078,0.0462,19.2462,5,
0.2454,0.0845,11.1862,10,
0.2642,0.0012,0.1985,8,
0.1684,0.0069,1.8502,6,
0.8494,0.0092,1.4151,22,
0.0821,0.0175,18.6644,4,
0.0190,0.0033,121.1807,10,
0.0616,0.0033,6.8074,7,
0.2704,0.0115,3.1611,19,
0.1969,0.0012,0.4816,5,
0.3419,0.0028,0.2112,9,
0.1085,0.0494,20.2202,6,
0.1462,0.0668,15.1260,5,
0.2437,0.0505,10.6072,10,
0.2071,0.0010,0.2241,7,
0.1345,0.0018,0.8910,5,
0.8643,0.0120,0.1164,22,
0.0761,0.0130,20.9223,4,
0.0184,0.0037,107.2671,10,
0.0644,0.0031,5.2945,7,
0.1706,0.0160,18.9259,16,
0.1524,0.0029,1.0320,4,
0.3792,0.0049,0.3588,10,
0.0938,0.0002,0.8058,4,
0.0512,0.0169,39.3505,4,
0.2477,0.0546,11.0079,10,
0.2413,0.0023,0.3195,8,
0.1679,0.0012,0.3168,6,
0.8724,0.0133,0.1683,22,
0.0790,0.0122,14.2584,4,
0.0220,0.0031,100.7234,8,
0.0749,0.0053,6.9272,8,
0.1553,0.0127,21.7311,15,
0.3172,0.0020,0.3653,9,
0.1362,0.0575,14.6252,5,
0.2431,0.0563,11.1839,10,
0.2168,0.0014,0.2527,7,
0.1846,0.0028,1.3297,6,
0.8642,0.0085,0.3488,22,
0.0788,0.0133,29.7229,4,
0.0192,0.0046,108.2440,10,
0.0634,0.0030,6.7549,7,
0.1449,0.0126,17.6810,15,
0.1510,0.0011,1.0839,4,
0.3676,0.0051,0.6474,10,
0.2043,0.0163,3.1509,5,
0.1227,0.0456,17.6996,5,
0.2713,0.0520,10.7137,10,
0.2498,0.0071,0.9395,8,
0.1371,0.0026,2.2826,5,
0.8928,0.0072,0.1310,22,
0.0790,0.0169,18.6819,4,
0.0201,0.0033,113.2980,9,
0.0742,0.0064,8.6027,8,
0.1474,0.0101,22.7226,15,
0.0646,0.0161,25.2451,6,
0.3642,0.0029,0.4229,10,
0.1858,0.0168,3.9996,5,
0.0528,0.0005,11.9215,5,
0.2633,0.0537,10.8602,10,
0.2502,0.0136,1.7396,8,
0.1335,0.0038,1.8166,5,
0.8781,0.0073,0.0941,22,
0.0789,0.0182,20.6620,4,
0.0201,0.0044,98.6857,9,
0.0740,0.0039,5.6968,8,
0.1591,0.0133,14.4466,16,
0.0705,0.0107,15.5081,6,
0.1510,0.0014,0.5800,4,
0.3852,0.0030,1.3035,10,
0.1500,0.0418,16.1159,8,
0.1830,0.0164,3.6010,5,
0.2538,0.0548,11.1331,10,
0.2513,0.0117,1.4779,8,
0.1334,0.0036,1.6913,5,
0.8764,0.0076,0.0991,22,
0.0782,0.0212,23.2933,4,
0.0196,0.0024,103.7155,9,
0.0746,0.0038,6.6590,8,
0.1562,0.0110,9.6870,16,
0.0883,0.0133,12.0615,7,
0.1992,0.0008,0.2025,5,
0.3815,0.0048,0.3075,10,
0.1028,0.0467,20.7679,5,
0.1121,0.0145,9.1875,5,
0.2553,0.0450,10.3458,10,
0.2475,0.0114,1.5703,8,
0.1345,0.0018,0.8056,5,
0.8633,0.0057,0.0909,22,
0.0737,0.0146,18.7033,4,
0.0186,0.0044,129.7574,10,
0.0755,0.0028,19.3709,8,
0.1524,0.0111,20.9689,15,
0.0754,0.0223,23.6408,6,
0.1497,0.0000,0.0107,4,
0.3885,0.0025,0.2313,10,
0.1888,0.0136,3.0421,5,
0.2480,0.0398,8.4446,10,
0.2391,0.0135,1.8979,8,
0.1361,0.0004,0.3101,5,
0.8793,0.0106,0.1100,22,
0.0772,0.0210,26.9971,4,
0.0195,0.0038,100.7888,10,
0.0646,0.0043,7.5363,7,
0.1511,0.0100,15.3124,15,
0.0783,0.0106,12.6974,6,
0.1510,0.0009,0.3747,4,
0.3362,0.0052,0.3637,9,
0.0891,0.0038,4.1266,4,
0.2426,0.0299,8.7154,10,
0.2513,0.0160,2.2287,8,
0.1704,0.0023,0.7002,6,
0.8794,0.0073,0.0728,22,
0.0772,0.0209,24.2588,4,
0.0191,0.0033,113.7148,9,
0.0780,0.0044,15.6162,8,
0.1694,0.0134,18.4855,16,
0.0723,0.0148,19.4308,6,
0.2011,0.0019,0.4682,5,
0.3360,0.0011,0.6928,9,
0.0949,0.0009,0.8291,4,
0.0508,0.0079,40.1654,4,
0.2495,0.0614,10.6499,10,
0.2509,0.0015,0.2094,8,
0.1365,0.0049,2.0039,5,
0.8601,0.0056,0.9247,22,
0.0789,0.0133,17.3459,4,
0.0172,0.0038,124.1622,10,
0.0647,0.0044,8.6104,7,
0.1514,0.0113,10.8183,15,
0.1233,0.0343,20.8587,9,
0.2039,0.0025,12.9558,5,
0.3579,0.0040,0.5840,10,
0.1417,0.0248,8.9313,5,
0.1097,0.0450,19.6723,5,
0.2511,0.0770,11.0518,10,
0.2499,0.0061,0.7601,8,
0.1748,0.0027,4.9034,6,
0.8760,0.0052,2.8162,22,
0.0766,0.0256,26.0276,4,
0.0203,0.0039,92.9787,9,
0.0762,0.0015,7.5325,8,
0.2557,0.0083,4.6337,18,
0.1069,0.0466,26.0573,9,
0.3599,0.0020,0.1663,10,
0.1912,0.0125,2.6863,5,
0.1234,0.0489,17.9675,5,
0.2476,0.0394,11.2042,10,
0.2773,0.0131,1.4967,8,
0.1337,0.0032,1.8992,5,
0.8796,0.0042,0.0766,22,
0.0690,0.0236,29.9896,4,
0.0403,0.0008,64.3018,4,
0.0197,0.0043,111.3096,9,
0.0801,0.0068,8.8555,8,
0.2734,0.0100,3.5602,19,
0.1081,0.0477,25.9991,9,
0.1519,0.0009,9.1181,4,
0.3368,0.0020,0.5584,9,
0.1076,0.0495,19.5907,6,
0.0954,0.0009,0.8117,4,
0.2614,0.0739,10.4964,10,
0.2509,0.0027,0.3686,8,
0.1673,0.0042,1.3733,6,
0.8677,0.0072,0.0944,22,
0.0767,0.0359,26.9645,4,
0.0201,0.0037,118.2617,9,
0.0797,0.0049,14.2331,8,
0.1593,0.0093,16.5274,16,
0.1344,0.0631,18.6064,9,
0.1497,0.0016,0.5684,4,
0.4210,0.0052,0.2531,11,
0.1807,0.0143,3.3662,5,
0.2573,0.0393,8.3732,10,
0.2609,0.0146,1.7098,8,
0.1702,0.0005,0.1960,6,
0.8886,0.0036,0.1520,22,
0.0604,0.0310,35.3167,4,
0.0196,0.0028,107.8503,9,
0.0788,0.0029,36.5564,8,
0.1582,0.0112,10.6321,16,
0.1302,0.0648,19.8055,9,
0.3775,0.0025,0.5698,10,
0.1505,0.0697,13.6000,6,
0.1126,0.0504,18.7140,6,
0.2523,0.0803,10.4769,10,
0.2180,0.0037,0.6335,7,
0.1361,0.0028,3.3921,5,
0.8738,0.0144,0.1771,22,
0.0728,0.0259,27.7005,4,
0.0192,0.0031,113.6694,9,
0.0817,0.0047,8.0111,8,
0.1562,0.0135,7.5029,16,
0.1658,0.0601,14.6841,10,
0.2008,0.0015,0.4603,5,
0.3330,0.0054,0.5044,9,
0.1105,0.0193,11.5873,5,
0.2488,0.0736,11.6289,10,
0.2153,0.0032,0.5909,7,
0.2046,0.0035,0.8586,7,
0.8518,0.0068,0.2519,22,
0.0692,0.0324,29.8645,4,
0.0195,0.0045,114.8065,9,
0.0828,0.0045,5.5084,8,
0.1577,0.0134,6.8835,16,
0.1557,0.0691,16.0070,9,
0.1477,0.0010,0.3797,4,
0.3434,0.0016,0.7705,9,
0.1105,0.0457,18.1617,6,
0.1189,0.0788,17.5459,5,
0.2462,0.0550,10.6650,10,
0.2098,0.0026,0.5234,7,
0.1345,0.0028,1.1680,5,
0.8590,0.0089,0.5847,22,
0.0686,0.0352,30.0009,4,
0.0210,0.0033,101.6477,9,
0.0663,0.0022,4.8830,7,
0.2532,0.0091,4.8606,17,
0.1321,0.0544,17.2286,8,
0.2027,0.0029,0.9177,5,
0.3797,0.0024,2.5627,10,
0.1009,0.0432,19.8811,5,
0.0919,0.0010,0.9619,4,
0.2480,0.0779,11.1707,10,
0.2433,0.0086,1.2534,8,
0.1673,0.0077,2.3071,6,
0.8730,0.0040,0.0701,22,
0.0943,0.0198,16.2129,5,
0.0214,0.0042,95.1575,9,
0.0797,0.0039,23.4945,8,
0.1810,0.0198,15.2361,16,
0.1211,0.0477,19.6769,8,
0.1528,0.0029,1.0289,4,
0.3581,0.0058,0.6450,10,
0.1211,0.0022,1.2038,5,
0.2178,0.0850,12.1110,9,
0.2828,0.0115,1.3265,8,
0.1682,0.0042,1.3070,6,
0.8806,0.0053,0.0652,22,
0.0874,0.0461,25.7318,5,
0.0197,0.0044,116.4138,9,
0.0824,0.0040,34.4448,8,
0.1592,0.0118,15.2072,16,
0.1249,0.0427,18.0483,9,
0.1511,0.0027,1.1990,4,
0.3640,0.0033,0.2480,10,
0.1209,0.0049,2.6984,5,
0.1119,0.0480,18.2181,5,
0.2364,0.0557,12.0476,9,
0.2474,0.0149,2.0018,8,
0.1331,0.0038,1.6999,5,
0.8665,0.0046,0.1768,22,
0.1067,0.0368,24.2634,5,
0.0202,0.0044,98.4860,8,
0.0869,0.0074,7.5452,8,
0.2734,0.0086,3.9152,19,
0.1100,0.0410,21.0362,9,
0.3424,0.0023,0.1734,9,
0.1078,0.0429,19.4280,6,
0.1173,0.0030,1.9255,5,
0.2328,0.0461,10.5572,9,
0.2581,0.0147,1.9271,8,
0.1338,0.0038,1.8188,5,
0.8795,0.0084,0.1075,22,
0.1043,0.0378,24.9105,5,
0.0229,0.0026,77.3418,8,
0.0874,0.0039,9.7793,7,
0.1649,0.0122,10.5048,16,
0.1252,0.0618,21.3341,10,
0.1505,0.0005,0.1778,4,
0.4271,0.0087,0.4070,11,
0.1112,0.0139,9.4860,5,
0.1166,0.0482,18.5453,5,
0.2586,0.0664,10.7434,10,
0.2183,0.0007,1.6001,7,
0.1345,0.0004,0.3220,5,
0.8722,0.0091,0.1131,22,
0.0686,0.0342,30.5302,4,
0.0196,0.0047,111.3913,9,
0.0888,0.0034,24.6193,6,
0.1519,0.0123,8.0083,15,
0.1479,0.0587,15.8254,11,
0.3774,0.0062,1.0852,10,
0.0962,0.0021,1.8584,4,
0.1066,0.0475,19.2060,6,
0.2511,0.0651,10.4646,10,
0.2182,0.0028,0.5058,7,
0.1360,0.0053,2.3241,5,
0.8598,0.0105,1.2211,22,
0.0523,0.0319,40.9880,4,
0.0201,0.0036,91.6887,9,
0.0743,0.0037,11.4299,6,
0.1725,0.0115,17.3935,16,
0.1788,0.0617,13.6174,12,
0.3702,0.0033,1.6553,10,
0.1255,0.0024,1.4864,5,
0.0502,0.0133,39.7826,4,
0.2185,0.0446,12.8143,9,
0.2540,0.0128,1.5789,8,
0.1693,0.0029,1.0963,6,
0.8732,0.0087,0.1067,22,
0.0939,0.0378,25.9694,5,
0.0211,0.0041,87.8727,8,
0.0663,0.0036,15.5760,7,
0.2833,0.0086,4.4426,19,
0.2036,0.0524,10.3268,13,
0.3885,0.0050,6.9172,10,
0.0996,0.0454,19.8438,6,
0.2114,0.0270,4.4087,6,
0.2204,0.1037,11.7388,9,
0.2407,0.0124,1.8297,8,
0.1323,0.0039,1.9540,5,
0.8739,0.0054,0.0755,22,
0.0511,0.0256,43.8995,4,
0.0214,0.0022,92.9653,9,
0.2737,0.0165,9.1180,17,
0.2027,0.0633,10.6359,13,
0.2017,0.0017,0.8631,5,
0.3725,0.0047,0.3161,10,
0.1507,0.0721,13.9390,6,
0.0505,0.0065,41.3594,4,
0.2518,0.0608,11.2558,10,
0.2061,0.0025,0.5584,7,
0.1430,0.0015,0.5543,5,
0.8603,0.0041,0.2099,22,
0.1019,0.0386,24.0375,5,
0.0205,0.0033,111.6180,9,
0.2650,0.0124,3.4300,19,
0.2437,0.0653,8.4793,15,
0.1493,0.0011,0.9791,4,
0.3644,0.0028,0.5686,10,
0.2130,0.0203,3.7068,6,
0.1059,0.0442,19.1819,5,
0.2493,0.0623,11.2466,9,
0.2505,0.0114,1.4670,8,
0.1678,0.0034,1.5281,6,
0.8827,0.0039,0.0996,22,
0.0970,0.0337,21.7021,5,
0.0408,0.0044,22.3685,4,
0.0211,0.0033,109.6288,8,
0.2494,0.0071,4.6411,17,
0.2610,0.0696,8.1444,16,
0.3676,0.0022,0.9920,10,
0.1056,0.0469,19.5527,5,
0.2167,0.0240,3.9819,6,
0.2394,0.0565,11.9569,9,
0.2618,0.0146,1.7008,8,
0.1700,0.0040,1.3469,6,
0.8882,0.0112,0.1142,22,
0.0543,0.0321,39.0505,4,
0.0210,0.0029,104.8116,8,
0.2757,0.0147,7.7884,21,
0.2670,0.0679,7.7029,16,
0.1499,0.0003,4.3635,4,
0.3754,0.0022,0.3088,10,
0.2155,0.0188,3.1835,6,
0.1110,0.0440,19.1463,5,
0.2255,0.0899,12.2300,9,
0.2535,0.0146,1.9151,8,
0.1674,0.0023,1.2803,6,
0.8868,0.0100,0.1024,22,
0.0524,0.0183,40.5608,4,
0.0210,0.0029,101.6623,8,
0.2732,0.0120,4.8373,20,
0.3008,0.0626,7.0949,17,
0.1499,0.0006,0.4644,4,
0.3837,0.0052,0.3691,10,
0.2116,0.0151,2.6961,6,
0.0486,0.0089,41.5668,4,
0.2176,0.0777,12.6035,9,
0.2540,0.0093,1.1700,8,
0.1712,0.0047,1.3529,6,
0.9113,0.0117,0.2226,23,
0.0670,0.0194,29.4264,4,
0.0191,0.0044,116.3369,10,
0.2705,0.0076,2.0885,21,
0.2920,0.0611,7.5564,17,
0.3686,0.0033,0.7290,10,
0.2128,0.0141,2.3694,6,
0.0500,0.0054,35.7530,4,
0.2240,0.0703,12.2642,9,
0.2575,0.0144,1.7544,8,
0.1357,0.0048,2.2483,5,
0.8476,0.0044,0.3429,22,
0.0919,0.0171,14.7718,5,
0.0229,0.0031,92.0159,8,
0.2710,0.0085,1.7337,21,
0.2903,0.0610,9.0264,17,
0.3665,0.0025,0.2883,10,
0.2136,0.0130,2.3288,6,
0.1080,0.0029,4.9383,4,
0.2250,0.0565,12.2607,9,
0.2428,0.0159,2.2049,8,
0.1730,0.0030,2.5458,6,
0.8774,0.0078,0.0881,22,
0.0755,0.0140,19.6104,4,
0.0220,0.0058,97.4274,9,
0.2714,0.0081,2.4265,21,
0.3013,0.0511,8.6630,17,
0.4080,0.0057,1.1814,11,
0.2113,0.0163,4.4391,6,
0.1131,0.0459,17.6944,5,
0.2290,0.0623,11.3699,9,
0.2680,0.0141,1.6230,8,
0.1371,0.0015,0.7070,5,
0.8641,0.0073,0.1490,22,
0.0988,0.0155,12.7858,5,
0.0211,0.0034,82.2788,9,
0.2558,0.0052,2.0983,20,
0.2730,0.0824,9.8666,16,
0.2035,0.0027,1.6241,5,
0.3712,0.0063,0.5337,10,
0.1290,0.0471,18.9933,7,
0.1163,0.0055,3.5908,5,
0.2313,0.0781,12.3461,9,
0.2543,0.0021,0.2769,8,
0.1350,0.0028,1.2368,5,
0.8682,0.0037,0.2423,22,
0.1100,0.0130,9.6361,5,
0.0210,0.0029,97.5760,8,
0.2716,0.0081,2.2192,21,
0.3043,0.0558,8.8513,17,
0.3700,0.0019,0.5843,10,
0.2122,0.0245,4.2523,6,
0.0494,0.0007,11.2243,4,
0.2291,0.0707,12.0485,9,
0.2543,0.0092,1.2200,8,
0.1676,0.0033,6.4497,6,
0.8801,0.0083,0.0827,22,
0.0616,0.0195,30.0468,4,
0.0226,0.0045,106.2218,8,
0.2620,0.0063,2.0494,21,
0.3149,0.0616,8.0968,17,
0.2510,0.0025,1.9943,6,
0.3817,0.0027,0.1732,10,
0.1163,0.0108,6.5355,5,
0.1138,0.0448,18.1770,6,
0.2214,0.0938,12.3174,9,
0.2518,0.0028,1.0429,8,
0.1342,0.0026,4.6810,5,
0.8706,0.0124,0.1401,22,
0.0709,0.0206,25.6925,4,
0.0381,0.0011,8.2098,4,
0.0195,0.0045,112.1825,9,
0.2580,0.0104,2.0419,20,
0.2998,0.0699,9.2619,17,
0.2008,0.0028,0.6496,5,
0.3317,0.0045,0.3875,9,
0.1363,0.0436,18.0910,8,
0.1112,0.0125,8.6520,5,
0.2161,0.0684,13.5196,9,
0.2183,0.0010,0.2673,7,
0.1365,0.0009,0.3795,5,
0.8446,0.0042,0.0662,22,
0.0780,0.0098,14.2099,4,
0.0180,0.0033,121.7047,9,
0.2697,0.0119,2.9271,20,
0.2799,0.0522,9.7832,16,
0.3685,0.0023,0.1450,10,
0.2200,0.0292,4.4280,6,
0.0146,0.0042,162.6529,4,
0.1870,0.0700,14.6542,8,
0.2534,0.0114,1.4180,8,
0.1333,0.0048,2.0969,5,
0.8766,0.0077,0.0796,22,
0.0697,0.0177,24.4614,4,
0.0206,0.0026,99.7903,9,
0.2684,0.0074,2.0613,21,
0.2852,0.0616,9.4331,16,
0.2022,0.0017,0.4399,5,
0.3624,0.0029,0.3101,10,
0.2017,0.0226,4.4173,6,
0.0117,0.0023,131.8142,4,
0.1900,0.0825,13.6844,8,
0.2418,0.0095,1.3410,8,
0.1779,0.0024,1.2394,6,
0.8741,0.0141,0.2184,22,
0.0695,0.0228,27.9008,4,
0.0215,0.0025,82.6238,8,
0.2697,0.0148,3.2538,21,
0.2973,0.0755,9.2574,17,
0.4154,0.0076,0.4014,11,
0.2340,0.0274,3.6607,7,
0.0492,0.0112,42.2187,5,
0.1914,0.0692,14.4484,8,
0.2680,0.0146,1.7902,8,
0.1366,0.0025,1.0178,5,
0.8698,0.0070,0.2598,22,
0.1135,0.0116,11.8584,5,
0.0383,0.0025,15.7635,4,
0.0214,0.0033,81.2059,9,
0.2662,0.0111,5.2437,21,
0.3005,0.0670,8.4328,17,
0.2020,0.0031,1.5305,5,
0.3627,0.0044,0.4683,10,
0.2273,0.0311,4.8316,7,
0.0529,0.0055,38.4081,4,
0.2075,0.0658,13.5578,8,
0.3004,0.0148,1.4794,9,
0.1348,0.0014,0.6659,5,
0.8672,0.0081,0.2868,22,
0.0801,0.0125,18.5142,4,
0.0201,0.0037,119.7256,9,
0.2689,0.0094,2.4896,21,
0.2674,0.0618,7.7474,16,
0.2523,0.0038,1.1698,6,
0.3861,0.0040,0.2472,10,
0.1166,0.0443,18.5835,6,
0.2490,0.0432,5.1173,7,
0.1938,0.0643,14.3580,8,
0.2545,0.0142,1.7626,8,
0.1359,0.0009,0.3779,5,
0.8812,0.0119,0.1088,22,
0.0983,0.0144,12.7290,5,
0.0191,0.0030,114.4321,9,
0.2574,0.0079,2.1347,20,
0.2325,0.0738,9.5492,15,
0.2065,0.0036,1.0454,5,
0.3668,0.0063,0.4750,10,
0.0962,0.0405,20.7261,5,
0.2434,0.0283,3.5862,7,
0.1613,0.0978,14.5623,7,
0.2606,0.0103,1.3167,8,
0.1348,0.0043,1.7923,5,
0.8804,0.0079,0.0950,22,
0.0654,0.0162,25.0674,4,
0.0210,0.0038,112.2342,9,
0.2631,0.0168,1.8597,21,
0.2216,0.0627,10.3673,15,
0.3675,0.0013,0.2810,10,
0.2406,0.0298,4.0477,7,
0.0488,0.0066,34.1203,4,
0.1605,0.0548,16.0637,7,
0.2542,0.0158,1.9531,8,
0.1669,0.0051,2.3129,6,
0.8707,0.0057,0.0652,22,
0.0202,0.0034,112.9000,9,
0.2721,0.0085,2.0442,21,
0.1620,0.0582,15.5217,13,
0.1492,0.0011,0.3836,4,
0.3717,0.0024,0.1983,10,
0.1391,0.0074,7.8299,6,
0.0493,0.0017,38.5157,5,
0.1628,0.0289,15.3969,7,
0.2818,0.0176,1.8689,9,
0.1382,0.0006,0.4639,5,
0.8785,0.0047,0.0515,22,
0.0238,0.0036,95.7045,9,
0.2654,0.0121,3.1214,21,
0.1617,0.0470,19.6550,13,
0.1487,0.0011,1.0674,4,
0.3739,0.0019,2.1988,10,
0.1754,0.0715,11.9601,7,
0.1147,0.0478,19.3057,6,
0.1899,0.0638,14.5070,8,
0.2690,0.0021,0.3305,8,
0.1346,0.0031,1.2894,5,
0.8713,0.0152,1.2582,22,
0.0229,0.0042,83.0566,8,
0.2627,0.0067,2.8690,20,
0.1074,0.0408,26.3415,11,
0.1493,0.0014,1.9600,4,
0.3774,0.0035,0.2266,10,
0.1212,0.0416,19.2884,7,
0.1398,0.0091,20.0538,6,
0.1738,0.0973,14.3479,7,
0.2182,0.0023,0.4203,7,
0.1350,0.0033,1.3972,5,
0.8677,0.0101,0.1441,22,
0.0659,0.0029,19.2361,4,
0.0210,0.0033,106.7843,9,
0.2662,0.0066,1.7972,20,
0.0980,0.0187,15.4014,9,
0.3387,0.0016,0.3461,9,
0.1086,0.0405,19.8030,7,
0.1418,0.0227,8.6731,6,
0.1704,0.1115,14.0049,7,
0.2537,0.0126,1.6511,8,
0.1691,0.0132,3.5931,6,
0.8766,0.0211,0.2422,22,
0.0678,0.0104,16.2982,4,
0.0191,0.0030,107.5047,9,
0.2810,0.0176,12.3261,21,
0.0744,0.0213,23.7302,8,
0.1508,0.0018,0.6464,4,
0.3824,0.0016,0.2860,10,
0.2277,0.0325,4.8098,7,
0.1173,0.0399,18.0384,8,
0.1218,0.0185,9.0845,4,
0.2546,0.0132,1.6361,8,
0.1356,0.0023,1.0124,5,
0.8772,0.0069,0.0796,22,
0.0958,0.0135,15.2881,5,
0.0191,0.0030,112.6516,9,
0.2709,0.0083,1.9563,21,
0.0862,0.0234,20.3183,9,
0.2023,0.0022,1.1829,5,
0.3664,0.0106,0.6748,10,
0.2129,0.0289,5.5135,7,
0.1142,0.0402,18.2740,6,
0.1613,0.1001,14.8413,7,
0.2671,0.0087,1.0075,8,
0.1689,0.0063,1.7026,6,
0.8086,0.0066,0.1257,21,
0.0638,0.0134,23.6150,4,
0.0214,0.0029,79.6167,8,
0.2672,0.0100,3.3653,20,
0.0778,0.0159,18.4084,8,
0.3804,0.0023,0.2431,10,
0.2306,0.0367,5.3044,7,
0.1173,0.0111,9.0222,6,
0.1628,0.0987,14.3164,7,
0.2436,0.0094,1.3621,8,
0.1341,0.0021,6.5807,5,
0.8832,0.0076,0.0786,22,
0.0748,0.0066,31.4191,4,
0.0228,0.0028,69.1366,9,
0.2642,0.0102,1.8015,20,
0.0754,0.0278,25.6061,8,
0.1557,0.0038,1.2878,4,
0.3559,0.0051,0.3888,10,
0.1058,0.0450,19.5750,6,
0.1478,0.0187,6.7195,6,
0.1620,0.0915,15.1667,7,
0.2527,0.0099,1.2800,8,
0.1656,0.0033,2.8187,6,
0.8751,0.0054,0.0625,22,
0.0252,0.0026,79.3171,8,
0.2725,0.0081,2.1409,21,
0.0791,0.0174,18.2860,8,
0.3758,0.0033,0.5024,10,
0.2362,0.0275,3.8052,7,
0.0185,0.0071,125.4760,5,
0.1373,0.0492,17.2196,6,
0.2405,0.0128,1.8051,8,
0.1414,0.0004,0.1703,5,
0.8826,0.0100,0.1150,22,
0.0747,0.0277,26.1369,5,
0.0573,0.0052,12.2977,4,
0.0238,0.0043,73.0145,8,
0.2623,0.0082,1.7985,20,
0.0784,0.0270,24.2448,8,
0.1513,0.0013,0.4747,4,
0.3580,0.0029,1.0067,10,
0.1410,0.0177,6.5763,6,
0.0477,0.0064,43.7981,5,
0.1798,0.1059,13.8543,7,
0.2560,0.0020,0.2795,8,
0.1681,0.0019,0.5405,6,
0.8689,0.0087,0.1368,22,
0.0762,0.0110,19.7083,4,
0.0244,0.0048,75.8021,9,
0.2632,0.0065,2.3940,19,
0.1263,0.0453,19.1044,10,
0.1503,0.0013,0.4784,4,
0.3785,0.0021,0.2041,10,
0.1420,0.0099,3.8697,6,
0.1098,0.0454,19.1309,6,
0.1709,0.0300,14.9332,7,
0.2608,0.0099,1.2726,8,
0.1719,0.0041,1.0966,6,
0.8792,0.0095,0.0980,22,
0.0824,0.0179,17.4154,5,
0.0590,0.0039,9.3188,4,
0.0201,0.0033,111.3147,9,
0.2861,0.0097,2.7485,20,
0.1713,0.0653,15.2688,12,
0.2498,0.0018,0.7410,6,
0.4217,0.0011,0.1834,11,
0.1367,0.0208,13.1244,6,
0.1194,0.0425,18.2864,8,
0.1397,0.0673,17.6793,6,
0.2582,0.0141,1.7001,8,
0.1346,0.0006,9.9842,5,
0.8773,0.0073,0.0756,22,
0.0664,0.0179,27.0035,4,
0.0229,0.0032,94.4786,8,
0.2589,0.0075,2.3518,19,
0.2076,0.0649,11.5998,15,
0.2031,0.0026,11.1021,5,
0.3858,0.0022,7.4376,10,
0.1211,0.0404,18.2419,8,
0.1185,0.0054,3.0985,5,
0.1631,0.0895,14.6967,7,
0.2449,0.0035,0.4788,8,
0.1714,0.0003,0.2066,6,
0.8161,0.0025,0.4529,21,
0.0730,0.0132,21.6322,4,
0.0214,0.0036,81.6458,8,
0.2647,0.0098,2.4153,19,
0.2627,0.0779,9.7707,20,
0.1517,0.0018,3.2432,4,
0.3425,0.0015,0.7169,9,
0.1174,0.0066,3.7719,5,
0.1092,0.0419,18.8249,6,
0.1613,0.0970,14.7789,7,
0.2155,0.0017,0.3677,7,
0.1340,0.0033,2.1101,5,
0.8589,0.0089,0.3488,22,
0.0621,0.0154,27.7518,4,
0.0210,0.0030,91.0996,8,
0.2647,0.0118,5.3091,18,
0.3122,0.0658,6.6842,22,
0.3662,0.0053,0.3960,10,
0.1073,0.0402,19.6547,6,
0.2143,0.0198,3.3731,6,
0.1620,0.0989,14.8925,7,
0.2506,0.0099,1.3596,8,
0.1692,0.0056,2.2637,6,
0.8734,0.0040,0.0703,22,
0.0209,0.0031,95.2899,8,
0.1613,0.0134,6.3958,15,
0.3635,0.0373,7.6553,22,
0.1513,0.0013,0.4746,4,
0.3808,0.0034,0.3542,10,
0.1027,0.0441,19.9658,8,
0.1186,0.0051,3.1215,5,
0.1631,0.0774,15.7375,7,
0.2414,0.0028,0.4139,8,
0.1388,0.0012,0.5031,5,
0.8667,0.0061,0.3334,22,
0.0663,0.0138,21.4550,4,
0.0220,0.0038,78.9488,8,
0.2712,0.0096,2.4895,18,
0.3679,0.0439,10.1197,23,
0.4161,0.0065,0.4041,11,
0.2336,0.0284,3.9487,7,
0.1027,0.0457,19.3337,6,
0.1771,0.0609,14.3454,7,
0.2525,0.0177,2.2560,8,
0.1697,0.0029,3.1879,6,
0.8801,0.0033,0.0836,22,
0.1031,0.0125,11.1551,5,
0.0214,0.0038,93.0393,9,
0.2617,0.0075,6.1504,19,
0.2011,0.0142,3.8291,22,
0.3375,0.0025,0.5700,9,
0.1199,0.0508,18.9698,7,
0.1493,0.0116,4.4208,6,
0.1699,0.0390,15.8903,7,
0.2578,0.0106,1.4430,8,
0.1365,0.0007,4.9539,5,
0.8686,0.0086,0.1927,22,
0.0725,0.0136,18.3744,4,
0.0229,0.0025,71.7860,8,
0.2638,0.0174,3.5282,20,
0.1991,0.0234,12.2469,23,
0.3824,0.0025,0.2114,10,
0.1063,0.0416,20.0514,8,
0.1170,0.0051,3.1902,5,
0.1674,0.1005,14.2931,7,
0.2543,0.0077,0.9523,8,
0.1342,0.0026,1.9434,5,
0.8318,0.0068,0.0997,21,
0.0651,0.0132,22.8476,4,
0.0224,0.0026,79.8903,8,
0.2554,0.0185,7.2112,21,
0.1816,0.0181,10.4900,23,
0.3741,0.0084,0.4788,10,
0.1202,0.0044,2.4061,5,
0.1066,0.0485,18.6649,7,
0.1624,0.0942,14.4916,7,
0.2515,0.0038,0.5007,8,
0.1687,0.0055,1.9195,6,
0.8073,0.0075,0.2703,21,
0.0675,0.0163,25.0171,4,
0.0224,0.0027,71.2349,8,
0.2521,0.0243,12.3523,25,
0.1857,0.0127,5.1411,25,
0.3834,0.0069,0.5394,10,
0.1108,0.0471,19.0411,7,
0.1169,0.0043,2.7624,5,
0.1906,0.0713,14.6658,8,
0.2496,0.0021,0.3137,8,
0.1355,0.0025,1.0954,5,
0.8555,0.0069,1.2976,22,
0.0642,0.0184,28.9141,4,
0.0211,0.0042,94.4629,8,
0.2512,0.0237,7.7008,24,
0.1860,0.0292,19.8864,25,
0.3644,0.0076,0.6105,10,
0.1093,0.0401,19.5388,7,
0.1614,0.0501,13.3149,6,
0.1628,0.0890,15.1487,7,
0.2517,0.0067,0.8571,8,
0.1687,0.0045,1.7137,6,
0.9182,0.0069,0.0726,23,
0.0185,0.0053,110.6134,8,
0.2610,0.0280,4.4630,23,
0.2032,0.0417,14.9446,26,
0.2005,0.0012,1.2860,5,
0.3726,0.0014,1.5313,10,
0.1213,0.0050,8.4884,6,
0.1082,0.0227,15.2257,5,
0.1626,0.0489,16.4488,7,
0.2391,0.0131,1.8362,8,
0.1454,0.0016,0.6435,5,
0.8896,0.0086,0.1213,22,
0.0683,0.0225,28.3491,4,
0.0224,0.0026,76.9352,8,
0.2764,0.0325,3.9422,23,
0.1914,0.0239,11.0582,26,
0.1519,0.0015,0.5370,4,
0.3743,0.0040,0.3074,10,
0.1195,0.0465,18.6356,7,
0.1211,0.0085,4.7635,5,
0.2010,0.0760,13.6592,8,
0.2136,0.0011,0.2288,7,
0.1702,0.0097,2.9568,6,
0.8659,0.0073,0.3528,22,
0.0607,0.0057,13.3970,4,
0.0187,0.0050,126.3577,8,
0.2617,0.0346,4.3822,22,
0.1819,0.0169,6.8293,26,
0.3781,0.0031,1.3321,10,
0.1107,0.0454,20.1997,7,
0.1272,0.0195,8.6026,5,
0.1981,0.0928,13.4863,8,
0.2535,0.0040,0.5191,8,
0.1355,0.0018,5.1540,5,
0.8704,0.0108,0.1472,22,
0.0651,0.0139,24.8242,4,
0.0224,0.0026,77.3822,8,
0.2628,0.0371,4.5331,22,
0.1856,0.0231,11.5441,26,
0.3713,0.0029,0.2683,10,
0.1393,0.0179,6.9905,6,
0.1041,0.0414,19.2920,5,
0.2004,0.0946,12.9223,8,
0.2627,0.0178,2.0787,8,
0.1703,0.0011,0.5675,6,
0.8825,0.0071,0.0842,22,
0.0756,0.0069,35.2386,4,
0.0177,0.0046,132.2376,8,
0.2620,0.0337,4.0028,22,
0.1876,0.0275,14.8825,26,
0.1526,0.0037,1.2473,4,
0.3716,0.0018,0.2144,10,
0.1166,0.0052,3.3283,5,
0.0490,0.0018,29.7800,4,
0.1979,0.0847,13.5212,8,
0.2318,0.0041,0.6329,7,
0.1336,0.0026,1.6588,5,
0.8668,0.0111,0.1192,22,
0.0709,0.0136,18.8507,4,
0.0211,0.0045,82.9661,8,
0.2752,0.0262,3.2919,23,
0.1832,0.0145,6.1106,26,
0.3835,0.0042,0.2488,10,
0.2117,0.0228,4.3927,7,
0.1044,0.0404,19.2755,6,
0.1875,0.0923,13.7946,8,
0.2508,0.0085,1.1027,8,
0.1351,0.0024,20.9009,5,
0.8652,0.0073,0.4013,22,
0.0584,0.0047,13.3441,4,
0.0219,0.0041,67.0500,8,
0.2794,0.0276,3.4188,23,
0.1903,0.0230,11.1162,26,
0.1534,0.0039,1.3489,4,
0.3741,0.0029,0.3988,10,
0.1200,0.0130,6.9782,5,
0.0515,0.0075,40.2056,5,
0.1892,0.0894,13.8401,8,
0.2125,0.0032,0.6345,7,
0.1366,0.0029,1.2211,5,
0.8560,0.0050,0.1590,22,
0.0666,0.0050,9.4012,4,
0.0225,0.0028,73.3129,8,
0.2839,0.0287,3.2173,23,
0.1742,0.0091,4.6468,25,
0.1988,0.0018,0.3719,5,
0.3788,0.0036,0.2496,10,
0.2411,0.0307,3.8292,7,
0.1905,0.0411,15.1001,8,
0.2457,0.0103,1.4509,8,
0.1702,0.0106,2.9104,6,
0.8723,0.0048,0.0803,22,
0.0982,0.0072,21.9743,5,
0.0199,0.0056,118.4990,10,
0.2884,0.0227,3.0134,24,
0.2231,0.0465,11.1345,26,
0.2037,0.0021,1.3485,5,
0.3394,0.0099,0.8875,9,
0.1463,0.0133,4.9439,6,
0.0482,0.0060,42.4069,4,
0.1902,0.0334,12.6344,8,
0.2395,0.0099,1.3961,8,
0.1423,0.0003,0.1955,5,
0.8639,0.0074,0.3867,22,
0.0614,0.0136,25.5341,4,
0.0211,0.0041,89.3646,8,
0.2959,0.0245,3.2985,24,
0.1856,0.0184,8.1168,25,
0.3715,0.0027,0.6727,10,
0.1761,0.0898,12.3407,7,
0.1292,0.0435,19.1661,6,
0.2064,0.0609,13.5443,8,
0.2112,0.0035,0.6279,7,
0.1358,0.0023,3.9885,5,
0.8803,0.0137,0.1496,22,
0.0720,0.0150,20.9711,4,
0.0210,0.0033,102.2717,9,
0.2935,0.0210,3.3262,24,
0.2155,0.0418,11.7606,25,
0.3659,0.0045,0.2753,10,
0.2277,0.0247,3.7006,7,
0.1997,0.0355,14.6335,8,
0.2515,0.0154,1.9015,8,
0.1672,0.0019,2.3517,6,
0.8687,0.0058,0.0947,22,
0.0719,0.0200,24.8496,4,
0.0220,0.0046,86.1132,8,
0.3159,0.0238,2.9606,25,
0.2015,0.0337,13.0891,24,
0.2008,0.0011,0.5428,5,
0.3817,0.0020,0.4184,10,
0.1427,0.0031,6.3057,6,
0.1110,0.0435,19.2129,6,
0.1965,0.0485,14.1931,8,
0.2582,0.0138,1.6918,8,
0.1357,0.0016,3.1655,5,
0.8711,0.0069,0.1664,22,
0.0708,0.0187,24.4960,4,
0.0239,0.0032,97.7309,8,
0.3334,0.0232,2.9669,26,
0.1940,0.0253,19.0525,23,
0.1983,0.0017,0.6377,5,
0.3873,0.0122,0.7930,10,
0.1285,0.0132,6.1743,5,
0.1101,0.0433,19.4757,5,
0.1932,0.0773,14.3065,8,
0.2641,0.0080,0.9320,8,
0.1706,0.0011,0.3485,6,
0.8715,0.0122,0.1203,22,
0.0204,0.0049,114.3517,9,
0.3178,0.0211,3.2796,25,
0.1737,0.0082,5.2364,21,
0.2010,0.0024,0.9942,5,
0.3516,0.0077,1.1820,10,
0.1736,0.0910,12.7304,7,
0.0529,0.0063,30.9596,4,
0.1881,0.0552,13.7193,8,
0.2704,0.0177,1.9928,8,
0.1361,0.0019,0.7599,5,
0.8510,0.0041,0.2595,22,
0.0717,0.0139,20.6948,4,
0.0232,0.0026,64.5369,10,
0.3138,0.0207,3.2088,25,
0.2650,0.0467,6.8299,22,
0.1502,0.0031,4.8880,4,
0.3360,0.0017,2.5653,9,
0.1762,0.0840,12.7406,7,
0.0482,0.0107,41.9567,4,
0.2142,0.0602,13.0607,9,
0.2125,0.0012,0.2278,7,
0.1342,0.0018,0.7711,5,
0.8578,0.0045,0.3331,22,
0.0780,0.0136,16.5698,4,
0.0239,0.0028,77.8914,8,
0.3310,0.0208,3.3984,26,
0.2696,0.0337,7.0054,21,
0.1503,0.0000,0.0106,4,
0.3847,0.0036,0.3986,10,
0.1077,0.0468,19.0575,7,
0.2125,0.0266,4.2636,6,
0.1893,0.0879,14.2527,8,
0.2404,0.0066,0.9283,8,
0.1713,0.0008,0.4963,6,
0.8775,0.0049,0.0706,22,
0.0219,0.0037,110.2706,9,
0.3311,0.0212,3.2013,26,
0.2765,0.0478,6.0530,20,
0.3643,0.0051,8.3892,10,
0.2048,0.0178,3.3167,6,
0.1170,0.0428,18.7921,6,
0.1872,0.0787,14.3815,8,
0.2826,0.0082,0.9426,8,
0.1706,0.0077,2.0942,6,
0.8827,0.0052,0.0681,22,
0.0220,0.0035,104.2798,10,
0.3205,0.0262,3.2033,26,
0.1901,0.0735,12.5373,21,
0.3594,0.0039,0.3083,10,
0.2080,0.0253,4.6688,6,
0.0501,0.0014,39.9308,5,
0.2104,0.0491,13.4172,8,
0.2609,0.0125,1.4556,8,
0.1702,0.0013,0.4124,6,
0.8626,0.0065,0.1768,22,
0.0716,0.0078,12.8192,4,
0.0191,0.0029,106.8919,9,
0.3218,0.0252,2.9352,26,
0.1775,0.0871,16.4029,19,
0.3837,0.0028,0.2213,10,
0.2174,0.0260,4.0282,6,
0.0473,0.0106,43.9489,5,
0.1904,0.0292,15.4873,8,
0.2386,0.0076,1.2173,8,
0.1693,0.0057,1.5809,6,
0.8772,0.0128,0.1256,22,
0.0788,0.0264,23.6841,5,
0.0219,0.0038,78.9582,8,
0.3230,0.0255,3.1624,26,
0.1435,0.0549,19.9076,15,
0.1497,0.0008,0.4890,4,
0.3384,0.0021,0.1592,9,
0.1210,0.0014,2.9328,5,
0.0565,0.0147,36.4230,6,
0.1948,0.0215,13.0661,8,
0.2543,0.0128,1.5822,8,
0.1336,0.0031,1.5476,5,
0.8692,0.0111,0.1812,22,
0.0873,0.0124,11.7913,5,
0.0200,0.0044,110.6303,10,
0.3148,0.0223,3.0996,25,
0.1174,0.0419,26.0791,12,
0.1481,0.0029,1.7544,4,
0.4212,0.0039,0.2302,11,
0.1008,0.0458,19.7461,5,
0.2175,0.0215,3.2824,6,
0.1881,0.0275,15.6180,8,
0.2505,0.0119,1.6665,8,
0.1360,0.0014,0.6606,5,
0.8759,0.0052,0.2916,22,
0.0680,0.0100,16.3316,4,
0.0200,0.0029,106.1290,9,
0.3316,0.0236,3.0328,26,
0.0962,0.0192,21.9724,10,
0.3838,0.0017,0.1175,10,
0.1242,0.0077,4.1685,5,
0.0469,0.0087,44.1117,5,
0.1869,0.0720,14.5337,8,
0.2411,0.0080,1.0972,8,
0.1693,0.0059,1.6734,6,
0.8564,0.0116,0.1228,22,
0.0967,0.0120,11.4708,5,
0.0201,0.0044,92.9390,9,
0.3183,0.0210,3.2802,25,
0.0861,0.0193,17.3493,9,
0.4100,0.0068,0.4474,11,
0.1420,0.0107,10.5337,6,
0.1898,0.0348,13.5038,8,
0.2450,0.0168,2.2504,8,
0.1720,0.0038,2.0429,6,
0.8836,0.0106,0.1024,22,
0.0694,0.0143,21.8254,4,
0.0248,0.0032,89.0422,8,
0.3270,0.0201,3.4234,26,
0.0678,0.0142,20.7264,7,
0.2058,0.0045,1.3550,5,
0.3807,0.0025,0.6330,10,
0.2406,0.0288,3.7316,7,
0.0448,0.0107,44.7125,4,
0.1898,0.0337,15.0239,8,
0.2349,0.0099,1.5679,8,
0.1666,0.0036,1.8226,6,
0.8732,0.0043,0.0573,22,
0.0654,0.0134,21.3087,4,
0.0229,0.0036,103.6433,8,
0.3297,0.0231,3.3260,25,
0.0810,0.0249,22.1188,8,
0.2064,0.0048,2.6526,5,
0.3731,0.0020,0.1185,10,
0.1253,0.0121,6.1037,5,
0.0477,0.0040,35.9993,4,
0.2430,0.0602,11.5545,9,
0.2097,0.0025,0.4768,7,
0.1366,0.0012,0.5936,5,
0.8299,0.0038,3.0125,21,
0.0619,0.0042,8.8628,4,
0.0205,0.0025,99.8964,9,
0.3265,0.0265,3.2354,26,
0.0828,0.0234,21.9182,8,
0.3761,0.0060,0.4441,10,
0.2372,0.0255,3.3604,7,
0.0459,0.0050,40.9832,4,
0.2003,0.0248,14.6852,8,
0.2488,0.0101,1.3560,8,
0.1351,0.0048,2.0408,5,
0.8794,0.0066,0.0788,22,
0.0721,0.0101,14.3038,4,
0.0210,0.0033,98.9677,9,
0.3207,0.0255,3.5199,25,
0.0835,0.0294,23.1459,8,
0.2023,0.0015,1.4997,5,
0.3372,0.0033,0.2973,9,
0.1363,0.0129,9.9399,6,
0.1950,0.0406,13.6977,8,
0.2574,0.0152,2.0478,8,
0.1360,0.0014,0.6610,5,
0.8790,0.0069,0.0770,22,
0.0685,0.0114,17.1694,4,
0.0200,0.0029,103.9425,9,
0.3203,0.0220,3.3377,25,
0.0850,0.0074,21.3812,8,
0.1506,0.0005,0.1777,4,
0.3862,0.0027,0.2352,10,
0.1089,0.0427,19.2627,6,
0.1358,0.0237,11.3602,6,
0.1922,0.0598,13.7214,8,
0.2513,0.0163,2.0186,8,
0.1341,0.0004,0.3238,5,
0.8742,0.0123,0.1525,22,
0.0814,0.0185,20.1816,4,
0.0212,0.0038,91.9736,9,
0.3236,0.0219,3.5908,25,
0.0882,0.0153,21.6460,8,
0.3645,0.0090,0.6521,10,
0.1771,0.0842,12.3995,7,
0.1898,0.0707,13.3900,8,
0.2572,0.0164,2.2000,8,
0.1696,0.0013,0.3784,6,
0.8503,0.0083,0.1632,22,
0.0642,0.0121,20.1763,4,
0.0237,0.0032,66.9541,9,
0.3327,0.0220,3.5848,25,
0.0877,0.0198,34.1705,8,
0.1495,0.0006,0.2035,4,
0.3737,0.0026,0.1882,10,
0.1144,0.0437,17.6052,6,
0.1182,0.0047,2.8944,5,
0.2176,0.0707,12.5370,9,
0.2130,0.0023,0.4827,7,
0.1331,0.0017,0.8213,5,
0.8666,0.0035,0.0431,22,
0.0749,0.0126,17.1796,4,
0.0186,0.0030,116.5303,10,
0.3297,0.0190,3.9673,26,
0.1146,0.0172,25.6389,9,
0.3923,0.0023,0.2395,10,
0.2048,0.0175,3.2781,6,
0.0489,0.0021,16.6153,4,
0.2204,0.0886,12.3070,9,
0.2020,0.0034,0.6941,7,
0.1702,0.0052,1.3979,6,
0.8735,0.0025,0.1297,22,
0.0702,0.0121,17.8211,4,
0.0204,0.0029,111.5941,10,
0.3249,0.0240,3.3048,25,
0.0967,0.0257,24.9372,8,
0.1517,0.0007,0.4413,4,
0.4043,0.0084,0.4481,11,
0.1362,0.0428,17.7656,6,
0.0491,0.0009,8.7334,4,
0.2078,0.0671,12.5818,8,
0.2575,0.0151,1.7733,8,
0.1339,0.0008,0.3783,5,
0.8716,0.0093,0.0926,22,
0.0220,0.0040,106.4369,9,
0.3151,0.0250,3.5669,25,
0.1160,0.0702,23.5209,9,
0.2008,0.0025,0.8140,5,
0.3811,0.0054,0.4595,10,
0.1151,0.0029,2.0419,5,
0.0501,0.0041,29.0250,4,
0.2323,0.0858,12.1735,9,
0.2206,0.0033,0.5446,7,
0.1351,0.0009,0.4450,5,
0.8697,0.0090,0.1661,22,
0.0755,0.0211,24.0172,4,
0.0219,0.0032,101.1433,8,
0.3191,0.0246,3.3840,25,
0.1210,0.0645,22.8111,9,
0.2030,0.0031,1.2749,5,
0.3830,0.0013,0.3049,10,
0.1184,0.0064,3.6819,5,
0.1170,0.0438,18.7099,6,
0.2228,0.0682,12.5872,9,
0.2519,0.0068,1.2293,8,
0.1345,0.0018,0.8056,5,
0.8625,0.0108,0.1261,22,
0.0200,0.0037,97.3243,10,
0.3175,0.0205,3.4079,25,
0.1034,0.0109,13.5154,7,
0.3712,0.0053,0.8308,10,
0.1038,0.0472,19.2789,6,
0.2113,0.0272,4.6543,6,
0.2195,0.0734,12.4372,9,
0.2510,0.0056,0.7302,8,
0.1661,0.0084,2.3254,6,
0.9084,0.0139,0.1472,23,
0.0755,0.0116,14.9252,4,
0.0219,0.0036,103.4604,9,
0.3221,0.0177,3.4869,25,
0.0704,0.0112,15.8526,6,
0.3677,0.0012,0.9265,10,
0.2043,0.0199,4.0060,6,
0.1066,0.0045,11.6525,4,
0.2282,0.0552,12.1101,9,
0.2478,0.0104,1.4219,8,
0.1333,0.0023,2.7535,5,
0.8772,0.0053,0.0521,22,
0.0732,0.0144,20.4455,4,
0.0200,0.0050,118.7143,10,
0.3315,0.0171,4.5701,26,
0.0745,0.0146,17.5615,6,
0.3857,0.0028,0.2088,10,
0.1027,0.0461,19.4787,6,
0.1182,0.0028,1.6740,5,
0.2185,0.0683,12.1058,9,
0.2047,0.0030,0.6362,7,
0.1406,0.0018,0.7166,5,
0.8646,0.0062,0.4544,22,
0.0212,0.0029,83.8058,9,
0.3212,0.0206,3.5425,25,
0.0734,0.0138,18.2241,6,
0.1519,0.0034,1.2521,4,
0.3675,0.0021,0.5528,10,
0.1169,0.0059,4.1850,5,
0.1039,0.0429,19.6599,5,
0.2410,0.0564,9.9213,9,
0.2505,0.0145,1.8727,8,
0.1678,0.0015,0.4534,6,
0.8644,0.0084,0.1243,22,
0.0831,0.0156,15.9931,4,
0.0199,0.0050,100.8182,10,
0.3140,0.0211,3.4745,25,
0.0424,0.0002,0.9064,4,
0.1538,0.0023,0.8340,4,
0.3799,0.0018,1.3574,10,
0.1089,0.0439,18.8978,6,
0.2039,0.0188,3.4134,6,
0.2276,0.0764,12.3581,9,
0.2489,0.0136,1.7515,8,
0.1694,0.0017,3.4551,6,
0.8770,0.0092,0.0904,22,
0.0765,0.0091,19.4880,4,
0.0200,0.0033,108.5808,10,
0.3275,0.0207,3.2753,26,
0.2000,0.0066,1.4559,5,
0.3349,0.0017,0.3897,9,
0.1146,0.0135,9.3486,5,
0.0496,0.0016,18.9690,4,
0.1926,0.0384,13.4958,8,
0.2545,0.0151,2.0392,8,
0.1361,0.0028,1.4620,5,
0.8714,0.0130,0.1590,22,
0.0214,0.0038,101.8071,10,
0.3163,0.0189,3.2302,25,
0.4205,0.0050,0.6433,11,
0.0987,0.0045,10.7822,5,
0.1398,0.0168,12.1275,6,
0.2193,0.0921,12.6368,9,
0.2154,0.0030,0.5788,7,
0.1702,0.0011,0.8220,6,
0.8585,0.0104,1.4306,22,
0.0210,0.0036,101.3918,9,
0.3357,0.0204,3.3064,26,
0.4214,0.0049,0.2314,11,
0.1091,0.0033,5.5385,5,
0.1352,0.0184,14.9248,6,
0.1870,0.0576,14.7499,8,
0.2536,0.0147,1.8604,8,
0.1359,0.0023,2.1743,5,
0.8728,0.0105,0.1117,22,
0.0829,0.0150,15.8518,4,
0.0191,0.0031,110.0348,9,
0.3368,0.0192,3.0592,26,
0.3741,0.0021,0.6400,10,
0.1206,0.0065,3.8261,5,
0.1128,0.0415,18.5861,6,
0.2172,0.0847,12.3238,9,
0.2461,0.0068,0.9559,8,
0.1364,0.0009,0.3812,5,
0.8934,0.0061,0.2424,23,
0.0207,0.0050,103.3239,9,
0.3194,0.0146,3.8494,25,
0.1520,0.0029,1.0970,4,
0.4204,0.0208,1.0359,11,
0.2048,0.0278,5.1817,6,
0.1100,0.0427,18.6927,6,
0.1904,0.0544,13.9905,8,
0.2418,0.0147,2.0140,8,
0.1411,0.0021,2.3850,5,
0.8747,0.0037,0.0551,22,
0.0823,0.0150,15.8284,4,
0.0196,0.0047,112.0156,9,
0.3204,0.0210,3.3794,25,
0.2046,0.0044,1.8295,5,
0.3749,0.0022,2.0347,10,
0.1517,0.0102,3.3958,6,
0.2043,0.0341,13.0126,8,
0.2507,0.0151,1.9362,8,
0.1682,0.0013,0.3800,6,
0.8617,0.0064,0.1671,22,
0.0866,0.0054,6.1181,4,
0.0238,0.0039,65.9063,8,
0.3247,0.0262,3.3008,25,
0.3707,0.0032,0.1988,10,
0.1202,0.0018,1.0724,5,
0.0476,0.0042,34.9602,4,
0.2067,0.0307,14.0073,8,
0.2586,0.0097,1.3136,8,
0.1694,0.0062,1.6911,6,
0.8630,0.0040,0.5318,22,
0.0877,0.0135,26.6241,4,
0.0210,0.0032,105.4756,9,
0.3209,0.0316,3.4952,24,
0.1498,0.0000,0.0107,4,
0.3844,0.0034,0.2190,10,
0.1377,0.0366,16.2183,6,
0.0482,0.0084,42.8342,5,
0.1910,0.0474,13.8171,8,
0.2542,0.0171,2.3164,8,
0.1351,0.0014,0.6652,5,
0.8672,0.0077,0.1122,22,
0.0847,0.0145,14.6069,4,
0.0195,0.0030,116.6885,9,
0.3557,0.0374,3.2376,24,
0.2085,0.0038,2.3577,5,
0.3828,0.0046,0.3008,10,
0.1198,0.0025,5.6820,5,
0.1132,0.0054,12.4210,5,
0.1891,0.0361,15.3732,8,
0.2319,0.0141,2.0776,8,
0.1340,0.0036,1.9052,5,
0.8768,0.0109,0.1858,22,
0.0843,0.0099,13.1933,4,
0.0239,0.0040,100.3950,9,
0.3527,0.0465,3.2181,21,
0.3628,0.0013,0.9958,10,
0.1021,0.0097,17.9923,5,
0.2275,0.0245,3.7116,7,
0.1870,0.0488,15.2228,8,
0.2534,0.0124,1.5138,8,
0.1686,0.0030,7.4011,6,
0.8805,0.0098,0.1020,22,
0.0854,0.0090,27.3147,4,
0.0219,0.0030,93.1572,9,
0.2207,0.0065,2.4752,16,
0.3718,0.0019,0.1921,10,
0.1080,0.0401,19.4536,7,
0.1969,0.0098,2.4319,6,
0.1893,0.0784,14.2168,8,
0.2407,0.0084,1.3152,8,
0.1694,0.0013,0.5488,6,
0.8815,0.0058,0.0709,22,
0.0812,0.0118,18.2364,4,
0.0249,0.0029,81.8331,8,
0.2427,0.0069,2.3140,14,
0.1500,0.0005,0.1967,4,
0.3713,0.0019,0.1209,10,
0.2360,0.0221,2.8628,7,
0.0175,0.0038,127.3674,4,
0.1624,0.0519,16.9888,7,
0.2688,0.0154,2.0442,8,
0.1719,0.0127,3.9227,6,
0.8744,0.0096,0.0960,22,
0.0806,0.0134,15.2736,4,
0.0181,0.0030,119.8304,8,
0.2674,0.0211,2.9154,14,
0.3582,0.0028,1.7263,10,
0.1943,0.0101,2.4692,6,
0.1150,0.0438,18.5396,5,
0.2046,0.0734,13.4494,8,
0.2579,0.0119,1.5060,8,
0.1717,0.0093,2.7946,6,
0.8795,0.0074,0.0940,22,
0.0210,0.0037,96.8032,9,
0.2689,0.0242,3.1321,13,
0.3667,0.0041,0.6851,10,
0.2348,0.0316,4.2665,7,
0.0465,0.0007,25.9668,4,
0.1729,0.0414,14.2142,7,
0.2511,0.0163,2.1340,8,
0.1673,0.0033,1.1352,6,
0.8785,0.0079,0.1022,22,
0.0827,0.0104,14.2629,4,
0.0187,0.0039,110.9321,8,
0.2795,0.0250,3.0193,13,
0.1482,0.0033,1.4464,4,
0.3827,0.0084,0.4774,10,
0.1759,0.0876,12.4808,7,
0.0499,0.0158,40.3206,5,
0.1965,0.0762,13.8001,8,
0.2546,0.0016,0.3280,8,
0.1341,0.0026,1.9446,5,
0.8714,0.0121,0.1257,22,
0.0805,0.0178,19.9424,4,
0.0186,0.0045,120.3903,9,
0.2886,0.0232,3.0684,13,
0.1487,0.0024,0.8966,4,
0.3816,0.0035,0.2391,10,
0.2303,0.0348,4.8303,7,
0.1092,0.0411,19.0859,5,
0.1885,0.0970,13.4697,8,
0.2483,0.0128,1.7338,8,
0.1348,0.0048,1.9789,5,
0.8617,0.0074,0.0944,22,
0.0821,0.0097,17.0115,4,
0.0185,0.0034,119.2119,10,
0.2636,0.0147,3.4552,14,
0.3803,0.0013,0.2586,10,
0.1459,0.0055,2.0376,6,
0.1081,0.0047,7.9479,5,
0.1624,0.0619,15.8468,7,
0.2405,0.0140,2.2132,8,
0.1356,0.0024,20.4205,5,
0.8773,0.0048,0.0575,22,
0.0838,0.0088,21.7271,4,
0.0210,0.0030,100.7039,9,
0.2459,0.0085,4.6774,15,
0.3709,0.0025,1.7412,10,
0.2430,0.0387,4.5629,7,
0.0184,0.0024,108.7327,4,
0.1622,0.0658,15.9076,7,
0.2423,0.0115,1.5701,8,
0.1424,0.0026,1.3205,5,
0.8779,0.0050,0.1893,22,
0.0794,0.0120,14.1921,4,
0.0224,0.0036,87.8465,9,
0.2295,0.0101,2.1128,18,
0.0985,0.0079,6.0693,5,
0.3659,0.0026,2.8024,10,
0.2226,0.0316,4.7939,7,
0.0491,0.0125,41.4465,5,
0.1832,0.0956,13.6564,7,
0.2575,0.0137,1.6336,8,
0.1701,0.0078,2.1730,6,
0.8810,0.0082,0.1323,22,
0.0843,0.0090,22.6893,4,
0.0216,0.0049,112.8115,8,
0.3367,0.0478,3.6897,24,
0.1278,0.0109,4.8503,7,
0.1520,0.0023,0.8093,4,
0.3431,0.0023,2.3023,9,
0.2039,0.0185,7.6056,7,
0.0472,0.0046,45.1583,5,
0.1737,0.0941,14.0891,7,
0.2527,0.0088,1.0810,8,
0.1710,0.0060,1.5959,6,
0.8723,0.0057,0.2487,22,
0.0807,0.0116,14.1615,4,
0.0210,0.0043,119.2510,10,
0.3225,0.0326,4.1545,26,
0.1223,0.0026,1.6397,8,
0.3374,0.0039,0.4652,9,
0.1044,0.0422,19.8328,6,
0.1598,0.0192,14.0269,7,
0.1949,0.0746,14.3807,8,
0.2550,0.0056,1.5769,8,
0.1340,0.0023,2.1946,5,
0.8714,0.0106,0.1109,22,
0.0839,0.0153,15.9177,4,
0.0196,0.0027,106.0006,9,
0.3022,0.0165,10.7361,27,
0.1784,0.0098,2.8356,10,
0.1500,0.0010,1.0014,4,
0.3811,0.0028,0.1938,10,
0.2330,0.0278,4.7666,7,
0.1197,0.0070,8.1535,5,
0.1604,0.0736,15.9112,7,
0.2546,0.0139,1.7437,8,
0.1349,0.0009,0.4466,5,
0.8759,0.0069,0.3590,22,
0.0771,0.0125,24.1232,4,
0.0239,0.0032,95.7771,8,
0.2775,0.0186,5.6275,27,
0.1388,0.0049,1.9816,9,
0.3774,0.0015,1.2794,10,
0.1144,0.0403,18.9930,7,
0.1378,0.0140,5.6065,6,
0.1616,0.0811,15.2843,7,
0.2172,0.0033,0.5843,7,
0.1326,0.0058,2.9797,5,
0.8523,0.0029,3.6541,22,
0.0848,0.0161,16.6444,4,
0.0204,0.0031,104.0439,10,
0.2859,0.0125,8.5228,27,
0.1680,0.0104,3.1333,10,
0.3850,0.0062,0.4385,10,
0.1086,0.0400,20.6525,7,
0.1625,0.0348,15.4222,7,
0.1644,0.0863,15.1688,7,
0.2417,0.0060,0.8993,8,
0.1738,0.0023,0.6325,6,
0.8807,0.0032,0.0511,22,
0.1107,0.0155,14.6178,5,
0.0215,0.0029,105.3297,9,
0.3033,0.0193,6.5162,29,
0.1746,0.0090,2.8118,11,
0.1518,0.0018,0.6405,4,
0.3748,0.0036,0.3932,10,
0.1183,0.0384,19.6039,6,
0.1658,0.0250,7.1306,7,
0.1364,0.0947,16.3843,6,
0.2726,0.0148,1.7509,8,
0.1727,0.0077,2.2443,6,
0.8867,0.0094,0.1085,22,
0.0834,0.0101,26.0716,4,
0.0220,0.0029,94.8163,9,
0.3002,0.0155,2.9803,28,
0.1801,0.0064,2.3300,11,
0.1525,0.0029,1.0315,4,
0.3769,0.0024,0.2173,10,
0.1071,0.0381,19.4930,7,
0.2205,0.0315,4.9634,7,
0.1751,0.0963,14.0342,7,
0.2484,0.0095,1.2399,8,
0.1682,0.0033,0.9503,6,
0.8678,0.0127,0.1328,22,
0.1104,0.0100,8.7370,5,
0.0243,0.0025,67.5241,8,
0.3357,0.0198,2.1678,29,
0.1452,0.0096,3.4341,10,
0.2034,0.0025,0.7510,5,
0.3831,0.0019,1.2920,10,
0.2372,0.0415,5.3543,8,
0.0446,0.0040,41.6723,5,
0.1427,0.0969,15.9032,6,
0.2512,0.0055,0.7318,8,
0.1732,0.0086,2.2876,6,
0.8784,0.0059,0.1357,22,
0.1169,0.0096,8.8502,5,
0.0174,0.0050,121.1603,8,
0.3200,0.0304,2.3524,29,
0.1570,0.0082,2.6517,10,
0.1513,0.0015,0.5402,4,
0.3796,0.0067,0.6033,10,
0.2343,0.0327,4.5091,7,
0.0487,0.0061,44.5580,6,
0.1408,0.0937,15.9397,6,
0.2546,0.0081,1.1284,8,
0.1711,0.0047,1.3314,6,
0.8795,0.0060,0.0768,22,
0.0871,0.0067,23.1332,4,
0.0191,0.0037,111.5593,10,
0.3279,0.0349,2.4836,29,
0.1665,0.0071,2.1091,10,
0.2019,0.0026,0.5303,5,
0.3722,0.0045,0.2619,10,
0.1146,0.0377,19.7827,8,
0.1666,0.0895,14.8174,7,
0.1398,0.1069,16.6829,6,
0.2544,0.0030,0.4029,8,
0.1334,0.0031,1.6506,5,
0.8510,0.0060,0.1191,22,
0.0856,0.0105,11.0132,4,
0.0199,0.0034,114.2184,8,
0.3371,0.0388,2.7409,29,
0.1552,0.0030,1.1867,10,
0.3721,0.0029,0.2860,10,
0.2492,0.0392,4.7003,8,
0.0468,0.0069,44.9936,5,
0.1353,0.1008,15.9505,6,
0.2620,0.0149,1.7824,8,
0.1335,0.0029,1.3426,5,
0.8731,0.0100,0.0880,22,
0.1087,0.0118,10.1919,5,
0.0205,0.0025,88.7641,9,
0.3389,0.0402,2.9226,29,
0.1367,0.0025,0.9760,9,
0.3678,0.0023,0.1500,10,
0.1641,0.0173,5.5417,7,
0.0119,0.0029,149.0854,4,
0.1122,0.0093,5.9617,4,
0.2428,0.0157,2.3658,8,
0.1726,0.0053,1.5889,6,
0.8754,0.0037,0.0543,22,
0.0787,0.0087,18.7451,4,
0.0214,0.0042,82.5348,10,
0.3234,0.0291,3.3270,29,
0.1362,0.0043,1.8085,9,
0.3917,0.0019,0.2047,10,
0.1415,0.0117,4.6002,6,
0.1109,0.0441,19.2866,7,
0.1426,0.1001,16.0329,6,
0.2233,0.0061,1.1154,7,
0.1648,0.0059,2.4108,6,
0.8244,0.0045,0.1752,21,
0.0896,0.0131,12.1736,4,
0.0220,0.0033,101.6765,9,
0.3204,0.0376,3.4068,28,
0.1392,0.0042,1.8143,9,
0.2045,0.0017,2.6993,5,
0.3640,0.0029,0.6931,10,
0.1028,0.0467,19.9349,7,
0.1455,0.0176,6.3453,6,
0.1301,0.1059,16.4272,5,
0.2601,0.0066,0.7969,8,
0.1683,0.0007,0.7895,6,
0.8801,0.0071,0.1221,22,
0.0871,0.0082,21.1046,4,
0.0198,0.0047,105.5136,9,
0.3054,0.0324,3.6390,28,
0.1370,0.0036,1.7564,9,
0.1517,0.0015,0.5379,4,
0.3604,0.0039,0.4907,10,
0.2051,0.0842,11.6082,8,
0.1145,0.0390,19.2095,6,
0.1315,0.0706,17.3201,5,
0.2317,0.0039,0.5991,7,
0.1341,0.0026,1.9446,5,
0.8752,0.0194,0.3543,22,
0.0807,0.0128,15.6948,4,
0.0210,0.0036,115.6100,9,
0.2952,0.0308,4.1277,27,
0.1471,0.0085,3.3005,9,
0.1531,0.0034,1.1891,4,
0.3826,0.0025,0.2147,10,
0.2019,0.0906,13.5650,8,
0.1140,0.0440,18.8042,6,
0.1399,0.1108,16.5122,6,
0.2570,0.0110,1.4178,8,
0.1342,0.0028,3.4111,5,
0.8322,0.0061,0.0925,21,
0.0874,0.0105,10.1495,4,
0.0220,0.0043,91.8887,8,
0.2839,0.0318,5.2466,27,
0.1298,0.0079,3.7282,8,
0.3803,0.0021,1.4783,10,
0.1634,0.0338,8.6597,7,
0.0477,0.0087,37.0862,5,
0.1156,0.0778,18.9915,5,
0.2513,0.0027,0.3542,8,
0.1363,0.0030,2.1020,5,
0.8116,0.0070,0.2771,21,
0.0822,0.0149,16.0430,4,
0.0200,0.0029,98.6138,9,
0.2767,0.0315,7.3809,26,
0.1173,0.0017,1.3504,8,
0.3841,0.0022,0.3742,10,
0.1051,0.0066,13.0438,6,
0.1910,0.0203,6.6609,8,
0.1187,0.0414,19.2402,5,
0.2082,0.0045,0.9029,7,
0.1380,0.0023,0.9008,5,
0.8627,0.0081,0.2516,22,
0.0822,0.0072,8.0998,4,
0.0238,0.0036,53.6728,8,
0.2907,0.0241,9.8093,26,
0.1093,0.0047,3.5950,7,
0.4100,0.0023,0.1603,11,
0.2777,0.0634,5.7713,9,
0.1156,0.0050,9.7509,5,
0.1075,0.0065,4.7032,4,
0.2411,0.0153,2.1468,8,
0.1813,0.0022,0.5416,6,
0.8795,0.0102,0.1014,22,
0.0821,0.0082,19.2075,4,
0.0224,0.0026,75.4426,8,
0.2982,0.0236,9.5256,21,
0.0738,0.0030,5.1240,5,
0.1508,0.0019,0.6704,4,
0.3628,0.0034,0.2553,10,
0.1925,0.0383,7.2619,8,
0.1135,0.0359,18.3808,6,
0.1384,0.1013,16.1566,5,
0.2501,0.0150,2.0065,8,
0.1669,0.0029,1.9276,6,
0.8703,0.0080,0.8291,22,
0.0829,0.0159,16.3521,4,
0.0211,0.0032,80.4696,9,
0.2669,0.0247,9.0274,20,
0.3715,0.0031,0.2541,10,
0.1933,0.0482,8.2897,8,
0.1051,0.0424,19.3236,6,
0.1265,0.0992,17.2913,5,
0.2293,0.0070,1.1819,7,
0.1699,0.0052,1.4022,6,
0.8748,0.0050,0.1108,22,
0.0860,0.0095,9.5699,4,
0.0213,0.0038,95.5889,9,
0.2610,0.0260,9.1612,23,
0.3701,0.0057,0.3787,10,
0.2681,0.0681,6.2528,9,
0.0563,0.0117,27.3833,5,
0.1290,0.1061,16.3707,5,
0.2667,0.0173,1.9120,8,
0.1352,0.0036,1.6558,5,
0.8801,0.0085,0.0835,22,
0.0828,0.0082,14.0895,4,
0.0214,0.0028,92.4049,9,
0.2847,0.0345,6.3360,28,
0.2011,0.0034,1.0585,5,
0.3766,0.0037,0.2379,10,
0.1011,0.0426,19.8911,8,
0.1908,0.0187,4.9627,8,
0.1327,0.0282,13.8513,5,
0.2182,0.0023,0.4328,7,
0.1335,0.0029,1.3435,5,
0.8788,0.0193,0.2039,22,
0.0838,0.0137,14.1324,4,
0.0210,0.0033,111.8410,9,
0.3191,0.0554,4.9455,30,
0.3616,0.0049,0.9357,10,
0.1099,0.0439,19.5559,7,
0.1660,0.0306,7.9713,7,
0.1195,0.0474,17.9902,5,
0.2639,0.0077,0.9369,8,
0.1697,0.0019,2.1651,6,
0.8190,0.0028,0.2646,21,
0.1031,0.0149,16.3129,5,
0.0229,0.0035,100.5908,8,
0.3148,0.0509,4.4425,30,
0.1521,0.0023,2.5166,4,
0.3845,0.0056,0.3280,10,
0.1021,0.0408,19.5962,7,
0.2440,0.0541,6.3217,8,
0.1224,0.0520,18.3426,5,
0.2433,0.0092,1.3628,8,
0.1661,0.0011,0.5048,6,
0.8819,0.0064,0.1161,22,
0.1045,0.0136,12.2556,5,
0.0243,0.0030,86.7951,8,
0.3319,0.0626,4.1781,30,
0.2530,0.0024,1.2434,6,
0.3784,0.0030,0.2684,10,
0.1936,0.0482,8.7215,8,
0.0509,0.0189,39.1123,5,
0.1210,0.0522,18.2672,5,
0.2805,0.0123,1.4889,8,
0.1676,0.0041,1.2847,6,
0.8780,0.0020,0.0580,22,
0.1152,0.0067,7.2409,5,
0.0228,0.0046,74.8390,8,
0.3795,0.0810,4.2819,32,
0.3628,0.0019,0.2005,10,
0.1122,0.0407,21.1834,7,
0.1885,0.0211,7.3168,8,
0.1310,0.0240,17.5518,5,
0.2155,0.0023,0.4801,7,
0.1688,0.0047,1.2945,6,
0.8650,0.0062,0.1701,22,
0.0902,0.0150,13.5824,4,
0.0201,0.0033,108.9390,9,
0.4203,0.0967,4.1578,32,
0.1483,0.0025,0.8920,4,
0.3654,0.0041,0.4224,10,
0.1021,0.0371,21.4746,7,
0.1664,0.0351,8.8819,7,
0.1248,0.0801,18.7063,5,
0.2293,0.0035,0.5640,7,
0.1365,0.0004,0.3050,5,
0.8306,0.0040,0.2889,21,
0.0847,0.0118,12.1635,4,
0.0219,0.0050,110.8708,10,
0.4390,0.0297,6.9789,36,
0.1493,0.0006,0.2039,4,
0.3820,0.0016,0.1062,10,
0.1126,0.0375,19.5421,8,
0.2354,0.0895,10.5257,9,
0.1177,0.0543,19.2260,5,
0.2154,0.0010,0.2944,7,
0.1344,0.0013,0.6027,5,
0.8736,0.0111,0.1335,22,
0.0844,0.0143,15.0125,4,
0.0229,0.0025,72.5572,8,
0.5071,0.1007,4.3140,39,
0.1525,0.0030,1.1072,4,
0.3828,0.0022,0.4572,10,
0.1139,0.0365,19.0277,8,
0.1653,0.0269,7.0374,7,
0.1154,0.0986,18.1712,5,
0.2545,0.0032,0.4267,8,
0.1364,0.0009,0.3800,5,
0.8617,0.0099,2.7770,22,
0.0805,0.0149,16.6374,4,
0.0229,0.0025,75.9276,8,
0.4984,0.0314,3.8877,35,
0.3760,0.0031,0.7596,10,
0.1627,0.0324,8.5899,7,
0.1107,0.0360,19.3074,7,
0.1125,0.0832,19.3991,5,
0.2152,0.0023,0.4336,7,
0.1364,0.0007,5.6408,5,
0.8481,0.0076,0.1027,21,
0.0829,0.0050,11.1101,4,
0.0221,0.0028,74.3989,9,
0.5293,0.0610,6.1656,33,
0.1490,0.0011,0.3845,4,
0.3804,0.0016,0.3154,10,
0.1306,0.0935,15.1202,8,
0.2544,0.0558,5.6235,8,
0.1289,0.0948,16.5833,5,
0.2481,0.0119,1.5876,8,
0.1785,0.0020,4.8529,6,
0.8709,0.0043,0.0777,22,
0.0770,0.0119,27.1308,4,
0.0232,0.0060,102.0964,9,
0.5119,0.0576,5.4607,32,
0.3617,0.0021,0.2885,10,
0.2426,0.0413,5.0287,8,
0.1185,0.0369,18.3754,6,
0.1297,0.0840,16.9286,5,
0.2526,0.0098,1.3764,8,
0.1672,0.0049,1.3939,6,
0.8793,0.0065,0.0903,22,
0.0816,0.0100,28.8470,4,
0.0210,0.0040,103.4661,10,
0.5515,0.0821,5.1843,33,
0.4075,0.0119,0.7562,11,
0.2569,0.0492,5.2537,8,
0.0455,0.0040,24.7414,6,
0.1073,0.0054,4.1946,4,
0.2568,0.0116,1.4249,8,
0.1679,0.0019,0.6801,6,
0.8863,0.0125,0.1456,22,
0.0805,0.0119,25.9849,4,
0.0233,0.0029,80.8873,8,
0.5343,0.0817,2.6309,29,
0.0830,0.0124,19.0325,6,
0.1511,0.0013,1.7747,4,
0.3831,0.0082,0.4719,10,
0.2455,0.1042,10.2634,9,
0.0452,0.0053,47.2059,5,
0.1282,0.0831,18.6237,5,
0.2539,0.0069,0.8532,8,
0.1361,0.0009,0.4417,5,
0.8691,0.0116,0.2624,22,
0.0799,0.0114,15.4436,4,
0.0239,0.0028,84.2871,8,
0.5429,0.0736,2.2990,28,
0.0704,0.0053,9.3489,5,
0.2038,0.0014,0.8514,5,
0.3967,0.0012,0.7441,10,
0.1126,0.0377,18.7565,8,
0.2560,0.0474,5.1841,8,
0.1107,0.0100,6.1447,4,
0.2357,0.0137,2.0680,8,
0.1349,0.0004,0.3148,5,
0.8887,0.0068,0.4670,22,
0.0229,0.0029,85.3370,8,
0.0888,0.0101,10.1399,5,
0.4139,0.0614,2.6218,22,
0.0724,0.0092,12.5395,5,
0.1864,0.0747,10.6688,5,
0.3767,0.0015,1.1647,10,
0.2342,0.1086,10.4495,9,
0.0064,0.0016,312.9412,4,
0.1122,0.0930,18.9570,5,
0.2509,0.0072,0.9442,8,
0.1712,0.0012,0.4207,6,
0.8580,0.0099,0.1493,22,
0.0846,0.0112,22.0434,4,
0.0224,0.0047,83.3965,9,
0.5697,0.0693,3.0614,26,
0.0764,0.0076,9.6550,5,
0.1826,0.0609,10.7100,5,
0.3807,0.0022,0.1439,10,
0.1069,0.0431,19.3527,7,
0.1668,0.0245,6.3475,7,
0.1406,0.0941,15.6847,5,
0.2179,0.0023,0.4312,7,
0.1335,0.0006,0.2825,5,
0.8156,0.0027,0.1069,21,
0.1038,0.0134,12.3564,5,
0.0252,0.0040,74.5660,9,
0.5656,0.0737,3.3203,26,
0.0610,0.0015,3.2958,4,
0.1718,0.0348,8.9154,4,
0.1390,0.0475,13.4920,4,
0.1526,0.0037,2.4828,4,
0.3788,0.0009,0.1499,10,
0.1648,0.0239,6.4243,7,
0.0453,0.0106,45.9812,5,
0.1381,0.0983,15.8866,6,
0.2411,0.0018,0.2779,8,
0.1399,0.0012,0.5092,5,
0.8170,0.0042,0.0748,21,
0.0727,0.0143,22.7518,4,
0.0216,0.0040,99.9014,9,
0.5790,0.0727,3.3359,25,
0.0677,0.0022,3.8137,4,
0.1750,0.0355,8.8107,4,
0.1798,0.0425,9.2696,5,
0.4055,0.0014,0.2638,10,
0.2393,0.0422,5.6390,8,
0.0117,0.0050,176.6087,5,
0.1162,0.0961,18.0070,5,
0.2297,0.0099,1.5160,8,
0.1715,0.0051,1.4701,6,
0.8806,0.0063,0.0734,22,
0.0760,0.0173,20.9448,4,
0.0229,0.0032,92.5124,8,
0.4192,0.0944,3.4576,20,
0.0631,0.0062,11.9579,4,
0.2650,0.0576,5.6638,7,
0.1502,0.0032,1.2851,4,
0.3724,0.0015,0.1591,10,
0.1675,0.0244,6.4568,7,
0.0465,0.0046,46.2320,5,
0.1487,0.0879,15.4197,5,
0.2423,0.0126,1.8629,8,
0.1665,0.0043,1.7149,6,
0.8727,0.0077,0.1967,22,
0.1041,0.0109,12.0729,5,
0.0610,0.0004,0.9610,4,
0.0229,0.0034,93.9287,9,
0.0698,0.0063,10.3149,4,
0.4320,0.1053,3.7062,20,
0.0640,0.0015,3.0076,4,
0.3014,0.0658,4.9288,8,
0.3740,0.0033,0.2354,10,
0.2325,0.0716,9.9477,9,
0.1146,0.0361,18.2552,7,
0.1229,0.0817,18.3732,5,
0.2614,0.0156,1.9604,8,
0.1363,0.0004,0.3099,5,
0.8801,0.0048,0.0578,22,
0.0748,0.0162,23.0311,4,
0.0255,0.0044,93.3923,8,
0.4426,0.1150,3.8729,20,
0.0649,0.0048,9.1485,4,
0.3445,0.0631,4.0043,9,
0.1521,0.0013,0.5379,4,
0.3815,0.0049,0.2975,10,
0.1931,0.0386,7.3621,8,
0.0456,0.0055,34.1174,5,
0.1201,0.0629,18.5089,5,
0.2579,0.0148,1.9727,8,
0.1690,0.0068,1.8974,6,
0.8709,0.0134,0.1982,22,
0.0782,0.0143,20.7992,4,
0.0200,0.0044,113.1084,10,
0.0759,0.0098,13.5720,4,
0.4320,0.1012,3.6018,19,
0.0670,0.0017,3.2490,4,
0.3011,0.0719,5.2029,8,
0.2070,0.0042,0.9799,5,
0.3806,0.0020,0.1858,10,
0.1911,0.0291,6.3538,8,
0.0099,0.0027,212.9607,4,
0.1165,0.0646,19.1059,5,
0.2516,0.0167,2.2021,8,
0.1373,0.0024,0.9969,5,
0.8729,0.0091,0.2601,22,
0.0759,0.0111,20.5499,4,
0.0265,0.0033,60.0893,9,
0.4233,0.0675,2.7979,19,
0.0677,0.0053,9.2767,4,
0.2595,0.0580,5.6819,7,
0.1516,0.0024,0.8749,4,
0.3736,0.0042,0.4349,10,
0.1656,0.0310,8.0413,7,
0.0494,0.0134,43.3486,5,
0.1381,0.0909,16.4917,6,
0.2508,0.0067,0.8951,8,
0.1680,0.0061,2.3029,6,
0.8502,0.0090,0.1058,22,
0.0226,0.0039,91.7379,8,
0.4365,0.0723,2.7160,19,
0.0858,0.0151,14.2025,5,
0.1834,0.0164,3.6881,5,
0.1992,0.0008,0.2025,5,
0.3353,0.0027,0.3691,9,
0.1663,0.0102,5.7908,7,
0.0069,0.0018,321.8158,4,
0.1148,0.0781,19.4239,5,
0.2409,0.0164,2.2874,8,
0.1745,0.0053,1.4967,6,
0.8734,0.0031,0.0542,22,
0.0840,0.0083,11.8085,4,
0.0220,0.0028,92.9035,9,
0.4110,0.0669,2.8715,18,
0.0805,0.0085,9.9242,5,
0.2384,0.0134,1.9564,6,
0.3660,0.0037,0.2592,10,
0.1059,0.0448,19.4102,7,
0.2399,0.0352,5.8352,8,
0.1135,0.0777,18.0794,5,
0.2813,0.0138,1.4957,8,
0.1672,0.0025,2.5001,6,
0.8784,0.0070,0.0757,22,
0.0812,0.0139,15.9992,4,
0.0239,0.0025,70.2843,8,
0.6560,0.0855,5.0328,25,
0.2274,0.0245,3.6987,6,
0.1506,0.0029,1.0213,4,
0.3756,0.0031,0.1781,10,
0.2001,0.0772,10.5627,8,
0.0521,0.0127,42.0136,7,
0.1588,0.0762,15.4385,6,
0.2180,0.0027,0.5022,7,
0.1350,0.0018,0.7661,5,
0.8667,0.0077,0.2368,22,
0.0840,0.0081,12.2137,4,
0.0210,0.0035,109.1871,9,
0.6297,0.0854,5.0291,26,
0.2254,0.0154,2.3904,6,
0.1492,0.0014,0.5043,4,
0.3837,0.0017,1.5987,10,
0.2569,0.0392,4.3996,8,
0.1225,0.0387,18.8581,8,
0.1225,0.0740,18.0074,5,
0.2860,0.0167,1.7256,9,
0.1365,0.0003,0.2161,5,
0.8796,0.0108,0.1095,22,
0.0890,0.0110,12.3987,4,
0.0219,0.0032,98.6610,8,
0.5062,0.0638,2.6324,20,
0.0902,0.0139,12.0806,5,
0.1657,0.0041,3.2391,5,
0.3819,0.0023,0.4342,10,
0.1680,0.0267,6.7666,7,
0.1108,0.0406,18.4077,7,
0.1386,0.0904,16.0347,6,
0.2152,0.0037,0.6559,7,
0.1349,0.0043,1.9511,5,
0.8703,0.0144,0.1451,22,
0.0907,0.0124,11.5702,4,
0.0243,0.0033,80.5545,8,
0.5380,0.0696,2.7308,21,
0.0927,0.0034,5.5631,5,
0.1654,0.0006,0.1900,5,
0.2000,0.0037,0.7959,5,
0.3814,0.0006,0.1440,10,
0.1069,0.0334,19.0531,8,
0.2390,0.0346,4.6239,7,
0.1167,0.0516,17.4078,5,
0.2352,0.0094,1.4476,8,
0.1342,0.0001,3.2371,5,
0.8545,0.0135,1.8609,22,
0.0862,0.0086,8.6822,4,
0.0239,0.0025,67.2584,8,
0.5243,0.0860,4.2938,22,
0.0989,0.0064,5.3366,5,
0.1914,0.0203,4.8129,5,
0.1546,0.0047,1.5482,4,
0.3747,0.0049,0.3145,10,
0.1680,0.0232,6.2510,7,
0.0493,0.0050,31.3435,5,
0.1363,0.0683,18.3044,6,
0.2493,0.0167,2.3023,8,
0.1360,0.0026,1.9109,5,
0.8774,0.0097,0.0977,22,
0.0824,0.0111,11.9686,4,
0.0191,0.0047,107.7743,8,
0.4502,0.1194,3.7157,19,
0.0932,0.0038,6.7208,5,
0.1411,0.0099,3.9874,4,
0.3716,0.0034,0.4389,10,
0.1099,0.0452,18.8071,8,
0.1410,0.0143,5.4939,6,
0.1436,0.0944,15.3400,6,
0.2043,0.0011,0.2475,7,
0.1380,0.0048,1.9798,5,
0.8591,0.0094,3.3371,22,
0.0889,0.0114,12.0098,4,
0.0210,0.0033,105.7186,9,
0.4435,0.0958,3.5596,19,
0.0743,0.0037,5.9512,4,
0.1636,0.0159,4.9563,4,
0.3553,0.0030,0.3547,10,
0.1922,0.0570,10.6637,8,
0.0088,0.0038,242.4796,5,
0.1410,0.0933,15.9040,6,
0.2157,0.0015,0.2593,7,
0.1479,0.0009,0.8113,5,
0.8593,0.0101,0.2622,22,
0.0964,0.0111,9.8466,4,
0.0210,0.0033,110.1177,9,
0.4436,0.1050,3.5627,19,
0.2028,0.0031,1.2493,5,
0.3772,0.0014,0.2495,10,
0.1701,0.0219,5.8245,7,
0.0126,0.0025,122.8436,4,
0.1365,0.0543,18.4247,6,
0.2726,0.0128,1.5054,8,
0.1712,0.0106,2.9851,6,
0.8896,0.0097,0.2097,22,
0.0831,0.0101,12.3852,4,
0.0239,0.0031,99.7770,8,
0.1223,0.0055,3.8608,5,
0.4444,0.1064,3.5049,19,
0.2005,0.0017,0.4017,5,
0.3697,0.0034,0.2337,10,
0.2571,0.0601,5.7855,8,
0.1154,0.0384,19.0400,6,
0.1316,0.0912,16.4979,5,
0.2645,0.0073,0.9389,8,
0.1689,0.0070,1.9697,6,
0.8645,0.0078,0.2441,22,
0.0974,0.0120,10.7830,4,
0.0190,0.0049,108.4394,10,
0.1163,0.0111,6.1041,5,
0.4189,0.0954,3.6986,18,
0.1521,0.0009,9.1073,4,
0.3849,0.0023,0.1442,10,
0.2491,0.0441,5.1088,8,
0.0464,0.0067,46.5801,5,
0.1438,0.0631,16.2928,6,
0.2510,0.0091,1.1580,8,
0.1701,0.0015,0.4967,6,
0.8761,0.0070,0.1079,22,
0.0790,0.0093,13.0409,4,
0.0238,0.0039,70.8991,9,
0.1356,0.0263,10.0733,6,
0.4077,0.1031,4.0346,18,
0.3845,0.0055,0.3353,10,
0.1400,0.0139,5.5965,6,
0.0110,0.0032,168.3439,5,
0.1426,0.0997,14.8638,6,
0.2153,0.0017,0.3110,7,
0.1366,0.0010,0.4733,5,
0.8659,0.0134,1.4216,22,
0.0196,0.0030,107.9411,10,
0.1211,0.0096,5.0462,5,
0.4183,0.1097,4.1355,18,
0.1495,0.0001,0.1993,4,
0.3802,0.0043,0.2354,10,
0.1069,0.0445,19.9530,8,
0.2093,0.0853,10.6631,8,
0.1392,0.0896,17.4833,6,
0.2126,0.0021,0.4163,7,
0.1335,0.0021,1.0055,5,
0.8541,0.0076,0.2398,22,
0.0920,0.0136,13.0758,4,
0.0186,0.0046,131.3377,8,
0.1188,0.0005,0.9886,4,
0.4157,0.1120,4.3299,18,
0.3843,0.0020,0.1632,10,
0.1408,0.0171,6.5223,6,
0.0154,0.0021,69.6378,4,
0.1362,0.0969,16.7497,6,
0.2195,0.0020,0.6175,7,
0.1702,0.0041,1.2267,6,
0.8827,0.0084,0.0794,22,
0.0760,0.0142,17.5060,4,
0.0220,0.0030,95.8636,8,
0.4179,0.1040,4.0659,18,
0.1512,0.0026,0.9184,4,
0.4136,0.0056,0.4649,11,
0.1423,0.0130,5.0530,6,
0.0153,0.0036,140.8427,5,
0.1400,0.0997,15.7068,6,
0.2067,0.0010,0.3642,7,
0.1380,0.0005,0.3262,5,
0.9181,0.0168,0.2402,23,
0.0988,0.0080,11.4580,4,
0.0248,0.0028,83.9928,8,
0.0764,0.0079,10.4220,4,
0.4121,0.0945,3.7425,18,
0.0697,0.0060,17.9382,4,
0.3653,0.0024,0.3672,10,
0.2349,0.0316,4.5085,7,
0.0485,0.0074,45.2994,6,
0.1557,0.0676,15.2828,6,
0.2499,0.0081,1.1530,8,
0.1680,0.0074,2.0174,6,
0.8803,0.0083,0.1106,22,
0.0229,0.0040,93.0254,9,
0.5326,0.0818,2.4228,22,
0.2010,0.0026,4.1928,5,
0.3768,0.0048,0.3585,10,
0.1968,0.0913,11.5501,8,
0.0118,0.0057,178.7834,4,
0.1472,0.0861,16.5202,6,
0.2126,0.0018,0.3303,7,
0.1675,0.0025,0.6769,6,
0.8607,0.0034,0.8921,22,
0.0834,0.0137,14.2556,4,
0.0249,0.0028,68.4865,8,
0.5530,0.0493,2.0267,24,
0.1508,0.0010,0.3616,4,
0.4192,0.0060,0.3163,11,
0.2581,0.0339,3.8944,8,
0.1095,0.0400,18.6394,6,
0.1473,0.0737,16.8893,6,
0.2635,0.0173,1.9501,8,
0.1691,0.0045,1.2899,6,
0.8693,0.0147,0.1762,22,
0.0906,0.0149,14.0778,4,
0.0239,0.0032,92.8882,8,
0.5231,0.0510,2.0174,23,
0.1513,0.0010,0.9761,4,
0.3770,0.0030,0.2506,10,
0.1150,0.0114,6.5952,5,
0.0474,0.0084,44.4125,5,
0.1720,0.0814,14.5964,7,
0.2179,0.0027,0.4412,7,
0.1341,0.0021,0.9934,5,
0.8334,0.0073,0.0979,21,
0.0812,0.0190,20.0910,4,
0.0200,0.0029,101.2372,9,
0.4968,0.0474,2.3903,22,
0.1490,0.0031,1.1944,4,
0.4197,0.0065,6.2900,11,
0.2126,0.0798,10.7055,8,
0.0090,0.0028,223.4893,4,
0.1381,0.0635,18.4292,6,
0.2508,0.0157,1.9950,8,
0.1367,0.0006,0.3295,5,
0.8728,0.0117,0.1195,22,
0.0751,0.0180,22.8258,4,
0.0210,0.0032,95.6545,10,
0.5177,0.0447,1.9961,23,
0.2018,0.0010,1.9149,5,
0.3760,0.0055,0.4770,10,
0.2555,0.0499,5.5104,8,
0.1044,0.0051,11.0045,5,
0.1376,0.0580,16.9427,6,
0.2485,0.0100,1.5124,8,
0.1356,0.0018,5.1516,5,
0.8741,0.0034,0.0598,22,
0.0852,0.0124,12.6036,4,
0.0216,0.0039,96.5509,9,
0.5356,0.0418,1.6805,24,
0.3677,0.0040,0.2658,10,
0.2258,0.0254,3.8946,7,
0.0547,0.0132,33.8962,5,
0.1598,0.0823,15.9255,7,
0.2616,0.0126,1.4493,8,
0.1664,0.0063,2.0678,6,
0.8746,0.0078,0.1103,22,
0.0828,0.0092,22.7169,4,
0.0210,0.0037,90.7649,9,
0.4826,0.0431,2.2648,23,
0.3785,0.0032,0.4845,10,
0.2351,0.0346,4.6069,7,
0.0082,0.0049,243.1619,4,
0.1626,0.0575,16.2032,7,
0.2425,0.0107,1.5858,8,
0.1724,0.0023,4.8401,6,
0.8812,0.0064,0.0795,22,
0.0803,0.0051,7.0430,4,
0.0243,0.0026,69.5891,8,
0.4811,0.0682,2.8808,23,
0.3755,0.0028,0.1984,10,
0.1409,0.0135,5.3741,6,
0.1104,0.0398,19.0614,7,
0.1796,0.0861,14.1094,7,
0.2151,0.0039,0.7322,7,
0.1354,0.0018,5.1552,5,
0.9130,0.0089,0.1725,23,
0.0782,0.0100,25.2573,4,
0.0220,0.0032,101.6935,9,
0.4826,0.0627,2.6776,23,
0.1543,0.0044,1.4923,4,
0.3749,0.0017,0.4351,10,
0.1971,0.0987,12.1665,8,
0.1204,0.0396,18.7636,6,
0.1790,0.0777,14.1278,7,
0.2493,0.0024,0.3849,8,
0.1340,0.0031,1.6292,5,
0.8614,0.0042,0.4473,22,
0.0749,0.0099,13.3817,4,
0.0206,0.0035,82.0430,9,
0.4683,0.0571,2.5104,23,
0.1495,0.0014,0.5943,4,
0.3753,0.0040,0.4907,10,
0.1403,0.0138,5.4793,6,
0.0118,0.0041,207.8456,4,
0.1668,0.1079,14.4690,7,
0.2509,0.0043,0.5753,8,
0.1667,0.0032,2.6315,6,
0.8726,0.0095,0.1216,22,
0.0882,0.0148,14.0733,4,
0.0236,0.0041,99.0456,9,
0.4763,0.0400,3.8891,23,
0.3883,0.0038,0.2320,10,
0.2297,0.0298,4.2426,7,
0.0468,0.0049,33.5726,5,
0.1398,0.1058,15.5125,6,
0.2154,0.0043,0.8279,7,
0.1706,0.0042,1.1028,6,
0.8739,0.0095,0.1098,22,
0.0825,0.0097,19.9063,4,
0.0219,0.0033,95.4751,9,
0.5220,0.0753,4.8419,24,
0.1533,0.0019,0.6882,4,
0.3147,0.0124,1.4089,9,
0.1103,0.0405,19.3296,6,
0.1730,0.0816,15.0688,7,
0.1623,0.0835,16.0266,7,
0.2263,0.0025,0.6967,7,
0.1361,0.0002,0.8741,5,
0.8626,0.0212,0.8709,22,
0.0835,0.0178,18.4611,4,
0.0201,0.0047,92.8677,8,
0.4322,0.0462,2.5019,19,
0.0906,0.0187,15.4063,6,
0.1459,0.0037,1.5990,4,
0.4188,0.0065,0.3159,11,
0.1048,0.0065,13.4516,5,
0.1439,0.0123,4.6118,6,
0.1348,0.0613,18.7987,6,
0.2481,0.0148,1.9439,8,
0.1362,0.0009,0.4408,5,
0.8773,0.0093,0.0955,22,
0.0951,0.0105,24.8509,4,
0.0201,0.0031,110.6688,9,
0.4098,0.0373,2.7071,18,
0.0929,0.0169,14.1486,6,
0.3843,0.0032,0.3936,10,
0.2335,0.0344,4.8079,7,
0.0452,0.0029,30.9948,5,
0.1631,0.0844,15.5277,7,
0.2400,0.0076,1.1949,8,
0.1712,0.0012,0.3288,6,
0.8475,0.0108,0.1118,22,
0.1059,0.0086,9.1919,4,
0.0219,0.0044,90.8591,9,
0.4310,0.0454,2.9575,18,
0.0921,0.0155,12.7877,6,
0.3648,0.0026,0.2774,10,
0.1445,0.0130,4.7991,6,
0.1087,0.0419,19.2835,6,
0.1355,0.0876,17.3776,6,
0.2019,0.0070,1.5003,6,
0.1677,0.0018,0.6235,6,
0.9151,0.0144,0.2082,23,
0.0205,0.0030,102.0589,10,
0.0730,0.0067,10.4152,4,
0.4344,0.0524,7.0934,19,
0.3589,0.0050,0.4775,10,
0.1408,0.0213,7.9524,6,
0.0498,0.0185,40.5817,5,
0.1847,0.0780,13.9994,7,
0.2280,0.0032,0.5368,7,
0.1355,0.0021,1.3529,5,
0.8672,0.0055,0.3662,22,
0.0219,0.0032,101.5368,9,
0.0743,0.0117,15.9301,4,
0.3942,0.1304,5.0158,19,
0.1518,0.0031,1.1065,4,
0.3638,0.0056,0.3042,10,
0.2066,0.0826,10.9414,8,
0.1133,0.0048,6.2886,5,
0.1795,0.1035,14.0946,7,
0.2344,0.0037,0.5428,7,
0.1675,0.0015,0.4448,6,
0.8879,0.0169,0.1640,22,
0.0216,0.0045,110.5170,8,
0.0705,0.0065,11.1950,4,
0.3783,0.0659,3.3810,18,
0.3822,0.0034,0.5178,10,
0.1677,0.1001,14.6039,7,
0.0465,0.0026,35.9655,5,
0.1683,0.0974,15.0435,7,
0.2518,0.0027,2.3160,8,
0.1344,0.0004,0.3223,5,
0.8351,0.0085,0.1071,21,
0.2221,0.0347,11.7348,9,
0.0263,0.0029,108.8458,9,
0.0662,0.0187,26.0757,4,
0.4272,0.0589,3.3506,20,
0.3626,0.0073,0.8038,10,
0.1026,0.0420,19.3470,7,
0.2223,0.0300,5.3850,7,
0.1351,0.1008,15.8393,6,
0.2542,0.0155,1.9037,8,
0.1346,0.0009,0.3800,5,
0.8740,0.0101,0.2719,22,
0.1968,0.0544,13.4560,7,
0.0191,0.0033,117.8021,10,
0.5444,0.0667,3.0618,25,
0.2009,0.0032,0.7840,5,
0.3797,0.0034,0.1905,10,
0.1439,0.0119,4.4652,6,
0.1058,0.0410,18.9391,6,
0.1347,0.0488,19.1370,6,
0.2858,0.0190,1.9886,9,
0.1367,0.0012,0.5927,5,
0.8502,0.0070,3.4554,22,
0.2321,0.0352,12.0495,10,
0.0206,0.0048,111.6993,9,
0.5482,0.0477,2.5517,28,
0.3745,0.0013,0.2091,10,
0.1471,0.0423,15.7512,8,
0.1433,0.0156,5.9793,6,
0.1616,0.0923,15.1859,7,
0.2189,0.0024,0.4329,7,
0.1326,0.0022,1.0029,5,
0.8585,0.0076,0.5469,22,
0.1127,0.0492,21.4663,7,
0.0238,0.0036,60.5134,8,
0.5423,0.0448,5.4008,29,
0.2016,0.0025,2.3626,5,
0.4266,0.0041,0.1904,11,
0.1690,0.0081,6.3451,7,
0.1066,0.0062,19.3980,5,
0.1369,0.0479,19.1685,6,
0.2405,0.0155,2.1526,8,
0.1385,0.0030,1.3318,5,
0.8558,0.0047,0.1307,22,
0.1147,0.0377,20.4094,6,
0.0219,0.0033,101.5832,9,
0.5149,0.0480,2.6940,29,
0.1494,0.0005,0.1981,4,
0.3387,0.0024,0.3363,9,
0.1144,0.0393,19.1300,7,
0.1629,0.0181,12.0131,7,
0.1367,0.0761,16.3959,6,
0.2382,0.0169,2.4476,8,
0.1395,0.0012,0.5145,5,
0.8624,0.0066,2.8329,22,
0.1184,0.0350,20.6742,6,
0.0209,0.0036,77.6209,8,
0.5116,0.0662,2.7056,28,
0.3660,0.0031,0.8360,10,
0.1443,0.0103,5.1140,6,
0.0482,0.0054,28.1074,5,
0.1755,0.0566,15.2564,7,
0.2477,0.0128,1.6553,8,
0.1696,0.0051,1.4611,6,
0.8628,0.0061,0.3202,22,
0.0989,0.0468,22.3089,5,
0.0229,0.0029,96.7748,8,
0.3771,0.0518,5.3579,21,
0.0790,0.0162,17.7180,7,
0.3743,0.0020,1.1033,10,
0.1509,0.0146,5.0234,6,
0.0175,0.0070,140.4019,5,
0.1472,0.0592,17.5614,6,
0.2519,0.0107,1.4375,8,
0.1344,0.0013,0.6027,5,
0.8705,0.0070,0.3636,22,
0.1000,0.0397,21.9509,5,
0.0229,0.0035,103.0333,9,
0.3866,0.0467,3.1127,23,
0.0792,0.0255,23.2275,7,
0.1522,0.0021,0.7566,4,
0.3834,0.0057,0.3498,10,
0.1387,0.0070,10.9372,6,
0.1203,0.0405,18.8434,7,
0.1406,0.0521,18.4734,6,
0.2548,0.0141,1.8110,8,
0.1367,0.0038,1.6343,5,
0.8768,0.0115,0.1112,22,
0.1026,0.0326,20.8446,5,
0.0219,0.0029,93.9025,8,
0.5483,0.0494,3.3674,34,
0.1516,0.0017,0.6842,4,
0.3788,0.0029,0.7147,10,
0.1482,0.0160,5.7996,6,
0.1284,0.0413,18.3848,7,
0.1613,0.1020,15.1007,7,
0.2482,0.0034,0.4646,8,
0.1354,0.0041,1.9346,5,
0.8749,0.0143,0.1459,22,
0.1154,0.0155,11.7792,4,
0.0209,0.0039,108.3275,9,
0.0521,0.0055,16.4321,4,
0.4402,0.0483,4.8888,33,
0.3848,0.0012,0.2281,10,
0.1118,0.0433,19.3914,7,
0.2305,0.0279,3.9835,7,
0.1602,0.0839,15.8081,7,
0.2383,0.0078,1.2308,8,
0.1732,0.0066,1.7898,6,
0.8699,0.0056,0.0610,22,
0.0233,0.0029,83.8485,8,
0.4947,0.1014,3.9015,36,
0.3716,0.0053,0.5568,10,
0.1184,0.0408,18.9273,7,
0.1669,0.0918,14.4801,7,
0.1672,0.0745,15.2980,7,
0.2074,0.0022,0.4793,7,
0.1405,0.0013,0.6308,5,
0.8633,0.0181,1.1124,22,
0.0198,0.0031,103.3451,10,
0.4865,0.1053,4.6585,38,
0.1481,0.0016,0.5973,4,
0.4102,0.0043,0.3173,11,
0.1056,0.0400,19.8089,6,
0.1612,0.0127,15.8201,7,
0.1655,0.0662,15.9061,7,
0.2350,0.0024,0.3527,7,
0.1339,0.0009,1.6101,5,
0.8769,0.0062,0.1810,22,
0.0191,0.0029,111.8103,9,
0.4403,0.0863,5.5495,38,
0.3634,0.0028,0.2436,10,
0.2318,0.0268,3.7183,7,
0.0497,0.0047,44.5776,6,
0.1594,0.0682,15.9209,6,
0.2573,0.0135,1.6029,8,
0.1356,0.0058,2.3830,5,
0.8796,0.0105,0.1468,22,
0.0237,0.0035,58.0775,8,
0.3915,0.0574,7.2720,36,
0.2048,0.0023,2.2291,5,
0.4205,0.0042,0.2206,11,
0.1076,0.0391,19.8668,7,
0.2019,0.0957,11.9509,8,
0.1710,0.0722,15.0938,7,
0.2180,0.0030,0.5530,7,
0.1367,0.0031,1.4318,5,
0.8693,0.0067,0.1165,22,
0.0229,0.0038,83.9022,9,
0.3612,0.0440,8.7156,35,
0.3842,0.0028,1.8943,10,
0.1508,0.0233,7.6898,6,
0.1201,0.0402,18.8437,7,
0.1693,0.0942,14.6407,7,
0.2540,0.0066,0.8777,8,
0.1687,0.0037,2.4061,6,
0.8715,0.0184,0.1971,22,
0.0219,0.0025,69.5694,8,
0.3380,0.0486,9.7085,35,
0.1489,0.0004,0.6856,4,
0.4227,0.0032,2.7747,11,
0.1448,0.0080,5.2011,6,
0.0506,0.0111,40.8721,5,
0.1594,0.0410,16.6141,7,
0.2544,0.0087,1.1922,8,
0.1717,0.0045,1.4591,6,
0.8750,0.0081,0.2119,22,
0.0264,0.0027,98.0217,9,
0.3247,0.0597,9.5054,34,
0.1514,0.0029,1.0770,4,
0.3700,0.0040,0.5105,10,
0.1199,0.0393,18.3370,7,
0.1746,0.0786,14.3471,7,
0.1615,0.0452,16.3472,7,
0.2180,0.0020,0.3658,7,
0.1340,0.0014,0.6702,5,
0.8401,0.0139,0.1547,21,
0.0222,0.0029,95.5569,9,
0.2450,0.0276,4.9094,27,
0.1517,0.0042,1.4341,4,
0.3771,0.0025,0.4698,10,
0.1109,0.0450,19.4059,7,
0.1434,0.0148,5.7122,6,
0.1608,0.0941,15.0284,7,
0.2166,0.0023,0.4344,7,
0.1403,0.0040,1.5334,5,
0.8531,0.0053,0.0689,22,
0.0172,0.0038,133.0788,10,
0.2588,0.0300,3.5074,29,
0.1507,0.0014,1.6385,4,
0.3793,0.0033,0.4975,10,
0.1124,0.0406,18.3539,7,
0.1964,0.0902,11.9236,8,
0.1605,0.1010,14.8453,7,
0.2089,0.0019,0.7318,7,
0.1439,0.0006,0.5456,5,
0.8227,0.0054,0.1281,21,
0.0205,0.0025,96.7013,8,
0.1714,0.0165,5.2745,19,
0.3828,0.0021,0.4658,10,
0.1404,0.0179,6.8124,6,
0.0458,0.0041,30.3226,5,
0.1603,0.0735,15.9903,7,
0.2550,0.0066,0.8791,8,
0.1360,0.0030,1.2892,5,
0.8632,0.0115,0.4704,22,
0.0210,0.0029,102.2312,9,
0.1603,0.0078,2.3044,12,
0.3755,0.0032,0.2094,10,
0.1478,0.0145,5.1097,6,
0.0468,0.0018,31.1931,5,
0.1478,0.0377,13.8486,6,
0.2600,0.0106,1.4499,8,
0.1331,0.0038,1.6999,5,
0.8836,0.0064,0.0905,22,
0.0191,0.0029,110.8144,9,
0.1379,0.0073,3.2708,10,
0.3763,0.0025,3.0255,10,
0.1286,0.0194,8.4972,5,
0.1250,0.0387,18.1752,7,
0.1698,0.0886,14.8740,7,
0.2537,0.0109,1.3957,8,
0.1361,0.0002,0.8826,5,
0.8942,0.0195,0.2309,22,
0.0224,0.0022,78.4257,9,
0.0485,0.0006,2.0133,4,
0.0609,0.0018,5.0037,5,
0.2041,0.0023,1.1390,5,
0.3792,0.0020,0.2160,10,
0.2057,0.0220,4.4856,7,
0.1254,0.0409,18.6018,7,
0.1643,0.0891,15.2310,7,
0.2513,0.0028,0.3736,8,
0.1711,0.0015,1.0608,6,
0.8301,0.0066,0.0977,21,
0.0204,0.0053,113.1823,9,
0.0720,0.0027,42.9787,7,
0.1490,0.0010,0.7378,4,
0.3782,0.0022,0.1750,10,
0.0978,0.0054,10.6539,6,
0.1526,0.0168,5.8772,6,
0.1372,0.0515,18.7561,6,
0.2515,0.0143,1.8268,8,
0.1702,0.0094,2.6594,6,
0.8765,0.0067,0.0709,22,
0.0185,0.0049,124.3723,10,
0.0632,0.0020,6.2809,8,
0.3872,0.0057,0.3879,10,
0.2075,0.0220,6.0766,7,
0.0460,0.0078,45.9390,5,
0.1628,0.0964,15.3899,7,
0.2401,0.0091,1.2157,8,
0.1398,0.0041,1.6887,5,
0.8709,0.0086,0.1064,22,
0.0235,0.0041,88.2442,8,
0.0595,0.0111,23.4326,6,
0.0687,0.0331,31.1691,16,
0.3743,0.0009,0.1985,10,
0.1440,0.0090,4.1186,6,
0.0136,0.0062,172.8792,5,
0.1340,0.0520,18.4935,6,
0.2448,0.0151,2.2744,8,
0.1398,0.0009,0.7469,5,
0.8824,0.0080,0.0921,22,
0.0218,0.0037,76.9869,8,
0.1079,0.0404,23.7193,26,
0.3999,0.0042,0.3187,11,
0.2263,0.0282,4.2672,7,
0.1117,0.0458,18.9055,6,
0.1850,0.0489,14.3855,7,
0.2498,0.0077,1.0853,8,
0.1684,0.0034,1.2126,6,
0.8757,0.0057,0.1119,22,
0.0210,0.0047,108.1483,10,
0.1050,0.0361,24.5221,25,
0.1510,0.0006,0.2029,4,
0.4028,0.0020,1.7106,11,
0.2257,0.0290,4.6128,7,
0.1202,0.0409,18.3948,6,
0.1835,0.0761,14.0960,7,
0.2575,0.0108,1.3938,8,
0.1686,0.0050,1.4786,6,
0.8716,0.0082,0.1336,22,
0.0210,0.0029,95.4465,8,
0.0658,0.0346,33.7157,18,
0.4263,0.0157,0.8319,11,
0.1434,0.0112,4.9194,6,
0.1063,0.0404,19.1705,6,
0.1478,0.0393,14.4605,6,
0.2575,0.0138,1.6628,8,
0.1705,0.0003,0.2188,6,
0.8691,0.0092,0.1769,22,
0.2524,0.0436,7.3691,17,
0.0766,0.0051,10.7571,5,
0.0689,0.0456,30.4310,19,
0.1482,0.0017,3.0779,4,
0.4252,0.0048,0.3071,11,
0.1631,0.0160,17.6174,7,
0.1695,0.0903,15.2898,7,
0.2180,0.0017,0.4080,7,
0.1340,0.0023,2.1957,5,
0.8882,0.0113,0.1178,22,
0.0238,0.0035,58.2023,8,
0.0314,0.0055,41.9188,4,
0.0558,0.0008,5.0838,5,
0.0726,0.0506,29.2885,19,
0.3705,0.0028,0.4105,10,
0.1609,0.0180,17.9175,7,
0.1139,0.0456,19.1557,7,
0.1635,0.0659,16.0540,7,
0.2152,0.0027,0.4866,7,
0.1363,0.0004,0.3102,5,
0.8489,0.0041,1.5959,22,
0.0212,0.0034,84.6071,9,
0.0304,0.0059,47.4442,4,
0.0942,0.0077,7.6764,7,
0.0931,0.0495,24.3015,20,
0.1584,0.0116,4.2190,4,
0.2490,0.0022,1.0109,6,
0.3822,0.0036,0.1936,10,
0.1616,0.0133,8.6506,7,
0.0482,0.0089,35.1017,4,
0.1610,0.0437,16.9851,7,
0.2483,0.0138,2.0349,8,
0.1340,0.0031,1.6292,5,
0.8752,0.0104,0.1024,22,
0.0235,0.0023,120.3531,8,
0.0951,0.0046,34.8391,8,
0.0856,0.0434,25.5725,20,
0.1972,0.0212,4.1089,5,
0.4225,0.0020,0.2317,11,
0.1994,0.0797,10.9848,8,
0.0108,0.0027,187.4911,4,
0.1353,0.0717,17.5942,6,
0.2820,0.0169,1.7589,9,
0.1353,0.0010,0.4595,5,
0.8761,0.0070,0.0735,22,
0.0185,0.0037,114.8053,10,
0.0668,0.0005,32.4015,7,
0.0787,0.0476,26.2795,20,
0.1709,0.0017,0.7688,5,
0.3825,0.0032,0.7253,10,
0.2268,0.0313,4.5004,7,
0.0431,0.0051,44.7438,4,
0.1621,0.0850,15.3957,7,
0.2394,0.0104,1.7012,8,
0.1734,0.0107,2.9933,6,
0.8754,0.0078,0.0872,22,
0.0219,0.0037,109.2455,8,
0.0806,0.0010,3.8314,8,
0.2022,0.0575,12.0423,22,
0.2208,0.0200,3.4778,6,
0.3474,0.0038,0.2713,9,
0.1398,0.0120,4.5476,6,
0.1161,0.0383,17.9287,7,
0.1621,0.0973,14.8383,7,
0.2194,0.0046,0.7996,7,
0.1684,0.0032,0.9728,6,
0.8802,0.0065,0.1193,22,
0.0224,0.0022,92.6982,9,
0.0808,0.0030,4.1556,8,
0.0828,0.0368,26.0612,20,
0.2404,0.0084,1.1809,7,
0.1992,0.0013,0.4056,5,
0.3729,0.0037,0.5901,10,
0.1987,0.0684,10.8475,8,
0.1124,0.0399,18.9212,6,
0.1773,0.0666,15.0635,7,
0.2083,0.0020,0.4617,7,
0.1359,0.0014,0.5964,5,
0.8670,0.0200,0.3461,22,
0.0205,0.0034,101.6802,9,
0.0803,0.0037,4.7099,8,
0.0834,0.0487,26.2263,21,
0.2551,0.0051,2.7249,7,
0.1503,0.0019,0.7727,4,
0.3761,0.0040,0.2237,10,
0.1734,0.0866,14.5272,7,
0.0463,0.0054,37.2529,5,
0.1745,0.0808,14.8487,7,
0.2162,0.0025,0.4436,7,
0.1344,0.0031,2.1454,5,
0.9049,0.0057,0.0866,23,
0.0219,0.0025,78.8092,8,
0.0694,0.0022,3.8384,8,
0.1437,0.0498,16.4431,22,
0.2546,0.0057,0.8012,7,
0.3844,0.0022,1.3386,10,
0.2419,0.0364,4.4321,7,
0.1165,0.0402,18.6728,6,
0.1669,0.0856,15.3904,7,
0.2502,0.0141,1.8800,8,
0.1700,0.0025,3.2742,6,
0.8743,0.0118,0.1305,22,
0.0238,0.0039,66.0063,8,
0.0888,0.0017,2.9538,10,
0.0758,0.0396,29.2516,21,
0.3049,0.0042,1.5669,8,
0.2532,0.0018,2.9069,6,
0.3791,0.0035,0.2279,10,
0.1671,0.0844,14.3285,7,
0.1670,0.0879,15.1992,7,
0.2181,0.0020,0.5772,7,
0.1675,0.0015,0.4448,6,
0.8692,0.0126,0.1304,22,
0.0191,0.0030,114.2883,9,
0.0854,0.0038,3.9146,9,
0.0787,0.0520,27.1602,21,
0.2707,0.0095,1.1914,7,
0.3873,0.0017,0.3347,10,
0.2357,0.0388,4.8660,7,
0.0474,0.0010,34.3039,5,
0.1617,0.0663,15.8425,7,
0.2388,0.0123,1.7884,8,
0.1353,0.0026,2.9695,5,
0.8659,0.0054,2.3569,22,
0.0210,0.0044,89.9974,9,
0.0249,0.0079,73.7128,4,
0.0923,0.0020,1.9905,10,
0.0810,0.0346,26.7034,21,
0.1394,0.0074,3.1530,4,
0.3802,0.0038,0.3860,10,
0.2166,0.0353,5.5343,7,
0.1173,0.0404,18.6813,6,
0.1600,0.1026,14.7620,7,
0.2152,0.0032,0.5839,7,
0.1682,0.0086,2.3209,6,
0.8665,0.0068,0.0822,22,
0.0202,0.0036,86.5055,8,
0.0981,0.0069,8.5424,10,
0.0844,0.0463,26.1210,21,
0.1859,0.0095,2.7113,5,
0.1510,0.0005,0.1770,4,
0.3650,0.0032,1.2706,10,
0.2209,0.0242,3.9882,7,
0.1062,0.0382,19.4946,6,
0.1633,0.0462,15.6313,7,
0.2463,0.0102,1.4818,8,
0.1684,0.0030,5.8613,6,
0.8685,0.0042,0.0588,22,
0.0247,0.0024,69.8583,9,
0.1851,0.0146,3.7245,5,
0.0673,0.0019,3.5701,8,
0.0854,0.0486,25.5211,21,
0.1830,0.0154,3.4010,5,
0.3706,0.0031,0.6587,10,
0.1632,0.0158,16.6201,7,
0.1613,0.0654,15.7705,7,
0.2108,0.0017,0.3837,7,
0.1384,0.0022,0.9480,5,
0.8555,0.0037,0.0818,22,
0.0210,0.0037,109.5443,9,
0.2568,0.0272,3.3638,7,
0.0768,0.0009,1.6634,8,
0.1095,0.0356,22.7075,21,
0.1573,0.0132,4.5673,4,
0.3613,0.0012,0.2461,10,
0.2136,0.0228,3.9379,7,
0.0110,0.0016,102.1078,4,
0.1598,0.0854,15.7237,7,
0.2438,0.0065,1.0067,8,
0.1789,0.0049,1.2713,6,
0.8747,0.0091,0.1255,22,
0.0206,0.0025,94.8881,9,
0.1587,0.0125,4.0441,5,
0.1061,0.0081,6.2802,8,
0.0793,0.0378,28.7766,20,
0.1657,0.0182,5.0814,5,
0.4175,0.0055,0.5836,11,
0.1375,0.0207,8.1964,6,
0.0479,0.0021,16.3371,5,
0.1796,0.0775,14.5655,7,
0.2148,0.0031,0.5416,7,
0.1339,0.0008,0.3783,5,
0.8619,0.0114,0.8760,22,
0.0229,0.0029,93.6920,8,
0.1297,0.0194,8.3510,4,
0.1011,0.0077,20.1158,7,
0.0750,0.0477,28.5503,19,
0.1728,0.0081,3.3483,5,
0.3766,0.0027,0.2354,10,
0.1411,0.0186,7.1478,6,
0.0489,0.0053,43.9359,5,
0.1726,0.1009,14.4824,7,
0.2479,0.0039,0.5530,8,
0.1355,0.0041,1.9060,5,
0.8322,0.0034,0.0952,21,
0.0210,0.0032,76.8920,9,
0.0533,0.0016,4.7036,5,
0.0875,0.0366,26.8087,18,
0.2412,0.0180,2.6697,6,
0.1509,0.0013,0.5562,4,
0.3792,0.0049,0.9294,10,
0.1114,0.0397,19.0517,7,
0.2238,0.0298,4.4059,7,
0.1682,0.0925,14.7432,7,
0.2513,0.0049,0.6811,8,
0.1703,0.0104,2.9108,6,
0.8787,0.0073,0.1081,22,
0.0197,0.0043,104.2799,9,
0.0767,0.0055,7.4609,5,
0.0570,0.0213,34.7772,13,
0.2477,0.0100,1.3958,6,
0.2538,0.0047,2.8582,6,
0.3789,0.0030,0.1936,10,
0.1476,0.0275,9.1726,6,
0.0498,0.0043,24.4083,5,
0.1660,0.1026,14.8996,7,
0.2180,0.0018,0.3120,7,
0.1657,0.0060,2.3699,6,
0.8740,0.0142,0.1636,22,
0.0177,0.0043,126.7462,8,
0.1877,0.0543,9.8030,16,
0.1483,0.0110,4.0276,4,
0.3739,0.0073,0.3896,10,
0.1395,0.0196,7.7149,6,
0.0491,0.0077,43.9188,5,
0.1630,0.0866,15.0209,7,
0.2181,0.0013,0.2319,7,
0.1359,0.0009,0.4429,5,
0.8562,0.0078,0.9054,22,
0.0196,0.0039,102.2327,9,
0.2359,0.0165,2.3619,7,
0.1532,0.0040,1.5350,4,
0.4272,0.0076,0.3263,11,
0.2513,0.0421,4.8838,8,
0.1088,0.0418,18.9702,5,
0.1371,0.0351,15.4483,6,
0.2484,0.0143,1.8445,8,
0.1699,0.0049,1.4005,6,
0.8700,0.0084,0.0852,22,
0.0258,0.0030,85.7412,8,
0.2400,0.0162,2.1970,7,
0.1479,0.0036,7.2496,4,
0.3725,0.0022,0.1587,10,
0.1204,0.0402,18.9932,7,
0.2296,0.0276,3.9348,7,
0.1599,0.0495,16.2428,7,
0.2433,0.0131,1.7917,8,
0.1294,0.0011,1.2408,5,
0.8786,0.0071,0.0729,22,
0.0185,0.0047,117.0656,9,
0.2072,0.0118,2.3774,6,
0.1487,0.0011,0.9854,4,
0.4107,0.0046,0.2974,11,
0.1607,0.0131,17.5300,7,
0.1083,0.0394,19.2459,5,
0.1379,0.0700,16.6296,6,
0.2750,0.0151,1.9301,8,
0.1379,0.0037,1.4721,5,
0.8633,0.0039,0.1676,22,
0.0201,0.0035,102.5029,9,
0.1627,0.0125,3.8087,5,
0.0779,0.0031,3.8988,4,
0.1901,0.0152,3.9765,4,
0.3643,0.0052,0.4450,10,
0.0991,0.0397,20.1627,6,
0.2397,0.0324,4.2294,7,
0.1741,0.0362,13.3071,7,
0.2505,0.0177,2.3820,8,
0.1694,0.0043,1.3317,6,
0.8603,0.0073,0.1143,22,
0.0201,0.0033,116.4007,9,
0.1193,0.0123,6.4936,4,
0.1127,0.0043,2.6889,4,
0.1590,0.0182,6.3656,5,
0.3673,0.0040,0.3845,10,
0.2331,0.0348,4.3463,7,
0.0492,0.0065,30.6315,5,
0.1781,0.0474,14.3273,7,
0.2667,0.0140,1.5630,8,
0.1705,0.0089,2.4277,6,
0.8596,0.0066,0.2401,22,
0.0238,0.0039,69.2520,8,
0.1162,0.0021,1.2984,4,
0.1012,0.0051,3.9765,4,
0.2514,0.0435,5.0807,7,
0.1517,0.0008,0.2939,4,
0.4251,0.0075,0.3421,11,
0.1629,0.0122,8.7080,7,
0.0473,0.0058,43.3282,4,
0.1672,0.0892,14.1094,7,
0.2516,0.0191,2.5751,8,
0.1714,0.0011,0.3269,6,
0.8788,0.0076,0.0804,22,
0.0233,0.0026,72.7821,8,
0.1029,0.0005,0.4347,4,
0.0346,0.0055,33.3136,6,
0.0885,0.0049,5.0799,4,
0.2315,0.0195,2.8458,8,
0.1482,0.0037,1.6034,4,
0.3782,0.0030,0.2202,10,
0.1089,0.0418,19.0611,7,
0.2013,0.0699,10.8670,8,
0.1670,0.0846,15.0833,7,
0.2179,0.0023,0.3614,7,
0.1695,0.0076,2.0213,6,
0.8836,0.0128,0.2111,22,
0.0207,0.0036,82.3143,9,
0.1301,0.0062,3.2323,5,
0.0547,0.0126,53.4444,9,
0.0669,0.0018,3.1018,4,
0.2636,0.0313,3.4684,9,
0.1541,0.0031,1.7129,4,
0.4165,0.0064,0.4293,11,
0.2033,0.0996,12.0586,8,
0.1230,0.0958,15.4384,7,
0.1363,0.0557,19.0016,6,
0.2804,0.0227,2.4224,9,
0.1346,0.0009,0.3800,5,
0.8505,0.0083,2.1182,22,
0.0216,0.0045,112.7042,8,
0.0946,0.0086,8.0248,4,
0.1808,0.0167,14.8353,5,
0.1082,0.0048,3.1923,4,
0.2466,0.0249,3.1540,9,
0.3834,0.0016,0.1673,10,
0.1231,0.0401,18.1280,7,
0.1444,0.0154,5.5278,6,
0.1620,0.0350,16.0239,7,
0.2409,0.0140,2.0184,8,
0.1306,0.0003,0.2225,5,
0.8752,0.0062,0.0824,22,
0.0214,0.0025,98.2790,9,
0.2234,0.0123,3.7408,6,
0.1348,0.0069,3.1686,4,
0.2619,0.0255,2.8455,10,
0.1523,0.0024,0.8070,4,
0.3636,0.0038,0.3738,10,
0.2364,0.0272,3.8368,7,
0.0118,0.0049,184.3436,4,
0.1619,0.0307,16.5740,7,
0.2392,0.0099,1.5594,8,
0.1426,0.0005,0.6404,5,
0.8760,0.0070,0.0732,22,
0.0239,0.0035,99.8722,8,
0.2279,0.0128,1.9580,6,
0.0538,0.0036,11.0559,4,
0.3305,0.0276,2.2528,14,
0.3659,0.0035,0.2689,10,
0.1978,0.0178,3.3882,6,
0.1246,0.0428,17.6980,6,
0.2084,0.0772,13.2392,8,
0.2562,0.0084,1.0582,8,
0.1347,0.0033,1.4026,5,
0.8596,0.0062,0.1612,22,
0.0197,0.0046,120.2265,8,
0.2879,0.0241,2.3351,7,
0.0617,0.0009,2.0622,4,
0.3888,0.0458,2.5557,17,
0.1528,0.0019,16.6659,4,
0.4239,0.0050,0.4360,11,
0.2356,0.0239,3.3293,7,
0.0505,0.0057,42.1645,5,
0.1672,0.0468,16.7254,7,
0.2834,0.0148,1.5030,9,
0.1685,0.0011,0.3595,6,
0.8777,0.0119,0.1342,22,
0.0210,0.0036,109.7553,9,
0.2768,0.0301,2.9781,7,
0.0924,0.0059,5.6787,4,
0.4225,0.0512,2.2350,19,
0.3816,0.0033,0.3154,10,
0.1190,0.0437,18.8014,7,
0.2254,0.0351,5.3658,7,
0.1940,0.0600,14.5426,8,
0.2511,0.0069,0.9316,8,
0.1349,0.0014,0.6003,5,
0.8751,0.0080,0.1030,22,
0.0210,0.0042,99.2037,10,
0.3194,0.0356,2.9754,8,
0.4521,0.0496,2.0047,21,
0.1517,0.0029,1.1207,4,
0.3829,0.0039,0.1968,10,
0.1402,0.0087,11.8649,6,
0.0507,0.0097,41.1426,5,
0.1591,0.0414,17.2506,7,
0.2911,0.0145,1.5447,9,
0.1712,0.0029,0.8066,6,
0.8732,0.0041,0.2370,22,
0.0191,0.0055,122.1023,10,
0.2617,0.0253,3.1749,7,
0.1141,0.0073,4.8129,4,
0.4691,0.0607,2.2391,22,
0.1491,0.0021,0.8296,4,
0.4158,0.0087,0.8037,11,
0.1108,0.0465,19.7765,7,
0.2288,0.0303,4.0549,7,
0.1603,0.0193,17.5246,7,
0.2536,0.0088,1.2349,8,
0.1376,0.0019,0.7511,5,
0.8693,0.0053,0.0542,22,
0.0206,0.0040,104.9152,9,
0.2920,0.0389,3.3485,8,
0.4597,0.0699,2.5128,23,
0.3662,0.0034,0.3131,10,
0.0962,0.0410,20.5901,5,
0.2242,0.0376,5.3679,7,
0.1626,0.0832,15.5581,7,
0.2520,0.0128,1.7459,8,
0.1718,0.0075,2.1699,6,
0.8824,0.0044,0.0640,22,
0.0193,0.0040,98.7992,9,
0.3248,0.0466,3.3624,9,
0.0632,0.0017,3.4035,4,
0.0680,0.0019,3.2982,4,
0.4727,0.0572,2.0409,23,
0.3783,0.0027,0.3098,10,
0.1004,0.0425,19.9696,7,
0.1434,0.0140,5.2957,6,
0.1641,0.0796,15.3055,7,
0.2424,0.0035,0.5628,8,
0.1410,0.0012,0.5208,5,
0.8637,0.0070,0.2851,22,
0.0239,0.0028,84.1846,8,
0.2779,0.0415,4.2007,8,
0.1128,0.0070,4.7254,4,
0.0877,0.0022,2.5025,5,
0.4640,0.0599,2.1507,24,
0.0675,0.0019,3.5483,4,
0.3670,0.0021,0.2792,10,
0.2307,0.0304,4.3375,7,
0.1092,0.0472,19.1247,7,
0.1775,0.0542,15.5924,7,
0.2823,0.0142,1.4994,9,
0.1369,0.0014,0.6571,5,
0.8631,0.0070,0.2752,22,
0.0197,0.0043,113.0103,8,
0.3693,0.0849,4.1024,10,
0.0719,0.0029,4.7566,4,
0.1054,0.0055,4.0788,6,
0.4309,0.0542,2.3291,24,
0.0912,0.0158,17.6620,5,
0.1538,0.0023,0.8774,4,
0.3859,0.0006,0.1499,10,
0.1009,0.0440,20.2254,6,
0.1605,0.0342,17.2124,7,
0.1689,0.0667,15.4032,7,
0.2509,0.0020,0.2733,8,
0.1380,0.0024,0.9888,5,
0.8630,0.0060,0.0890,22,
0.0210,0.0040,105.1613,9,
0.3470,0.0663,3.9614,10,
0.0646,0.0021,4.0053,4,
0.1214,0.0086,4.5577,6,
0.4359,0.0523,2.1768,25,
0.1097,0.0208,11.9468,6,
0.3803,0.0033,0.2195,10,
0.2240,0.0360,4.7420,7,
0.1083,0.0472,18.8852,7,
0.1654,0.0382,17.0111,7,
0.2894,0.0160,1.6712,9,
0.1393,0.0067,2.8338,5,
0.8815,0.0064,0.0894,22,
0.0207,0.0040,93.2589,10,
0.2970,0.0501,4.1101,9,
0.0804,0.0060,7.1559,5,
0.1211,0.0090,4.5105,6,
0.4314,0.0889,3.2856,25,
0.1100,0.0287,17.7333,6,
0.3881,0.0118,0.6224,10,
0.1095,0.0453,19.3393,8,
0.1871,0.0855,11.7487,8,
0.1644,0.0899,15.0362,7,
0.2547,0.0014,0.3013,8,
0.1350,0.0004,0.3142,5,
0.9038,0.0132,0.7740,23,
0.0209,0.0027,99.6475,10,
0.0745,0.0118,19.6159,8,
0.1756,0.0288,7.2647,6,
0.0900,0.0055,5.7930,5,
0.1049,0.0013,1.1552,6,
0.4788,0.1249,3.4831,27,
0.1216,0.0219,11.3641,7,
0.1515,0.0091,3.2241,4,
0.3852,0.0014,0.4307,10,
0.1271,0.0408,18.4879,8,
0.2297,0.0286,4.2053,7,
0.1607,0.0474,17.1124,7,
0.2726,0.0080,0.9985,9,
0.1366,0.0014,0.6580,5,
0.8718,0.0070,0.0769,22,
0.0214,0.0029,93.3591,9,
0.2127,0.0366,5.9224,7,
0.0893,0.0068,11.4624,5,
0.1092,0.0034,2.3459,6,
0.4922,0.1650,3.9310,29,
0.1384,0.0185,8.4831,8,
0.3976,0.0015,0.3091,10,
0.1142,0.0374,19.1792,7,
0.2382,0.0291,3.9854,7,
0.1605,0.0355,15.1125,7,
0.2425,0.0118,1.5883,8,
0.1350,0.0018,0.7656,5,
0.8724,0.0099,0.1044,22,
0.0199,0.0040,99.1302,10,
0.2290,0.0179,3.7771,8,
0.0501,0.0017,5.6612,4,
0.1100,0.0032,2.2298,6,
0.5883,0.1984,3.3719,32,
0.1125,0.0163,9.5096,8,
0.3911,0.0153,0.9883,10,
0.1028,0.0433,19.2991,6,
0.1757,0.0858,12.3634,7,
0.1606,0.0735,15.2437,7,
0.2856,0.0168,1.8669,9,
0.1311,0.0024,2.4735,5,
0.8573,0.0145,0.4822,22,
0.0215,0.0026,82.6590,8,
0.1912,0.0107,14.7962,7,
0.0732,0.0016,12.4297,5,
0.1575,0.0074,2.9127,7,
0.5388,0.1247,3.6425,30,
0.1165,0.0256,12.9695,9,
0.1471,0.0027,1.0204,4,
0.3375,0.0038,0.2711,9,
0.1097,0.0478,19.5295,7,
0.2421,0.0284,3.5127,7,
0.1860,0.0537,13.9266,7,
0.2494,0.0069,0.9761,8,
0.1386,0.0032,1.3627,5,
0.8741,0.0068,0.1290,22,
0.0163,0.0034,139.6908,9,
0.1269,0.0146,7.2070,5,
0.0996,0.0041,26.1176,6,
0.1094,0.0022,1.7351,6,
0.5875,0.0693,4.6619,32,
0.1994,0.0023,1.3982,5,
0.3429,0.0030,4.5164,9,
0.1078,0.0489,20.2433,7,
0.2281,0.0281,6.4114,7,
0.1768,0.0357,13.6185,7,
0.2603,0.0093,1.1517,8,
0.1372,0.0009,0.7364,5,
0.8625,0.0053,0.6727,22,
0.0200,0.0029,107.3311,9,
0.0950,0.0035,3.2316,4,
0.0893,0.0042,7.4676,6,
0.0861,0.0033,3.5009,5,
0.4208,0.0434,6.0547,20,
0.2828,0.0241,2.4718,13,
0.1505,0.0026,0.9567,4,
0.3528,0.0043,6.2012,9,
0.1084,0.0465,18.8592,7,
0.1724,0.0674,12.0174,7,
0.1964,0.0888,13.5996,8,
0.2511,0.0041,0.5332,8,
0.1367,0.0007,5.3826,5,
0.8722,0.0072,0.0856,22,
0.0191,0.0029,113.9806,9,
0.0635,0.0054,10.7251,5,
0.1342,0.0110,4.6505,6,
0.5680,0.1134,2.3079,32,
0.1992,0.0017,0.3378,5,
0.3508,0.0125,2.5686,9,
0.1043,0.0478,19.5718,7,
0.1738,0.0990,13.9727,7,
0.1381,0.0784,17.2574,6,
0.2911,0.0177,1.7770,9,
0.1350,0.0006,8.0507,5,
0.8829,0.0111,0.1311,22,
0.0195,0.0034,112.2539,9,
0.0721,0.0056,9.5897,6,
0.0983,0.0028,2.3251,5,
0.5628,0.1057,2.2345,31,
0.2018,0.0041,0.8429,5,
0.4063,0.0058,0.3560,10,
0.0971,0.0407,20.4649,7,
0.1445,0.0116,4.3531,6,
0.1602,0.0389,16.3068,7,
0.2674,0.0159,1.8756,9,
0.1372,0.0009,0.3815,5,
0.8713,0.0021,0.0436,22,
0.0205,0.0035,94.2397,10,
0.0824,0.0032,13.2364,6,
0.0787,0.0046,5.6669,4,
0.5830,0.1070,2.1426,31,
0.1977,0.0020,0.4612,5,
0.3589,0.0024,0.2317,9,
0.1172,0.0069,4.0519,5,
0.1112,0.0410,18.9904,5,
0.1900,0.0842,13.8814,8,
0.2439,0.0046,0.6540,8,
0.1352,0.0038,1.6209,5,
0.8544,0.0039,0.1161,22,
0.0210,0.0034,99.6139,9,
0.0538,0.0015,22.3203,5,
0.5860,0.1153,2.2412,30,
0.1480,0.0025,2.7532,4,
0.3386,0.0015,0.2299,9,
0.1062,0.0402,19.7062,6,
0.2321,0.0320,4.4742,7,
0.1623,0.0260,16.2735,7,
0.2424,0.0146,1.9808,8,
0.1420,0.0004,0.3227,5,
0.8601,0.0043,0.1097,22,
0.0224,0.0039,102.8720,10,
0.0471,0.0029,10.6490,5,
0.5828,0.1192,2.3770,30,
0.2514,0.0035,0.7227,6,
0.3511,0.0037,0.2829,9,
0.1155,0.0471,18.1726,8,
0.1227,0.0118,6.0742,5,
0.2090,0.0612,13.2815,8,
0.2423,0.0038,0.5316,8,
0.1349,0.0002,0.8505,5,
0.8610,0.0044,0.7912,22,
0.0200,0.0040,104.2406,10,
0.1009,0.0133,10.0068,6,
0.5928,0.1333,2.5241,30,
0.1524,0.0013,1.8010,4,
0.3788,0.0054,0.4936,10,
0.1004,0.0417,20.7551,7,
0.1683,0.0770,14.2034,7,
0.1991,0.0718,13.9932,8,
0.2210,0.0008,0.2956,7,
0.1369,0.0006,0.3283,5,
0.8823,0.0101,0.0949,22,
0.0239,0.0035,100.8563,8,
0.0736,0.0035,26.4140,6,
0.6025,0.1461,2.6193,30,
0.3786,0.0037,0.4963,10,
0.1110,0.0417,19.2147,6,
0.1663,0.0124,6.8393,7,
0.1973,0.0748,13.9918,8,
0.2546,0.0027,0.3793,8,
0.1361,0.0023,2.1711,5,
0.8692,0.0111,0.1533,22,
0.0216,0.0048,106.8330,10,
0.0723,0.0092,17.0778,6,
0.5766,0.1195,2.3884,29,
0.1489,0.0045,1.6205,4,
0.3796,0.0016,4.8036,10,
0.1197,0.0130,7.0881,5,
0.0472,0.0043,41.9111,4,
0.1594,0.0391,16.4110,7,
0.2948,0.0143,1.3941,9,
0.1349,0.0063,2.5917,5,
0.8797,0.0096,0.1263,22,
0.0181,0.0044,121.9227,9,
0.0661,0.0086,15.7503,6,
0.5787,0.1328,2.6260,29,
0.3953,0.0022,0.2050,10,
0.1037,0.0452,19.6324,8,
0.2226,0.0271,4.2409,7,
0.1602,0.0832,15.7083,7,
0.2874,0.0102,1.1697,9,
0.1363,0.0038,1.8872,5,
0.8634,0.0095,0.1100,22,
0.0214,0.0036,85.2487,10,
0.0745,0.0047,42.1887,6,
0.5794,0.1318,2.5714,29,
0.1995,0.0024,0.6155,5,
0.4128,0.0041,0.2197,10,
0.1123,0.0409,19.7451,6,
0.1934,0.0283,14.0207,7,
0.1897,0.0802,13.8823,8,
0.2419,0.0047,0.6453,8,
0.1327,0.0038,1.6208,5,
0.8623,0.0165,0.3705,22,
0.0189,0.0053,125.2261,10,
0.0615,0.0028,19.2295,6,
0.5961,0.1433,2.5744,29,
0.3406,0.0032,0.5501,9,
0.1162,0.0408,19.5138,6,
0.1418,0.0069,6.5961,6,
0.1622,0.0323,17.6860,7,
0.2778,0.0107,1.2855,9,
0.1381,0.0051,2.0057,5,
0.8710,0.0024,0.0897,22,
0.0197,0.0033,92.4469,9,
0.1665,0.0432,9.9423,7,
0.0934,0.0107,12.6240,15,
0.5855,0.1327,2.5094,29,
0.1508,0.0018,0.6468,4,
0.4025,0.0054,5.9236,10,
0.1076,0.0422,18.6023,6,
0.1461,0.0145,5.3708,6,
0.1872,0.0616,14.9133,8,
0.2649,0.0104,1.3715,8,
0.1693,0.0066,2.3726,6,
0.9214,0.0071,0.0928,23,
0.0219,0.0038,77.5851,9,
0.2475,0.0369,6.9690,10,
0.1263,0.0104,6.4492,7,
0.6102,0.1438,2.4520,30,
0.1536,0.0039,1.2917,4,
0.4160,0.0013,0.2645,11,
0.0980,0.0438,21.0760,7,
0.1189,0.0104,5.8605,5,
0.2085,0.0916,12.5155,8,
0.2446,0.0013,0.2009,8,
0.1687,0.0023,0.7844,6,
0.8641,0.0070,0.5418,22,
0.0201,0.0028,100.6929,9,
0.2336,0.0205,10.9423,10,
0.1237,0.0090,4.8428,7,
0.5961,0.1319,2.4547,29,
0.1494,0.0003,4.4035,4,
0.3378,0.0038,0.3252,9,
0.1070,0.0408,18.7393,6,
0.1787,0.0821,11.9645,7,
0.1997,0.0631,13.9866,8,
0.2545,0.0030,0.3639,8,
0.1722,0.0070,1.8305,6,
0.8624,0.0048,0.3372,22,
0.0187,0.0043,121.3713,8,
0.2203,0.0283,14.1899,9,
0.1018,0.0054,4.2949,6,
0.5405,0.1107,2.6436,27,
0.1502,0.0000,0.0106,4,
0.3852,0.0053,0.3364,10,
0.1059,0.0441,19.4800,6,
0.2374,0.0362,4.7284,7,
0.1938,0.0871,13.6369,8,
0.2513,0.0067,0.9315,8,
0.1377,0.0002,0.4056,5,
0.9072,0.0154,0.1307,23,
0.0182,0.0034,111.0495,9,
0.1904,0.0277,6.6836,9,
0.0985,0.0045,14.4624,6,
0.1779,0.0062,1.6750,10,
0.0967,0.0244,17.0814,7,
0.2558,0.0340,3.9599,9,
0.3809,0.0012,0.1051,10,
0.1151,0.0418,18.7512,7,
0.2316,0.0337,4.6464,7,
0.1883,0.0720,14.4058,8,
0.2477,0.0081,1.0361,8,
0.1366,0.0009,0.3794,5,
0.8670,0.0068,0.1028,22,
0.1833,0.0157,6.1309,5,
0.0176,0.0035,129.2834,10,
0.1950,0.0216,9.7516,9,
0.1156,0.0032,7.7340,7,
0.0599,0.0005,1.4444,4,
0.0492,0.0009,13.9871,4,
0.4094,0.0835,3.5729,20,
0.1509,0.0014,3.3666,4,
0.3795,0.0018,0.1373,10,
0.1607,0.0355,17.7816,7,
0.1159,0.0409,18.7006,7,
0.1865,0.0705,14.5901,8,
0.2512,0.0034,0.4709,8,
0.1359,0.0053,2.2358,5,
0.8566,0.0062,0.1607,22,
0.2407,0.0545,6.4399,8,
0.0198,0.0024,88.4787,10,
0.1717,0.0211,9.3425,8,
0.1333,0.0164,12.2387,9,
0.0759,0.0020,2.7775,5,
0.4506,0.1075,3.5801,22,
0.1503,0.0019,0.7727,4,
0.3712,0.0026,0.2541,10,
0.1354,0.0487,17.8184,9,
0.1346,0.0141,9.6141,6,
0.1632,0.0873,14.1397,7,
0.2719,0.0157,1.7104,9,
0.1404,0.0007,0.3186,5,
0.8531,0.0055,0.3481,22,
0.2222,0.0757,8.2502,10,
0.0206,0.0049,120.0097,8,
0.1910,0.0725,10.7667,12,
0.0883,0.0010,2.3738,6,
0.4490,0.0870,3.1624,21,
0.2032,0.0041,0.9229,5,
0.3829,0.0053,0.5732,10,
0.1970,0.1060,12.4708,8,
0.1137,0.0916,16.7172,7,
0.1628,0.0789,14.5688,7,
0.3014,0.0169,1.5990,9,
0.1670,0.0056,1.6861,6,
0.8658,0.0070,1.8697,22,
0.1107,0.0072,4.9081,6,
0.0201,0.0040,102.0432,10,
0.1199,0.0080,4.4959,6,
0.0971,0.0028,5.0250,7,
0.4596,0.1139,3.6197,21,
0.3794,0.0038,0.4068,10,
0.1519,0.0248,8.0198,6,
0.0468,0.0011,12.2155,4,
0.2028,0.0794,13.2217,8,
0.2473,0.0055,0.7804,8,
0.1347,0.0018,0.8037,5,
0.8654,0.0038,0.0767,22,
0.0205,0.0021,85.0174,9,
0.1061,0.0073,9.2629,6,
0.1272,0.0120,5.6750,8,
0.4269,0.1044,3.8371,20,
0.1499,0.0016,0.5670,4,
0.3814,0.0029,0.3228,10,
0.2069,0.0918,11.7762,8,
0.1076,0.0409,18.5792,5,
0.1692,0.0934,13.5255,7,
0.2802,0.0179,1.8338,9,
0.1353,0.0038,1.6198,5,
0.8817,0.0082,0.0859,22,
0.0210,0.0042,107.6433,10,
0.0682,0.0063,13.1522,5,
0.1381,0.0082,4.0899,9,
0.4538,0.0989,3.4301,19,
0.1526,0.0029,4.1258,4,
0.3812,0.0013,0.7563,10,
0.1059,0.0444,20.7615,6,
0.1411,0.0163,6.2178,6,
0.1941,0.0543,14.7570,8,
0.2512,0.0039,0.5785,8,
0.1372,0.0004,0.3030,5,
0.9099,0.0071,0.0977,23,
0.0208,0.0045,94.7280,10,
0.0660,0.0030,6.1092,5,
0.1308,0.0069,3.6817,9,
0.4451,0.0967,3.4751,18,
0.0861,0.0203,18.7760,4,
0.1546,0.0004,0.8780,4,
0.3843,0.0016,0.7889,10,
0.1029,0.0439,19.3156,6,
0.2257,0.0382,5.5318,7,
0.1901,0.0844,13.9176,8,
0.2382,0.0103,1.5225,8,
0.1350,0.0021,0.9834,5,
0.8852,0.0062,0.0773,22,
0.1713,0.0114,3.1614,4,
0.0200,0.0058,117.3428,10,
0.0930,0.0033,32.8678,6,
0.1372,0.0121,5.4807,9,
0.4373,0.0839,3.2938,17,
0.3789,0.0011,0.4539,10,
0.1462,0.0272,9.3075,6,
0.0499,0.0061,34.5931,5,
0.1874,0.0674,14.1957,8,
0.2510,0.0051,0.7080,8,
0.1375,0.0033,1.3576,5,
0.8533,0.0040,0.1679,22,
0.2370,0.0166,2.9893,8,
0.0195,0.0043,120.9746,10,
0.0939,0.0037,8.1208,6,
0.1315,0.0051,4.0361,9,
0.4538,0.0643,2.5260,17,
0.3782,0.0020,0.1098,10,
0.1395,0.0061,11.2544,6,
0.1904,0.0385,13.4909,8,
0.2445,0.0143,2.0514,8,
0.1742,0.0023,0.5729,6,
0.8531,0.0045,0.0896,22,
0.2703,0.0307,3.3829,11,
0.0205,0.0032,102.9107,10,
0.0629,0.0013,16.1606,5,
0.1114,0.0048,3.1389,8,
0.4275,0.0485,2.2285,16,
0.1513,0.0011,0.3814,4,
0.3692,0.0016,0.4263,10,
0.2264,0.0245,3.8093,7,
0.1901,0.0344,13.8386,8,
0.2425,0.0099,1.4323,8,
0.1438,0.0017,0.6375,5,
0.8771,0.0063,0.0688,22,
0.2374,0.0520,6.2860,12,
0.0211,0.0032,64.0187,9,
0.0994,0.0084,12.6039,6,
0.1301,0.0103,5.4746,8,
0.3788,0.0363,2.0133,14,
0.3995,0.0052,2.4707,11,
0.1129,0.0417,18.5963,7,
0.1609,0.0158,12.8593,7,
0.1804,0.0340,15.0083,7,
0.2843,0.0178,1.8899,9,
0.1351,0.0014,0.5993,5,
0.8190,0.0055,0.4507,21,
0.1365,0.0277,10.3780,7,
0.0191,0.0060,128.3931,10,
0.0615,0.0017,5.4956,5,
0.0813,0.0006,1.6591,6,
0.3361,0.0173,1.1933,11,
0.1483,0.0017,0.6213,4,
0.4279,0.0068,0.3456,11,
0.0970,0.0425,20.8974,6,
0.2037,0.0777,10.4704,8,
0.1692,0.0708,15.0559,7,
0.2812,0.0157,1.7049,9,
0.1686,0.0045,1.1655,6,
0.6504,0.0121,0.2229,17,
0.1512,0.0203,6.9093,5,
0.0181,0.0040,117.4641,10,
0.0717,0.0030,6.9353,5,
0.0767,0.0052,7.0946,5,
0.2736,0.0183,1.9588,8,
0.3788,0.0022,0.6467,10,
0.1514,0.0219,7.3030,6,
0.1110,0.0404,19.0258,6,
0.1947,0.0712,14.1192,8,
0.2181,0.0033,0.6198,7,
0.1336,0.0029,1.3418,5,
0.4312,0.0095,0.3794,12,
0.2861,0.0350,3.5728,10,
0.0200,0.0055,121.8917,10,
0.0704,0.0065,9.8813,5,
0.2213,0.0072,1.1186,6,
0.1503,0.0019,0.6868,4,
0.4123,0.0056,0.4430,11,
0.1078,0.0436,18.6526,7,
0.1386,0.0205,8.0665,6,
0.1886,0.0805,14.4237,8,
0.2511,0.0045,0.6378,8,
0.1365,0.0004,0.3089,5,
0.3116,0.0027,0.4459,9,
0.3379,0.0523,3.6418,13,
0.0200,0.0039,95.0382,10,
0.0814,0.0077,8.6372,5,
0.3678,0.0015,0.1141,10,
0.2316,0.0316,4.3745,7,
0.0461,0.0017,31.4546,5,
0.1902,0.0283,13.2648,8,
0.2480,0.0108,1.6102,8,
0.1388,0.0067,2.7705,5,
0.1530,0.0038,1.4939,5,
0.2995,0.1424,7.4863,16,
0.0177,0.0042,130.2243,10,
0.0528,0.0015,4.7787,4,
0.3771,0.0025,0.1305,10,
0.1020,0.0449,20.0952,6,
0.1650,0.0125,7.2068,7,
0.1625,0.0639,15.8593,7,
0.2796,0.0161,1.8863,9,
0.1754,0.0087,2.2067,6,
0.3292,0.1250,6.8078,16,
0.1849,0.0019,0.4261,5,
0.0210,0.0036,109.0180,10,
0.1107,0.0059,3.8029,5,
0.1518,0.0009,9.1206,4,
0.3727,0.0022,0.2191,10,
0.0993,0.0410,19.8213,6,
0.1440,0.1090,15.6432,6,
0.2082,0.0895,12.8550,8,
0.2426,0.0065,0.9442,8,
0.1729,0.0017,0.4286,6,
0.2193,0.0460,7.4906,12,
0.3602,0.0011,0.3060,9,
0.0201,0.0033,111.7310,9,
0.1516,0.0015,0.5384,4,
0.3749,0.0024,0.1363,10,
0.1363,0.0189,11.6856,6,
0.0466,0.0039,34.0951,4,
0.1739,0.0426,15.7154,7,
0.2585,0.0108,1.4474,8,
0.1346,0.0009,0.3800,5,
0.1312,0.0349,12.8770,8,
0.5326,0.0012,0.0938,13,
0.0206,0.0031,75.4607,10,
0.2026,0.0023,0.5477,5,
0.3799,0.0031,0.2489,10,
0.1020,0.0464,20.8950,7,
0.1422,0.0237,8.9553,6,
0.1954,0.0757,14.2228,8,
0.2543,0.0032,0.4095,8,
0.1009,0.0112,8.3777,5,
0.6966,0.0053,0.1094,17,
0.0191,0.0044,114.9110,9,
0.1511,0.0010,0.3606,4,
0.3789,0.0039,0.2850,10,
0.1491,0.0121,4.5148,6,
0.1060,0.0414,19.0478,5,
0.1935,0.0275,11.6311,8,
0.2977,0.0112,1.1028,9,
0.0743,0.0059,9.0709,4,
0.7706,0.0069,0.1047,19,
0.0204,0.0044,105.7438,9,
0.1045,0.0253,14.5733,6,
0.1494,0.0010,0.3430,4,
0.3721,0.0024,0.2454,10,
0.1101,0.0432,18.3942,6,
0.1229,0.0163,7.9796,5,
0.1865,0.0762,13.9171,8,
0.1840,0.0004,2.0854,6,
0.1275,0.0220,9.5342,6,
0.8500,0.0103,0.5568,22,
0.0219,0.0036,110.5153,9,
0.2616,0.0730,7.6330,13,
0.0548,0.0150,31.0667,7,
0.0888,0.0111,11.9889,7,
0.3840,0.0023,0.1510,10,
0.1047,0.0432,19.6660,6,
0.2316,0.0300,4.4012,7,
0.1911,0.0608,14.4959,8,
0.1170,0.0498,19.0772,5,
0.1060,0.0092,6.3378,5,
0.9111,0.0084,0.6252,23,
0.0201,0.0033,108.0490,9,
0.2615,0.0755,8.0467,13,
0.0710,0.0076,11.0625,7,
0.0981,0.0078,24.8613,11,
0.3753,0.0042,0.2356,10,
0.1119,0.0415,18.0262,6,
0.1390,0.0158,6.4137,6,
0.1895,0.0894,13.8249,8,
0.1941,0.0491,10.6884,8,
0.0921,0.0112,9.9451,6,
0.8630,0.0036,0.1423,22,
0.1630,0.0405,11.0477,7,
0.0182,0.0043,118.1543,10,
0.2854,0.0635,7.3796,14,
0.0914,0.0145,15.2018,7,
0.1322,0.0108,25.9333,13,
0.2554,0.0039,1.4965,6,
0.3759,0.0028,0.5444,10,
0.1468,0.0246,8.5671,6,
0.1090,0.0403,19.1110,6,
0.3643,0.0201,2.8113,13,
0.9173,0.0112,0.1558,23,
0.1651,0.0412,10.8229,8,
0.0201,0.0037,115.5046,9,
0.2855,0.0580,7.1554,14,
0.0518,0.0045,12.4921,4,
0.1495,0.0109,12.3865,15,
0.3625,0.0032,0.5482,10,
0.2291,0.0337,4.3217,7,
0.3617,0.0601,3.9013,16,
0.1371,0.0005,0.6130,5,
0.8693,0.0060,0.0764,22,
0.1627,0.0625,12.2581,8,
0.0200,0.0047,112.3728,10,
0.3077,0.0663,7.0042,14,
0.1815,0.0137,15.2626,17,
0.2049,0.0034,5.9121,5,
0.3433,0.0032,0.3879,9,
0.1126,0.0065,14.4651,6,
0.1204,0.0027,1.4942,5,
0.2685,0.0985,8.5992,15,
0.1722,0.0029,0.8009,6,
0.8718,0.0080,0.1920,22,
0.1621,0.0550,11.8740,8,
0.0205,0.0030,98.2114,9,
0.2979,0.0475,6.9310,14,
0.1639,0.0075,3.9195,16,
0.1505,0.0021,0.7946,4,
0.3359,0.0008,0.8595,9,
0.1009,0.0430,19.7525,5,
0.1089,0.0476,19.0674,4,
0.2103,0.0497,11.7513,11,
0.1746,0.0085,2.2664,6,
0.8785,0.0097,0.1117,22,
0.0680,0.0002,0.5556,4,
0.0177,0.0044,136.2953,10,
0.3155,0.0489,8.8043,14,
0.1766,0.0060,4.6392,17,
0.1526,0.0029,1.0301,4,
0.3851,0.0032,0.8771,10,
0.1083,0.0430,20.5540,7,
0.2063,0.0308,7.9667,8,
0.1805,0.0500,14.0495,8,
0.1779,0.0116,2.9227,6,
0.1366,0.0033,1.3746,5,
0.9166,0.0163,0.1556,23,
0.0224,0.0033,79.7865,10,
0.3169,0.0348,9.0052,14,
0.1780,0.0047,3.3228,17,
0.2026,0.0033,1.2936,5,
0.3317,0.0051,0.4128,9,
0.1029,0.0445,20.7959,6,
0.2890,0.1382,7.9578,13,
0.2545,0.0032,0.5422,8,
0.1328,0.0031,1.6731,5,
0.8475,0.0060,0.3937,22,
0.0202,0.0036,99.7246,10,
0.2987,0.0339,11.1527,13,
0.1805,0.0069,3.4167,18,
0.3673,0.0023,0.1601,10,
0.1078,0.0439,19.7443,6,
0.1592,0.0138,7.1027,9,
0.1596,0.0289,15.4276,7,
0.2543,0.0078,1.1041,8,
0.1364,0.0006,0.3267,5,
0.8713,0.0065,0.0688,22,
0.0176,0.0045,111.4337,10,
0.3069,0.0377,8.0574,13,
0.1914,0.0071,3.6063,19,
0.3831,0.0011,0.2004,10,
0.0981,0.0395,20.4636,6,
0.1369,0.0354,20.9520,8,
0.1896,0.0613,14.8191,8,
0.2661,0.0153,1.8323,9,
0.1407,0.0026,1.0784,5,
0.8706,0.0028,0.1826,22,
0.0621,0.0035,7.0281,4,
0.0589,0.0015,3.6579,4,
0.0200,0.0040,88.0744,10,
0.3091,0.0332,8.8699,13,
0.1787,0.0111,5.0197,18,
0.4002,0.0026,1.3447,11,
0.1147,0.0109,6.4503,5,
0.0520,0.0110,38.2198,6,
0.1803,0.0505,15.5439,7,
0.2841,0.0135,1.3717,9,
0.1677,0.0036,3.9196,6,
0.8607,0.0061,0.1442,22,
0.2466,0.0385,8.3943,15,
0.2850,0.0349,10.8666,12,
0.1672,0.0140,5.5459,17,
0.2175,0.0027,0.4555,6,
0.1183,0.0111,6.1948,5,
0.2014,0.0891,13.0550,8,
0.2470,0.0037,0.4996,8,
0.1344,0.0053,2.3690,5,
0.8701,0.0144,0.2454,22,
0.0647,0.0020,4.0404,4,
0.0205,0.0028,81.4848,8,
0.2996,0.0450,10.5222,12,
0.1732,0.0078,6.2286,18,
0.1453,0.0144,9.2165,8,
0.1107,0.0467,19.2312,7,
0.2301,0.0365,4.6815,7,
0.1888,0.0278,15.4744,8,
0.2704,0.0129,1.4567,9,
0.1340,0.0008,0.3780,5,
0.8784,0.0108,0.1184,22,
0.2663,0.0453,8.4788,18,
0.1028,0.0083,7.3735,4,
0.2958,0.0512,8.3483,12,
0.1707,0.0077,6.2199,18,
0.2529,0.0035,0.7466,6,
0.1994,0.0210,5.3530,10,
0.1398,0.0088,18.2204,6,
0.1647,0.0438,16.4158,7,
0.2901,0.0163,1.5681,9,
0.1674,0.0052,1.4643,6,
0.8758,0.0118,0.1158,22,
0.0958,0.0034,4.3491,4,
0.0200,0.0041,120.2300,8,
0.2782,0.0456,9.4991,11,
0.1760,0.0110,8.8099,18,
0.3020,0.0419,3.9015,15,
0.1042,0.0414,20.9186,5,
0.2240,0.0422,5.8412,7,
0.1883,0.0964,13.4581,8,
0.2674,0.0032,0.3607,8,
0.1727,0.0074,1.9458,6,
0.8996,0.0049,0.2061,23,
0.2505,0.0423,7.9731,18,
0.0785,0.0042,5.6246,5,
0.2671,0.0469,9.4812,11,
0.1782,0.0071,5.4926,18,
0.3133,0.0459,3.7437,15,
0.1653,0.0017,0.9634,5,
0.1463,0.0161,5.7818,6,
0.1868,0.0696,14.5045,8,
0.2458,0.0075,1.1055,8,
0.1347,0.0018,0.8037,5,
0.8773,0.0058,0.0650,22,
0.0436,0.0008,8.1971,4,
0.0761,0.0059,10.5316,5,
0.0225,0.0060,108.5194,10,
0.1969,0.0294,16.2952,9,
0.1924,0.0112,8.2130,19,
0.3258,0.0814,5.0358,17,
0.3815,0.0067,0.4024,10,
0.1099,0.0396,18.9104,6,
0.1463,0.0283,9.5819,6,
0.1905,0.0966,13.4175,8,
0.2040,0.0040,0.8643,7,
0.1755,0.0036,0.8966,6,
0.8556,0.0087,0.6751,22,
0.0430,0.0045,18.5901,4,
0.0741,0.0067,11.5201,5,
0.0200,0.0034,113.0010,9,
0.2113,0.0594,9.0063,9,
0.1954,0.0072,3.1181,20,
0.3428,0.1372,5.7689,17,
0.3453,0.0035,0.3167,9,
0.1053,0.0416,20.0393,6,
0.1459,0.0089,3.6822,6,
0.1732,0.0522,15.2495,7,
0.2768,0.0161,1.6858,9,
0.1689,0.0029,1.0937,6,
0.8676,0.0095,0.1461,22,
0.0814,0.0089,11.7320,5,
0.0205,0.0030,99.9365,9,
0.1818,0.0593,10.6548,8,
0.2038,0.0075,3.5404,20,
0.3751,0.1382,5.5951,18,
0.2014,0.0035,0.7502,5,
0.3465,0.0053,0.3616,9,
0.1423,0.0398,15.9390,7,
0.1743,0.0892,14.2975,7,
0.1996,0.0864,13.5478,8,
0.2534,0.0046,0.6469,8,
0.1345,0.0023,1.0248,5,
0.8739,0.0130,0.2740,22,
0.0711,0.0036,11.5886,4,
0.0191,0.0037,119.6639,9,
0.1595,0.0581,11.8560,7,
0.2036,0.0082,4.9366,20,
0.3835,0.1597,5.5311,18,
0.1494,0.0008,0.4522,4,
0.3391,0.0016,0.3265,9,
0.1060,0.0425,20.0180,6,
0.2354,0.0332,4.5237,7,
0.1977,0.0607,14.2879,8,
0.2639,0.0068,0.8008,8,
0.1366,0.0003,0.2160,5,
0.8777,0.0081,0.1518,22,
0.0442,0.0101,35.6794,4,
0.0713,0.0062,16.0053,4,
0.0210,0.0029,110.6589,9,
0.1534,0.0238,7.5785,6,
0.2988,0.0062,1.7915,21,
0.3827,0.1421,5.3166,17,
0.3829,0.0028,0.1603,10,
0.1020,0.0458,20.1255,7,
0.2344,0.0365,4.7936,7,
0.1883,0.0467,15.0424,8,
0.2837,0.0129,1.2993,9,
0.1367,0.0029,1.2196,5,
0.8574,0.0075,0.3839,22,
0.0728,0.0054,20.5339,4,
0.0191,0.0037,109.3011,10,
0.1094,0.0184,11.2688,5,
0.2028,0.0065,9.8169,21,
0.1008,0.0097,18.6098,4,
0.3988,0.1301,4.7030,16,
0.3889,0.0031,0.2398,10,
0.1009,0.0434,20.4382,6,
0.1454,0.0225,7.9571,6,
0.1881,0.0632,14.3858,8,
0.2447,0.0042,0.5529,8,
0.1354,0.0058,2.5019,5,
0.9051,0.0123,0.1155,23,
0.2610,0.0447,8.0268,17,
0.0484,0.0070,23.5892,4,
0.0854,0.0068,24.0667,6,
0.0809,0.0028,3.5012,4,
0.3088,0.0092,2.5071,24,
0.4231,0.1244,4.2624,17,
0.4094,0.0064,0.3799,11,
0.1342,0.0195,13.6446,6,
0.1627,0.0712,15.2955,7,
0.2818,0.0113,1.1781,9,
0.1724,0.0004,0.1534,6,
0.8771,0.0059,0.0688,22,
0.2559,0.0389,7.9660,16,
0.0646,0.0031,8.0225,4,
0.1003,0.0043,3.8277,4,
0.3008,0.0097,2.4691,24,
0.0451,0.0089,30.1617,4,
0.4013,0.1068,4.2519,16,
0.4108,0.0013,0.5693,11,
0.1371,0.0177,16.7893,6,
0.1900,0.0724,14.4129,8,
0.2439,0.0039,0.5471,8,
0.1754,0.0018,0.4752,6,
0.8543,0.0061,0.1897,22,
0.2594,0.0410,8.7975,17,
0.0668,0.0048,11.6781,4,
0.2974,0.0066,3.0836,25,
0.0583,0.0232,34.3501,5,
0.3790,0.1016,4.5137,14,
0.3677,0.0026,1.0881,10,
0.1419,0.0106,4.0696,6,
0.1841,0.0489,14.1010,7,
0.2566,0.0111,1.3438,8,
0.1347,0.0009,0.3797,5,
0.9148,0.0124,0.1709,23,
0.2633,0.0466,7.4379,16,
0.0790,0.0034,26.6949,6,
0.0813,0.0153,16.4599,4,
0.3039,0.0161,4.3459,25,
0.0511,0.0022,6.3801,5,
0.3198,0.0563,4.0232,10,
0.3899,0.0031,0.1740,10,
0.2268,0.0397,5.5783,7,
0.1687,0.0870,14.6343,7,
0.2477,0.0060,0.7950,8,
0.1347,0.0009,0.3795,5,
0.8732,0.0191,0.1893,22,
0.0615,0.0061,18.1122,4,
0.0200,0.0033,117.1341,9,
0.2935,0.0054,3.4912,25,
0.0643,0.0097,18.0207,6,
0.2485,0.0112,1.4977,6,
0.2051,0.0024,0.7330,5,
0.3851,0.0025,0.1849,10,
0.1456,0.0138,4.9874,6,
0.1142,0.0398,18.6480,6,
0.1644,0.0859,15.1663,7,
0.2153,0.0017,0.3110,7,
0.1373,0.0019,0.8687,5,
0.8597,0.0073,0.5866,22,
0.0639,0.0066,12.9946,5,
0.0201,0.0039,94.4030,10,
0.3127,0.0188,9.7229,25,
0.0648,0.0076,15.1273,6,
0.3862,0.0039,0.2669,10,
0.2136,0.0252,4.2548,7,
0.0473,0.0067,44.3052,5,
0.1603,0.0940,14.6967,7,
0.2481,0.0082,1.2039,8,
0.1356,0.0043,1.8394,5,
0.8675,0.0086,0.0874,22,
0.2548,0.0427,8.0712,16,
0.0757,0.0065,22.4362,5,
0.3067,0.0141,10.6979,25,
0.0659,0.0085,15.6488,6,
0.1517,0.0042,1.5459,4,
0.3823,0.0038,0.2500,10,
0.1391,0.0113,4.3302,6,
0.1877,0.0720,14.0135,8,
0.2135,0.0032,0.6303,7,
0.1701,0.0074,2.1263,6,
0.8572,0.0099,0.4133,22,
0.0768,0.0238,25.5000,4,
0.0694,0.0057,10.5515,5,
0.0210,0.0031,106.6074,10,
0.3148,0.0187,4.5779,27,
0.0669,0.0165,24.3688,6,
0.2027,0.0021,0.7178,5,
0.4204,0.0074,1.9904,11,
0.2320,0.0292,4.0880,7,
0.1092,0.0420,18.5170,6,
0.1627,0.0725,15.7620,7,
0.2779,0.0142,1.5564,9,
0.1417,0.0064,2.7062,5,
0.8583,0.0061,0.1599,22,
0.2512,0.0419,8.0554,18,
0.0685,0.0052,25.5004,4,
0.3132,0.0084,4.7234,28,
0.0642,0.0123,21.6743,6,
0.1496,0.0006,0.2032,4,
0.3728,0.0032,0.2523,10,
0.2243,0.0377,5.3570,7,
0.1627,0.1106,13.9175,7,
0.2310,0.0055,0.9012,7,
0.1350,0.0030,2.6617,5,
0.8733,0.0045,0.0754,22,
0.0802,0.0055,15.4379,6,
0.0229,0.0040,99.8044,9,
0.3063,0.0085,7.3145,26,
0.0660,0.0172,26.0866,6,
0.2036,0.0025,1.1141,5,
0.3644,0.0024,2.0934,10,
0.2313,0.0323,4.4892,7,
0.0457,0.0095,45.5782,5,
0.1838,0.0485,13.7661,7,
0.2889,0.0125,1.2021,9,
0.1352,0.0019,0.9321,5,
0.8577,0.0058,0.3904,22,
0.0674,0.0028,16.1556,4,
0.0197,0.0046,120.9508,8,
0.3096,0.0106,10.9911,24,
0.0656,0.0145,22.3664,6,
0.1493,0.0006,0.2039,4,
0.4230,0.0026,1.8280,11,
0.1037,0.0387,20.7427,8,
0.1736,0.0191,4.8316,7,
0.1445,0.0693,16.2230,6,
0.2896,0.0149,1.6701,9,
0.1719,0.0055,1.5582,6,
0.8785,0.0093,0.0945,22,
0.2593,0.0459,8.0384,19,
0.0677,0.0036,18.6645,4,
0.3007,0.0128,5.0251,24,
0.0665,0.0115,18.1952,6,
0.3855,0.0010,0.2768,10,
0.2250,0.0284,5.2570,7,
0.1624,0.0848,15.2998,7,
0.2383,0.0094,1.4617,8,
0.1347,0.0009,0.3795,5,
0.8798,0.0064,0.0862,22,
0.2498,0.0401,7.8825,18,
0.0797,0.0034,17.1046,5,
0.3018,0.0066,2.4875,23,
0.0552,0.0068,18.1154,5,
0.2017,0.0021,3.3554,5,
0.3817,0.0023,0.1561,10,
0.2105,0.0928,10.9502,8,
0.1611,0.1122,14.2791,7,
0.2180,0.0020,0.3658,7,
0.1689,0.0039,1.1031,6,
0.8829,0.0138,0.1946,22,
0.0668,0.0063,20.1098,4,
0.0191,0.0038,110.1662,10,
0.2975,0.0117,11.3454,24,
0.0454,0.0036,13.6248,4,
0.1498,0.0003,4.3736,4,
0.3827,0.0035,0.2130,10,
0.1020,0.0425,20.1246,8,
0.2278,0.0310,4.7491,7,
0.1621,0.0815,15.4699,7,
0.2348,0.0126,1.8207,8,
0.1354,0.0033,1.5154,5,
0.8663,0.0070,0.0786,22,
0.0678,0.0061,26.0270,4,
0.0233,0.0029,88.3011,10,
0.3049,0.0104,6.8695,25,
0.1519,0.0015,0.5369,4,
0.3907,0.0057,0.3391,10,
0.1115,0.0407,19.7159,7,
0.2015,0.0822,10.7816,8,
0.1357,0.0630,18.0253,6,
0.2748,0.0155,1.7777,9,
0.1695,0.0122,3.4199,6,
0.8539,0.0111,0.2969,22,
0.0688,0.0041,33.6663,4,
0.0207,0.0031,90.2868,10,
0.3006,0.0158,6.2103,23,
0.3979,0.0053,0.3166,11,
0.1046,0.0469,19.2887,7,
0.1495,0.0128,4.8617,6,
0.1368,0.0525,18.7920,6,
0.3188,0.0130,1.2471,9,
0.1338,0.0012,0.5187,5,
0.8546,0.0045,0.1102,22,
0.2569,0.0451,7.4206,17,
0.0708,0.0049,27.0352,4,
0.2988,0.0101,9.3883,23,
0.3774,0.0028,0.3435,10,
0.2327,0.0379,5.0539,7,
0.1716,0.0851,14.5078,7,
0.2450,0.0090,1.3085,8,
0.1347,0.0003,0.2218,5,
0.8742,0.0083,0.0798,22,
0.0719,0.0042,10.4890,4,
0.0200,0.0035,115.6507,10,
0.2889,0.0125,4.0837,21,
0.3823,0.0035,0.3601,10,
0.1029,0.0447,19.5549,8,
0.1497,0.0230,7.9257,6,
0.1671,0.0780,15.4481,7,
0.2515,0.0057,0.7808,8,
0.1355,0.0009,0.3815,5,
0.8775,0.0089,0.1037,22,
0.2558,0.0454,7.3567,17,
0.0713,0.0040,8.3187,5,
0.3009,0.0122,4.9371,22,
0.3848,0.0020,0.1885,10,
0.2006,0.1067,11.6173,8,
0.1622,0.1137,13.8934,7,
0.2449,0.0015,0.2707,8,
0.1357,0.0023,1.0112,5,
0.8652,0.0137,0.1483,22,
0.1633,0.0282,12.8095,12,
0.0717,0.0031,19.0255,4,
0.0706,0.0042,6.8086,4,
0.2818,0.0089,5.4694,20,
0.0414,0.0035,17.9519,4,
0.4093,0.0026,0.1365,11,
0.2199,0.0250,4.3029,7,
0.0501,0.0107,37.6820,5,
0.1628,0.0751,15.9580,7,
0.3018,0.0087,0.7953,9,
0.1725,0.0078,2.1256,6,
0.8621,0.0062,0.4151,22,
0.2566,0.0451,7.1544,18,
0.0793,0.0034,21.8161,5,
0.1237,0.0302,13.0105,6,
0.2989,0.0156,5.1456,21,
0.0509,0.0047,15.3986,5,
0.3815,0.0024,0.3412,10,
0.2336,0.0377,5.0099,7,
0.1598,0.0478,15.9575,7,
0.2490,0.0141,1.7971,8,
0.1371,0.0004,0.3037,5,
0.8723,0.0045,0.0594,22,
0.1618,0.0332,12.3674,12,
0.0811,0.0042,26.1658,5,
0.1785,0.0527,10.2678,8,
0.2949,0.0115,3.7760,20,
0.0715,0.0159,20.2918,6,
0.3759,0.0036,0.3191,10,
0.2266,0.0309,4.7015,7,
0.0451,0.0075,46.3449,5,
0.1628,0.1139,13.8541,7,
0.2427,0.0045,0.6070,8,
0.1382,0.0039,1.7588,5,
0.9054,0.0162,3.6838,23,
0.0834,0.0078,10.9134,6,
0.0191,0.0033,115.3752,9,
0.2546,0.0376,8.4841,11,
0.2844,0.0061,13.6684,20,
0.0582,0.0030,32.7532,5,
0.4051,0.0043,0.2822,11,
0.1369,0.0064,21.0174,6,
0.1126,0.0399,17.6914,5,
0.1366,0.0594,18.9027,6,
0.2920,0.0163,1.9119,9,
0.1365,0.0039,1.9195,5,
0.8868,0.0081,0.1451,22,
0.2729,0.0432,8.4394,19,
0.0822,0.0012,5.2177,5,
0.3127,0.0493,8.9413,13,
0.2895,0.0104,8.1069,20,
0.2518,0.0029,0.8281,6,
0.4105,0.0059,1.2455,11,
0.1339,0.0191,12.7420,6,
0.1516,0.0552,17.1408,6,
0.2927,0.0155,1.4765,9,
0.1350,0.0033,1.3972,5,
0.8658,0.0072,0.4011,22,
0.2723,0.0444,7.3514,17,
0.0697,0.0035,7.9259,4,
0.3304,0.0313,6.8924,13,
0.3054,0.0152,4.2424,21,
0.3802,0.0016,0.1518,10,
0.2042,0.0222,5.3309,7,
0.1646,0.1041,14.6528,7,
0.2414,0.0064,0.8792,8,
0.1674,0.0013,0.3782,6,
0.9264,0.0100,0.1066,23,
0.1636,0.0337,12.8973,12,
0.0722,0.0034,8.0329,4,
0.3593,0.0519,3.4263,14,
0.1884,0.0070,16.1937,19,
0.3783,0.0038,0.4447,10,
0.1464,0.0175,6.3172,6,
0.0487,0.0085,34.9317,5,
0.1660,0.0812,15.4584,7,
0.2542,0.0055,0.6892,8,
0.1352,0.0002,1.0086,5,
0.8682,0.0114,0.1201,22,
0.2580,0.0448,7.5352,17,
0.0718,0.0015,2.5274,5,
0.3963,0.0568,3.4319,15,
0.2988,0.0118,4.4064,22,
0.3789,0.0011,0.5094,10,
0.1420,0.0212,7.8614,6,
0.1627,0.1004,14.4878,7,
0.2511,0.0041,0.5758,8,
0.1729,0.0134,3.6440,6,
0.8122,0.0028,0.4791,21,
0.2648,0.0416,8.5543,18,
0.0643,0.0042,8.0037,4,
0.4189,0.0373,2.4948,15,
0.2947,0.0059,1.5210,21,
0.4016,0.0055,0.3463,11,
0.1463,0.0130,5.0329,6,
0.1619,0.0440,15.7520,7,
0.2519,0.0100,1.4520,8,
0.1319,0.0015,0.6675,5,
0.8693,0.0047,0.0921,22,
0.0694,0.0044,10.0695,4,
0.0193,0.0042,106.8509,9,
0.3812,0.0244,2.3686,14,
0.3064,0.0108,5.2267,22,
0.3779,0.0056,0.4069,10,
0.1441,0.0120,4.6279,6,
0.0485,0.0105,43.9060,5,
0.1599,0.1043,14.6911,7,
0.2688,0.0063,0.7227,8,
0.1355,0.0014,0.6508,5,
0.8618,0.0068,0.1447,22,
0.2614,0.0413,8.8284,17,
0.0755,0.0001,0.7013,4,
0.3871,0.0174,3.4045,13,
0.2966,0.0079,1.3820,21,
0.3615,0.0030,0.8884,10,
0.2263,0.0316,4.8285,7,
0.1843,0.0439,12.8156,7,
0.2553,0.0116,1.4041,8,
0.1370,0.0014,0.5914,5,
0.8774,0.0093,0.1049,22,
0.2590,0.0447,7.7558,19,
0.0733,0.0046,10.5695,4,
0.3701,0.0158,5.2682,12,
0.2973,0.0084,6.4592,21,
0.3786,0.0024,0.2275,10,
0.1472,0.0164,5.9691,6,
0.1695,0.0872,14.9356,7,
0.2157,0.0062,1.2284,7,
0.1360,0.0014,0.6606,5,
0.9109,0.0123,0.2033,23,
0.0735,0.0013,6.9001,5,
0.0224,0.0037,76.5153,10,
0.3875,0.0119,3.1020,12,
0.2952,0.0081,5.6805,21,
0.3741,0.0036,1.1217,10,
0.1751,0.0803,15.0474,7,
0.1034,0.0385,19.4493,6,
0.1673,0.0697,15.6625,7,
0.2508,0.0060,0.8070,8,
0.1713,0.0017,0.4481,6,
0.8822,0.0035,0.0791,22,
0.2490,0.0413,7.8492,18,
0.0744,0.0012,2.1620,5,
0.3892,0.0087,0.9459,12,
0.2992,0.0100,7.6373,21,
0.3731,0.0027,0.5892,10,
0.1454,0.0193,7.1476,6,
0.1628,0.1069,13.9821,7,
0.2512,0.0053,0.8490,8,
0.1373,0.0009,0.3812,5,
0.8526,0.0086,0.1208,22,
0.2490,0.0444,7.2230,17,
0.0736,0.0017,3.4472,4,
0.4269,0.0086,0.6164,13,
0.3013,0.0119,7.1958,21,
0.1494,0.0002,0.0839,4,
0.3803,0.0024,0.8118,10,
0.1798,0.0885,12.2765,7,
0.1627,0.0499,15.8281,7,
0.2796,0.0153,1.8406,9,
0.1735,0.0101,2.6137,6,
0.8768,0.0112,0.1187,22,
0.0694,0.0039,9.1306,4,
0.0196,0.0045,114.5286,9,
0.4740,0.0194,0.7042,14,
0.3086,0.0141,12.7711,21,
0.3791,0.0065,0.5463,10,
0.1123,0.0412,19.1598,8,
0.1394,0.0196,7.4755,6,
0.1618,0.1003,14.8590,7,
0.2420,0.0055,0.7716,8,
0.1357,0.0040,1.8222,5,
0.9145,0.0114,0.1845,23,
0.0819,0.0033,4.9217,5,
0.0211,0.0033,90.5306,9,
0.5457,0.0396,1.0418,15,
0.1979,0.0081,2.3701,20,
0.4141,0.0034,0.1691,11,
0.1172,0.0392,19.0132,7,
0.2089,0.0202,6.0986,7,
0.1745,0.1006,13.7796,7,
0.2441,0.0061,0.9228,8,
0.1362,0.0020,0.8285,5,
0.8608,0.0051,0.1722,22,
0.2502,0.0433,8.7365,18,
0.0748,0.0010,13.5332,5,
0.5537,0.0527,1.3315,15,
0.3021,0.0118,5.8794,22,
0.1523,0.0034,1.2035,4,
0.3799,0.0025,1.6406,10,
0.1736,0.0823,12.3166,7,
0.1444,0.0615,17.4789,6,
0.2882,0.0204,2.2389,9,
0.1686,0.0033,6.9007,6,
0.8728,0.0171,0.2684,22,
0.0732,0.0011,34.1318,5,
0.0210,0.0032,102.8810,9,
0.6026,0.0646,1.4251,16,
0.2980,0.0093,8.7467,21,
0.3850,0.0022,1.0696,10,
0.0978,0.0440,20.5112,7,
0.1536,0.0236,7.4017,6,
0.1680,0.0951,14.6449,7,
0.2477,0.0084,1.1406,8,
0.1364,0.0004,0.3094,5,
0.8767,0.0089,0.0931,22,
0.2523,0.0437,7.5439,18,
0.0677,0.0019,10.0305,4,
0.5716,0.0581,1.5297,15,
0.3007,0.0139,5.8726,21,
0.3845,0.0022,0.6372,10,
0.1421,0.0136,5.1123,6,
0.1634,0.1001,15.0730,7,
0.2448,0.0036,0.4731,8,
0.1713,0.0123,3.3496,6,
0.8701,0.0099,0.2513,22,
0.0730,0.0014,2.1527,5,
0.0255,0.0032,81.8559,9,
0.6025,0.0662,1.5604,15,
0.2977,0.0109,13.2593,21,
0.2548,0.0032,1.4214,6,
0.3791,0.0047,0.4718,10,
0.2205,0.0324,5.0364,7,
0.0460,0.0064,47.0075,5,
0.1603,0.0907,15.4559,7,
0.2478,0.0073,1.0118,8,
0.1708,0.0054,10.6781,6,
0.8676,0.0130,0.1419,22,
0.0190,0.0044,114.0735,10,
0.5850,0.0578,1.3872,14,
0.3045,0.0179,4.6112,21,
0.3856,0.0059,0.3723,10,
0.1110,0.0420,18.3502,6,
0.1441,0.0088,3.3797,6,
0.1617,0.0801,15.7703,7,
0.2489,0.0035,0.4999,8,
0.1686,0.0028,12.1223,6,
0.8497,0.0025,0.0643,22,
0.2571,0.0424,7.8336,19,
0.0742,0.0009,3.9533,5,
0.4981,0.0465,1.5437,13,
0.2946,0.0089,3.7286,21,
0.1536,0.0026,0.9010,4,
0.4309,0.0129,0.6938,11,
0.2348,0.0296,4.0118,7,
0.1625,0.0372,15.8600,7,
0.2393,0.0141,2.0114,8,
0.1373,0.0011,0.4559,5,
0.8730,0.0047,0.3549,22,
0.0695,0.0016,20.9788,4,
0.0190,0.0041,111.7498,10,
0.5246,0.0605,1.6247,13,
0.2963,0.0060,2.0618,21,
0.3790,0.0043,0.6218,10,
0.1034,0.0381,20.3320,7,
0.2234,0.0268,4.2379,7,
0.1630,0.0840,15.3048,7,
0.2603,0.0077,0.9580,8,
0.1696,0.0030,4.5231,6,
0.8812,0.0058,0.0685,22,
0.2618,0.0453,8.1838,17,
0.0686,0.0038,8.8584,4,
0.4995,0.0716,2.0625,12,
0.3134,0.0118,7.5300,23,
0.1483,0.0025,0.9500,4,
0.3790,0.0041,0.2431,10,
0.1711,0.0857,14.4506,7,
0.1780,0.0955,13.8285,7,
0.2532,0.0016,0.3129,8,
0.1685,0.0040,1.1296,6,
0.8611,0.0068,0.6050,22,
0.0709,0.0019,3.5288,5,
0.0206,0.0048,118.1598,9,
0.3103,0.0297,2.5536,8,
0.3003,0.0062,3.7414,22,
0.3918,0.0029,0.3464,10,
0.1104,0.0410,19.4840,8,
0.2349,0.0320,4.6708,7,
0.1678,0.0267,13.9162,7,
0.2482,0.0062,0.9080,8,
0.1360,0.0023,1.0069,5,
0.8756,0.0086,0.0829,22,
0.2596,0.0404,8.6251,18,
0.2821,0.0219,2.2353,7,
0.2980,0.0097,6.5796,21,
0.2060,0.0026,13.8020,5,
0.3809,0.0014,0.6915,10,
0.1402,0.0070,13.3478,6,
0.1651,0.0588,16.2090,7,
0.2872,0.0149,1.4657,9,
0.1333,0.0038,1.6953,5,
0.8784,0.0112,0.1341,22,
0.0644,0.0088,18.3014,5,
0.0205,0.0042,99.1617,9,
0.1875,0.0364,7.2781,5,
0.2956,0.0065,3.6669,21,
0.2013,0.0016,0.3665,5,
0.3810,0.0024,1.2332,10,
0.1464,0.0207,7.5418,6,
0.0455,0.0049,45.8264,4,
0.1636,0.0892,15.1935,7,
0.2511,0.0044,0.6031,8,
0.1702,0.0025,3.2778,6,
0.8497,0.0046,0.3346,22,
0.2515,0.0401,7.3905,18,
0.0634,0.0042,8.1771,4,
0.1467,0.0199,6.7395,4,
0.2997,0.0087,5.5567,23,
0.3782,0.0029,0.6584,10,
0.2318,0.0339,4.5200,7,
0.1614,0.1016,14.2066,7,
0.2491,0.0054,0.7002,8,
0.1366,0.0007,5.4663,5,
0.8701,0.0053,0.1167,22,
0.2592,0.0402,7.4104,18,
0.0688,0.0013,8.2194,4,
0.1920,0.0523,8.6941,5,
0.3005,0.0101,1.7254,23,
0.1531,0.0029,1.0548,4,
0.3759,0.0031,0.2552,10,
0.1199,0.0112,6.0940,5,
0.1632,0.0534,15.7179,7,
0.2801,0.0189,2.0798,9,
0.1745,0.0045,1.2446,6,
0.8542,0.0048,0.0925,22,
0.0207,0.0035,96.6974,9,
0.1347,0.0440,13.6780,4,
0.1873,0.0070,4.4004,19,
0.2033,0.0021,1.2673,5,
0.3795,0.0024,0.7282,10,
0.1429,0.0082,3.1341,6,
0.0470,0.0059,43.6709,5,
0.1628,0.0886,15.2455,7,
0.2347,0.0039,0.6330,7,
0.1307,0.0016,0.8008,5,
0.9227,0.0139,0.1825,23,
0.1580,0.0250,13.3825,11,
0.0658,0.0043,8.2369,4,
0.3008,0.0073,2.5981,22,
0.3704,0.0065,0.4921,10,
0.2207,0.0336,5.3083,7,
0.0483,0.0082,38.1021,6,
0.1816,0.0953,13.7870,7,
0.2547,0.0078,1.0627,8,
0.1366,0.0003,0.2160,5,
0.9093,0.0057,0.3463,23,
0.2515,0.0387,8.0493,17,
0.2957,0.0077,3.8778,22,
0.2094,0.0069,1.7892,5,
0.3643,0.0027,0.4432,10,
0.1404,0.0147,6.1892,6,
0.1821,0.0839,14.0478,7,
0.2661,0.0091,1.1437,8,
0.1357,0.0019,0.7612,5,
0.8727,0.0063,0.0852,22,
0.2538,0.0431,7.6687,17,
0.2989,0.0118,7.1247,23,
0.1247,0.0210,9.4768,4,
0.3836,0.0082,0.5617,10,
0.1495,0.0258,8.6688,6,
0.1697,0.0993,14.0393,7,
0.2576,0.0052,0.6345,8,
0.1364,0.0014,0.6585,5,
0.8806,0.0069,0.1158,22,
0.1609,0.0295,12.7119,12,
0.0728,0.0031,5.4086,4,
0.3058,0.0141,11.4132,23,
0.1975,0.0107,2.2545,6,
0.1488,0.0005,0.1937,4,
0.3779,0.0015,6.8403,10,
0.2066,0.0940,11.8114,8,
0.0510,0.0142,38.6890,4,
0.1965,0.0578,14.3713,8,
0.2539,0.0106,1.4084,8,
0.1706,0.0007,2.6138,6,
0.8787,0.0089,0.1039,22,
0.0191,0.0040,115.4456,9,
0.2847,0.0185,2.6530,23,
0.2361,0.0062,2.1254,7,
0.3806,0.0037,0.2012,10,
0.2061,0.0716,10.5617,8,
0.0464,0.0062,44.1940,4,
0.1901,0.0832,14.2359,8,
0.2481,0.0034,0.5383,8,
0.1737,0.0087,2.2867,6,
0.8472,0.0029,1.4540,22,
0.2626,0.0439,8.7779,17,
0.3035,0.0123,3.8550,23,
0.2317,0.0153,2.6324,7,
0.2039,0.0031,2.4018,5,
0.4083,0.0063,0.3562,11,
0.1431,0.0089,8.5602,6,
0.1627,0.0479,16.2894,7,
0.2495,0.0144,1.8890,8,
0.1695,0.0008,0.7900,6,
0.8711,0.0056,0.0695,22,
0.0851,0.0073,9.3520,4,
0.0181,0.0045,122.3206,10,
0.2964,0.0097,8.4104,22,
0.1348,0.0025,1.1970,5,
0.3810,0.0045,0.3953,10,
0.0991,0.0393,20.0844,6,
0.2180,0.0371,6.0046,7,
0.1869,0.0873,13.9505,8,
0.2597,0.0031,0.4244,8,
0.1365,0.0010,0.5328,5,
0.8747,0.0072,0.0977,22,
0.2605,0.0380,8.8562,16,
0.1059,0.0154,10.1914,5,
0.2935,0.0077,4.3551,23,
0.3694,0.0077,0.5055,10,
0.1484,0.0187,6.5879,6,
0.2090,0.0580,13.4272,8,
0.2652,0.0076,0.8705,8,
0.1362,0.0038,1.5846,5,
0.8590,0.0046,0.2448,22,
0.0967,0.0094,9.3373,4,
0.0207,0.0040,95.6172,10,
0.2922,0.0079,3.9928,22,
0.1416,0.0066,2.7695,4,
0.2038,0.0035,1.2702,5,
0.3805,0.0019,0.8985,10,
0.1375,0.0389,16.2704,7,
0.1441,0.0140,5.2684,6,
0.1983,0.1041,13.4209,8,
0.2543,0.0046,0.5774,8,
0.1369,0.0006,4.3954,5,
0.8881,0.0056,0.0727,22,
0.2481,0.0444,8.3094,18,
0.2980,0.0130,5.7943,22,
0.1079,0.0075,5.1410,4,
0.3804,0.0030,0.1586,10,
0.2388,0.0329,4.4545,7,
0.1864,0.0584,14.8218,8,
0.2510,0.0079,1.0553,8,
0.1354,0.0031,1.4612,5,
0.8910,0.0110,0.1796,23,
0.1588,0.0315,12.6731,13,
0.0770,0.0056,7.7309,4,
0.2961,0.0128,5.2368,22,
0.0904,0.0039,4.0883,4,
0.4121,0.0022,0.2870,11,
0.1419,0.0204,7.6353,6,
0.0489,0.0076,38.9079,5,
0.1895,0.0873,13.7006,8,
0.2510,0.0059,0.8052,8,
0.1366,0.0009,0.3792,5,
0.8771,0.0166,0.1916,22,
0.0181,0.0044,123.0281,9,
0.2993,0.0129,4.9801,22,
0.4585,0.0665,2.3124,15,
0.2033,0.0037,2.4036,5,
0.3769,0.0029,0.2740,10,
0.1031,0.0414,20.0528,7,
0.1449,0.0204,7.5266,6,
0.1897,0.0680,14.3935,8,
0.2416,0.0042,0.6136,8,
0.1311,0.0021,1.0960,5,
0.8832,0.0099,0.0967,22,
0.2639,0.0431,8.0347,15,
0.3214,0.0315,4.4649,22,
0.4834,0.0952,2.7272,17,
0.2043,0.0031,0.8161,5,
0.3545,0.0028,0.1694,10,
0.2005,0.0817,11.9190,8,
0.1908,0.0808,14.0246,8,
0.2927,0.0061,0.6709,8,
0.1677,0.0028,1.1446,6,
0.8605,0.0095,0.2302,22,
0.2448,0.0391,8.3817,17,
0.2905,0.0092,1.5988,22,
0.5270,0.1194,2.8847,19,
0.3777,0.0029,1.1967,10,
0.1415,0.0222,8.1903,6,
0.2037,0.0832,13.4420,8,
0.2439,0.0086,1.1922,8,
0.1343,0.0013,0.9527,5,
0.8674,0.0077,0.2695,22,
0.0214,0.0039,98.8957,10,
0.2861,0.0067,2.3292,22,
0.5310,0.1222,2.8277,20,
0.2013,0.0015,0.4262,5,
0.3801,0.0042,0.2778,10,
0.1427,0.0134,5.3576,6,
0.1050,0.0462,19.3625,6,
0.1994,0.0456,14.3966,8,
0.2575,0.0104,1.4041,8,
0.1372,0.0019,0.8603,5,
0.8769,0.0076,0.0886,22,
0.2543,0.0403,7.2820,17,
0.2909,0.0120,6.9621,22,
0.5382,0.1363,3.0238,21,
0.1514,0.0023,2.5314,4,
0.3950,0.0047,0.2764,10,
0.2251,0.0392,5.5729,7,
0.1936,0.0860,13.6701,8,
0.2511,0.0074,0.9225,8,
0.1348,0.0009,0.3792,5,
0.8688,0.0075,0.0851,22,
0.0197,0.0043,118.2568,10,
0.2852,0.0114,10.2771,22,
0.5706,0.1343,2.7112,23,
0.3848,0.0025,0.2177,10,
0.1077,0.0463,19.1711,7,
0.2267,0.0346,4.8665,7,
0.1883,0.0910,13.7597,8,
0.2509,0.0084,1.1115,8,
0.1372,0.0004,0.3030,5,
0.8962,0.0120,0.2005,23,
0.2577,0.0436,8.2649,16,
0.2838,0.0094,1.9738,22,
0.5588,0.1515,2.9961,25,
0.3779,0.0012,0.7436,10,
0.2087,0.0671,10.6800,8,
0.1625,0.0476,16.9036,7,
0.2795,0.0162,1.7048,9,
0.1362,0.0012,0.5973,5,
0.8769,0.0088,0.0933,22,
0.0222,0.0024,95.1476,10,
0.2931,0.0083,2.0343,22,
0.5606,0.1201,2.5920,25,
0.3590,0.0019,0.2220,10,
0.1752,0.0930,14.3863,7,
0.1090,0.0395,18.5732,6,
0.1896,0.0903,13.8794,8,
0.2464,0.0046,0.6494,8,
0.1693,0.0050,1.4656,6,
0.8691,0.0096,0.1469,22,
0.2501,0.0421,8.7855,17,
0.2923,0.0083,3.2315,23,
0.5741,0.1081,2.3723,27,
0.3783,0.0017,0.5014,10,
0.2414,0.0330,4.3421,7,
0.1827,0.0566,14.5722,7,
0.2498,0.0140,1.8064,8,
0.1398,0.0043,1.7335,5,
0.8659,0.0073,2.0847,22,
0.2528,0.0428,7.9737,15,
0.2940,0.0084,3.6790,23,
0.5415,0.0995,2.4817,27,
0.1472,0.0033,1.9666,4,
0.3926,0.0020,0.2189,10,
0.2241,0.0278,4.4018,7,
0.1941,0.0577,14.4108,8,
0.2420,0.0044,0.6098,8,
0.1349,0.0014,0.6656,5,
0.9140,0.0082,0.1049,23,
0.0172,0.0029,122.6807,9,
0.2852,0.0065,1.9971,22,
0.5354,0.1088,2.7155,28,
0.1998,0.0006,3.5875,5,
0.3795,0.0025,0.3918,10,
0.1096,0.0436,19.2063,7,
0.1449,0.0897,16.0725,6,
0.1678,0.0602,15.2392,7,
0.2545,0.0149,1.8609,8,
0.1361,0.0026,1.9098,5,
0.8784,0.0120,0.1187,22,
0.0177,0.0047,134.2633,10,
0.2907,0.0132,4.4391,22,
0.6046,0.1363,2.5113,32,
0.1504,0.0011,0.7015,4,
0.3801,0.0020,0.5769,10,
0.1443,0.0214,7.8636,6,
0.1140,0.0409,18.8346,6,
0.1883,0.0841,14.0528,8,
0.2541,0.0067,0.8962,8,
0.1694,0.0039,2.8914,6,
0.8936,0.0055,0.0841,23,
0.0172,0.0049,134.5008,10,
0.2963,0.0137,11.2666,23,
0.5673,0.1221,2.6331,32,
0.2462,0.0036,0.8803,6,
0.4015,0.0046,0.2638,10,
0.1132,0.0434,18.5542,6,
0.1501,0.0203,6.8905,6,
0.1894,0.0940,13.4837,8,
0.2511,0.0036,0.5308,8,
0.1726,0.0068,1.8253,6,
0.8521,0.0066,0.1314,22,
0.2615,0.0442,7.3361,17,
0.3037,0.0132,4.4319,23,
0.5850,0.1552,2.7949,33,
0.2016,0.0011,2.3961,5,
0.3485,0.0012,1.9871,9,
0.2084,0.0781,10.9549,8,
0.1626,0.0573,15.8835,7,
0.2776,0.0159,1.8937,9,
0.1725,0.0059,1.5904,6,
0.8818,0.0086,0.0841,22,
0.2490,0.0408,7.6841,17,
0.2996,0.0086,6.2427,24,
0.5578,0.1171,2.5344,34,
0.1432,0.0022,1.1461,4,
0.3541,0.0016,0.6580,9,
0.1430,0.0212,7.8015,6,
0.1870,0.0850,13.9161,8,
0.2688,0.0056,0.7084,8,
0.1345,0.0034,1.5519,5,
0.9092,0.0128,0.9106,23,
0.2579,0.0429,7.8544,17,
0.3044,0.0159,6.5273,23,
0.5895,0.1698,2.9536,36,
0.3083,0.0017,0.3205,8,
0.1602,0.0185,16.0941,7,
0.2094,0.0775,12.9278,8,
0.2443,0.0087,1.2534,8,
0.1688,0.0019,2.5090,6,
0.8611,0.0056,0.2634,22,
0.1627,0.0240,13.6384,12,
0.2966,0.0061,4.4026,24,
0.5776,0.1505,2.8654,37,
0.3428,0.0043,0.4420,9,
0.2335,0.0330,4.5543,7,
0.0495,0.0030,33.4796,5,
0.2002,0.0243,14.4787,8,
0.2672,0.0090,1.1003,8,
0.1347,0.0009,0.3797,5,
0.8732,0.0093,0.0988,22,
0.2573,0.0436,8.0295,18,
0.2864,0.0100,10.9996,22,
0.5857,0.1538,2.8446,38,
0.3472,0.0047,0.7737,9,
0.2195,0.0296,4.8436,7,
0.1903,0.0853,13.9135,8,
0.2513,0.0054,0.6589,8,
0.1369,0.0019,0.7548,5,
0.9068,0.0118,1.2370,23,
0.2524,0.0401,8.1362,17,
0.2934,0.0136,4.3701,22,
0.7725,0.1653,2.2268,48,
0.1421,0.0129,4.8652,6,
0.1878,0.0845,13.5153,8,
0.2482,0.0013,0.1934,8,
0.1359,0.0009,0.3779,5,
0.8519,0.0148,0.2584,22,
0.0197,0.0046,123.0459,9,
0.2900,0.0100,4.2550,22,
0.7462,0.1952,2.4700,49,
0.1769,0.0131,3.3187,5,
0.1113,0.0427,19.0722,6,
0.1864,0.1026,12.6373,7,
0.1902,0.0824,13.7871,8,
0.2394,0.0070,1.0448,8,
0.1740,0.0066,1.6823,6,
0.8590,0.0086,0.7344,22,
0.2526,0.0414,8.7967,17,
0.2843,0.0090,3.0839,22,
0.6734,0.1474,2.8593,50,
0.1674,0.0071,2.0627,5,
0.2358,0.0317,4.2805,7,
0.1897,0.0522,14.8266,8,
0.2768,0.0083,0.8814,8,
0.1313,0.0032,1.3958,5,
0.9105,0.0045,0.0777,23,
0.2526,0.0386,8.7017,17,
0.2955,0.0108,3.5322,23,
0.6074,0.1194,3.1655,48,
0.1661,0.0032,0.9523,5,
0.2276,0.0340,5.1984,7,
0.1787,0.0853,14.5256,7,
0.2841,0.0120,1.2236,9,
0.1349,0.0014,0.6656,5,
0.9141,0.0134,0.1451,23,
0.2584,0.0424,7.9189,18,
0.2930,0.0076,3.4429,23,
0.5715,0.0773,3.2997,48,
0.2173,0.0028,0.9498,6,
0.2212,0.0254,4.1359,7,
0.1964,0.0594,14.2696,8,
0.2514,0.0061,0.7939,8,
0.1359,0.0043,1.9839,5,
0.9230,0.0207,0.2357,23,
0.2527,0.0405,8.2486,18,
0.2942,0.0070,2.5970,24,
0.5777,0.0910,3.0062,48,
0.2601,0.0061,0.6873,7,
0.2152,0.0242,3.9970,7,
0.1912,0.0716,14.1353,8,
0.2447,0.0065,0.8783,8,
0.1352,0.0024,1.1583,5,
0.8769,0.0096,0.1090,22,
0.2626,0.0459,6.9155,19,
0.2871,0.0092,4.3821,23,
0.5814,0.1106,2.8493,46,
0.1319,0.0022,1.1678,4,
0.1173,0.0056,3.3966,5,
0.1632,0.0591,15.6098,7,
0.2624,0.0176,2.3087,9,
0.1701,0.0036,1.5158,6,
0.8470,0.0028,0.1171,22,
0.2472,0.0397,8.0466,17,
0.3072,0.0152,11.7935,25,
0.4851,0.0906,3.1519,43,
0.1769,0.0749,12.0807,7,
0.1628,0.0498,16.3667,7,
0.2810,0.0178,2.0291,9,
0.1706,0.0027,0.7154,6,
0.8718,0.0085,0.0835,22,
0.2485,0.0370,8.6198,17,
0.3028,0.0125,3.2924,23,
0.4571,0.1296,4.3860,43,
0.1442,0.0128,9.9068,6,
0.1628,0.0588,16.7631,7,
0.2776,0.0174,1.8880,9,
0.1799,0.0026,0.6966,6,
0.8766,0.0085,0.1193,22,
0.0210,0.0032,107.8365,9,
0.2920,0.0077,2.4908,24,
0.5273,0.1527,3.9766,46,
0.1028,0.0455,19.9870,5,
0.1419,0.0151,5.8643,6,
0.2110,0.0861,12.6724,8,
0.2606,0.0044,0.5209,8,
0.1352,0.0011,0.5988,5,
0.8639,0.0099,0.2744,22,
0.1607,0.0392,13.4281,11,
0.3029,0.0146,6.2175,24,
0.4521,0.1024,3.8486,43,
0.1450,0.0158,5.8878,6,
0.0463,0.0011,24.3624,4,
0.2005,0.0869,13.4622,8,
0.2973,0.0075,0.6667,9,
0.1372,0.0019,0.7830,5,
0.8772,0.0083,0.1124,22,
0.2475,0.0490,7.9617,17,
0.3108,0.0265,3.5795,24,
0.4343,0.0766,3.5435,40,
0.2313,0.0300,4.4155,7,
0.1907,0.0732,14.5801,8,
0.2546,0.0046,0.5961,8,
0.1359,0.0031,2.1068,5,
0.8706,0.0131,0.1404,22,
0.2533,0.0392,7.4196,18,
0.2883,0.0070,1.7059,24,
0.4290,0.0823,3.8282,36,
0.1213,0.0116,6.3060,5,
0.1893,0.0787,13.9191,8,
0.2510,0.0040,0.5259,8,
0.1709,0.0025,0.6642,6,
0.8767,0.0081,0.0819,22,
0.1608,0.0343,13.2459,11,
0.2902,0.0087,8.1208,23,
0.4076,0.0891,4.6115,35,
0.2328,0.0315,4.4213,7,
0.0499,0.0138,43.1087,6,
0.1617,0.0497,15.7937,7,
0.2967,0.0150,1.4003,9,
0.1373,0.0007,3.6887,5,
0.8742,0.0042,0.0534,22,
0.2478,0.0404,9.0632,16,
0.2927,0.0095,1.7600,23,
0.3798,0.1027,6.7577,34,
0.1436,0.0278,9.7161,6,
0.1904,0.0760,13.8290,8,
0.2178,0.0013,0.2856,7,
0.1330,0.0011,0.5177,5,
0.8606,0.0046,0.5563,22,
0.0187,0.0047,122.0569,10,
0.2933,0.0073,1.9901,23,
0.3832,0.1314,7.8398,33,
0.1077,0.0460,19.8886,7,
0.1338,0.0229,13.0997,6,
0.1623,0.0476,16.4752,7,
0.3037,0.0153,1.6042,9,
0.1726,0.0052,1.5077,6,
0.8591,0.0060,0.1279,22,
0.2575,0.0414,8.1945,17,
0.2936,0.0066,1.8968,23,
0.3989,0.1108,7.9334,36,
0.1198,0.0082,4.3686,5,
0.2089,0.0863,12.7655,8,
0.2561,0.0045,0.5852,8,
0.1353,0.0023,1.0152,5,
0.8694,0.0107,0.1268,22,
0.2546,0.0428,8.0916,19,
0.2877,0.0113,4.5812,22,
0.4421,0.0641,4.8082,36,
0.1345,0.0750,17.5025,6,
0.1951,0.0870,13.7566,8,
0.2511,0.0049,0.6220,8,
0.1353,0.0038,1.5899,5,
0.0764,0.0090,26.5930,6,
0.8249,0.0051,0.0946,21,
0.0200,0.0029,100.6445,9,
0.2805,0.0089,3.1266,22,
0.3844,0.0584,9.7325,33,
0.1427,0.0333,10.9099,6,
0.1686,0.0801,15.0916,7,
0.2639,0.0057,0.6929,8,
0.1682,0.0019,0.5402,6,
0.8899,0.0166,0.1823,22,
0.0204,0.0043,102.1074,9,
0.2878,0.0105,3.4951,22,
0.3799,0.0489,8.1459,30,
0.1122,0.0045,3.4215,5,
0.1113,0.0207,12.3063,5,
0.0459,0.0020,21.1122,5,
0.1601,0.0825,15.4155,7,
0.2939,0.0171,1.7652,9,
0.1367,0.0036,1.8431,5,
0.8663,0.0079,0.1128,22,
0.0172,0.0054,124.1458,10,
0.3148,0.0316,6.3452,23,
0.2802,0.0376,3.6259,27,
0.1026,0.0455,19.4155,6,
0.0898,0.0024,3.2914,4,
0.0829,0.0042,5.2490,4,
0.1627,0.0568,16.9234,7,
0.2486,0.0101,1.5104,8,
0.1741,0.0079,2.0617,6,
0.8731,0.0042,0.0534,22,
0.0190,0.0047,116.7402,10,
0.2966,0.0143,4.0062,22,
0.3220,0.0432,3.2693,25,
0.1222,0.0406,18.0658,7,
0.0803,0.0040,4.8674,4,
0.1636,0.0937,14.7125,7,
0.2428,0.0045,0.6379,8,
0.1395,0.0033,1.5461,5,
0.9051,0.0135,0.1462,23,
0.2540,0.0366,9.1145,18,
0.2893,0.0114,11.9562,22,
0.2922,0.0292,3.7060,21,
0.1901,0.0916,13.5659,7,
0.2516,0.0070,0.9225,8,
0.1386,0.0027,1.1663,5,
0.8648,0.0048,0.0991,22,
0.2911,0.0422,8.0117,18,
0.2949,0.0130,5.8577,23,
0.2502,0.0197,3.3956,15,
0.1509,0.0568,15.8927,6,
0.2907,0.0144,1.4281,9,
0.1341,0.0041,1.9223,5,
0.8809,0.0131,0.1388,22,
0.0191,0.0038,118.0370,10,
0.2952,0.0132,11.7383,24,
0.1600,0.0062,5.3008,12,
0.0590,0.0176,30.8571,6,
0.0859,0.0477,25.9803,4,
0.2574,0.0108,1.3539,8,
0.1367,0.0029,1.2189,5,
0.8875,0.0051,0.1155,22,
0.1083,0.0158,16.5471,11,
0.2920,0.0132,9.0712,24,
0.1472,0.0122,4.3104,11,
0.0500,0.0126,40.3422,5,
0.2737,0.0042,0.4674,8,
0.1366,0.0019,0.8747,5,
0.8846,0.0172,0.1611,22,
0.1484,0.0448,15.3987,12,
0.2864,0.0094,2.5417,23,
0.2284,0.0287,4.1639,10,
0.0537,0.0167,37.1624,6,
0.1368,0.0035,2.1253,5,
0.1457,0.0005,0.2773,5,
0.1360,0.0048,2.1175,5,
0.9159,0.0101,0.0965,23,
0.1536,0.0326,14.0924,11,
0.2778,0.0110,2.7413,20,
0.1380,0.0056,2.6425,6,
0.0655,0.0233,32.9781,6,
0.1397,0.0015,1.0167,5,
0.1353,0.0016,0.7461,5,
0.8687,0.0048,0.0703,22,
0.0200,0.0041,102.3213,10,
0.2836,0.0114,3.0874,21,
0.0854,0.0003,1.6157,4,
0.0527,0.0138,38.4212,7,
0.1138,0.0015,0.9648,4,
0.1375,0.0026,2.9953,5,
0.8623,0.0034,0.0533,22,
0.0201,0.0024,83.4697,9,
0.2725,0.0104,2.9870,20,
0.1124,0.0037,3.5083,6,
0.0499,0.0104,28.2205,6,
0.1540,0.0050,15.1113,6,
0.1359,0.0002,1.2111,5,
0.8777,0.0084,0.0967,22,
0.0192,0.0046,104.4016,10,
0.2934,0.0146,8.9951,22,
0.1094,0.0387,20.7931,7,
0.0799,0.0198,20.1478,9,
0.1566,0.0152,4.7276,9,
0.1362,0.0004,0.3094,5,
0.8675,0.0134,0.4787,22,
0.2452,0.0439,7.7252,18,
0.2862,0.0088,2.2116,20,
0.1505,0.0005,0.1875,4,
0.2641,0.0394,11.6768,24,
0.1354,0.0019,0.8830,5,
0.8853,0.0061,0.0793,22,
0.2477,0.0439,5.7899,17,
0.2939,0.0128,9.1870,21,
0.2020,0.0017,3.2980,5,
0.0631,0.0056,11.2686,4,
0.2592,0.0560,7.0496,24,
0.1376,0.0004,0.2973,5,
0.8425,0.0040,0.0460,21,
0.0205,0.0036,99.1230,10,
0.2959,0.0078,7.8803,22,
0.1491,0.0010,0.3835,4,
0.0972,0.0380,20.6350,7,
0.2846,0.0537,5.5145,24,
0.1365,0.0009,0.3797,5,
0.8836,0.0035,0.2770,22,
0.2501,0.0406,7.5053,16,
0.2891,0.0058,3.0346,22,
0.2035,0.0034,0.9254,5,
0.1294,0.0004,0.2088,4,
0.2770,0.0548,5.2409,24,
0.1365,0.0004,0.3089,5,
0.8609,0.0038,0.0637,22,
0.2527,0.0415,7.2252,18,
0.2970,0.0085,12.2063,23,
0.1317,0.0025,1.1862,4,
0.2828,0.0651,5.7250,24,
0.1396,0.0035,1.5190,5,
0.8801,0.0063,0.0597,22,
0.2576,0.0449,7.4858,17,
0.2917,0.0058,4.7308,23,
0.1524,0.0021,1.8503,4,
0.2866,0.0633,5.5855,23,
0.1000,0.0006,1.3064,4,
0.8797,0.0060,0.1116,22,
0.2505,0.0451,7.5015,16,
0.3086,0.0108,4.8924,24,
0.1507,0.0017,0.8975,4,
0.2936,0.0737,5.5109,25,
0.1356,0.0031,1.9769,5,
0.8818,0.0050,0.0722,22,
0.0181,0.0044,124.4738,10,
0.3056,0.0133,2.7364,24,
0.2003,0.0207,4.2046,5,
0.1116,0.0379,17.7131,7,
0.2744,0.0634,6.1894,24,
0.1359,0.0063,2.6129,5,
0.8848,0.0055,0.1079,22,
0.2502,0.0448,8.2115,17,
0.3061,0.0159,4.3299,23,
0.2410,0.0272,3.6897,6,
0.2010,0.0019,3.0823,5,
0.3623,0.0511,6.6138,25,
0.1015,0.0012,0.9451,4,
0.8562,0.0153,3.2848,22,
0.2474,0.0407,7.5320,17,
0.2803,0.0086,4.4917,20,
0.2454,0.0273,3.6407,6,
0.3564,0.0644,6.0669,29,
0.8725,0.0054,0.1330,22,
0.0238,0.0043,77.7195,8,
0.3032,0.0111,3.4091,23,
0.2925,0.0306,3.1060,7,
0.2553,0.0039,1.2307,6,
0.1492,0.0092,3.4739,4,
0.3620,0.0541,5.3342,29,
0.0118,0.0039,169.0471,4,
0.8545,0.0032,0.0902,22,
0.1617,0.0293,13.8483,12,
0.2829,0.0091,2.8411,20,
0.0933,0.0198,17.2605,4,
0.3287,0.0385,6.0500,24,
0.0438,0.0159,46.2385,5,
0.1050,0.0019,1.4999,4,
0.8770,0.0052,0.1017,22,
0.0219,0.0033,72.8786,9,
0.1835,0.0074,9.1306,19,
0.0656,0.0029,5.7734,5,
0.0560,0.0019,4.6232,4,
0.1038,0.0410,20.1096,7,
0.2768,0.0337,9.3369,19,
0.1009,0.0011,0.8605,4,
0.8802,0.0155,0.1612,22,
0.1085,0.0148,16.9164,10,
0.2856,0.0117,13.0834,20,
0.0802,0.0067,8.3476,6,
0.0660,0.0046,8.3428,5,
0.0296,0.0016,21.0859,4,
0.2324,0.0600,8.5230,19,
0.8796,0.0072,0.0875,22,
0.0239,0.0028,73.3672,8,
0.2915,0.0131,4.3918,22,
0.0946,0.0070,12.2887,7,
0.1154,0.0195,10.3445,6,
0.2090,0.0514,9.4006,18,
0.1037,0.0034,2.5255,4,
0.8430,0.0018,0.0693,21,
0.1109,0.0154,16.0197,10,
0.2816,0.0103,1.2725,22,
0.0934,0.0031,10.3597,7,
0.1045,0.0148,9.8244,8,
0.2111,0.0408,9.3894,18,
0.1037,0.0014,1.1962,4,
0.8757,0.0134,0.1300,22,
0.1105,0.0171,16.5242,11,
0.2901,0.0110,3.9570,22,
0.0749,0.0044,6.6646,6,
0.1255,0.0120,6.0277,10,
0.0316,0.0004,4.4454,4,
0.2043,0.0390,8.8510,18,
0.1012,0.0028,2.2502,4,
0.8781,0.0049,0.1021,22,
0.2558,0.0430,9.2045,15,
0.2881,0.0066,1.9483,23,
0.0789,0.0051,10.7237,6,
0.1625,0.0173,4.7988,12,
0.2136,0.0446,7.5026,18,
0.1087,0.0005,0.3679,4,
0.8624,0.0040,0.0904,22,
0.2475,0.0428,6.5321,16,
0.2912,0.0061,1.9790,23,
0.0749,0.0021,8.3545,6,
0.2300,0.0185,3.1715,12,
0.1784,0.0442,8.8839,16,
0.1017,0.0030,2.2960,4,
0.8203,0.0042,0.2960,21,
0.1483,0.0346,15.0322,11,
0.2769,0.0170,2.6416,23,
0.0969,0.0115,11.1126,7,
0.2194,0.0127,2.4977,12,
0.1030,0.0303,19.0170,8,
0.1027,0.0037,2.8888,4,
0.8782,0.0036,0.0677,22,
0.0189,0.0043,102.3877,10,
0.2753,0.0081,3.5874,22,
0.0745,0.0057,21.6647,6,
0.2819,0.0269,8.3394,13,
0.1072,0.0021,2.5273,4,
0.0876,0.0302,24.3470,6,
0.1035,0.0018,1.3110,4,
0.8893,0.0054,0.0805,22,
0.1096,0.0164,16.5839,11,
0.2791,0.0098,3.4870,22,
0.0735,0.0027,3.8647,6,
0.2262,0.0226,4.0285,13,
0.0799,0.0100,16.3715,4,
0.1031,0.0031,2.4507,4,
0.8853,0.0030,0.0847,22,
0.1129,0.0171,14.9544,9,
0.2772,0.0076,3.3199,21,
0.0621,0.0010,1.9618,4,
0.0764,0.0043,6.5099,6,
0.2248,0.0228,3.9264,13,
0.0928,0.0263,21.0520,6,
0.1029,0.0008,0.7460,4,
0.9218,0.0199,0.8426,23,
0.1478,0.0331,15.9929,10,
0.2902,0.0128,4.6416,23,
0.1242,0.0058,5.1944,6,
0.0787,0.0041,5.9407,6,
0.2223,0.0198,3.8331,13,
0.0878,0.0109,14.7583,5,
0.1013,0.0011,0.8555,4,
0.9086,0.0052,0.7897,22,
0.1116,0.0178,16.3552,11,
0.2819,0.0108,2.1244,21,
0.1381,0.0074,2.9935,7,
0.0892,0.0105,11.0030,6,
0.1297,0.0072,4.8071,12,
0.0175,0.0025,115.0630,4,
0.1113,0.0291,15.0942,5,
0.1095,0.0005,0.3619,4,
0.8614,0.0025,0.0609,22,
0.1076,0.0187,15.8936,10,
0.3161,0.0388,5.0631,22,
0.1318,0.0024,1.1044,7,
0.0831,0.0055,15.0126,6,
0.1319,0.0081,5.0200,12,
0.0286,0.0009,7.9682,4,
0.1007,0.0215,17.3794,5,
0.1069,0.0009,0.8666,4,
0.8662,0.0079,1.4015,22,
0.0187,0.0035,112.9490,9,
0.2699,0.0083,14.9071,20,
0.1562,0.0035,1.2083,8,
0.0628,0.0004,1.0486,5,
0.1552,0.0246,7.2837,12,
0.1923,0.0038,0.7800,5,
0.0913,0.0202,20.8677,5,
0.1013,0.0008,0.7700,4,
0.8767,0.0080,0.0895,22,
0.1570,0.0293,14.5458,12,
0.2817,0.0187,10.0558,21,
0.1352,0.0036,1.9353,7,
0.0625,0.0005,2.6683,5,
0.1590,0.0276,7.5836,12,
0.1025,0.0208,15.1851,6,
0.1014,0.0009,0.8048,4,
0.8394,0.0038,0.1020,21,
0.1117,0.0159,15.2789,9,
0.0556,0.0008,3.4009,4,
0.2771,0.0148,4.0464,21,
0.1423,0.0041,1.6514,7,
0.0804,0.0044,6.3534,6,
0.1456,0.0176,6.7136,11,
0.1069,0.0290,17.8698,7,
0.1037,0.0021,1.6790,4,
0.8874,0.0161,0.1742,22,
0.1096,0.0157,15.4183,9,
0.0596,0.0022,4.9201,4,
0.2877,0.0267,7.3186,21,
0.1356,0.0037,1.7343,7,
0.0833,0.0093,11.9911,6,
0.1594,0.0279,7.7611,11,
0.1092,0.0283,17.0880,7,
0.1026,0.0004,0.3788,4,
0.8759,0.0049,0.0724,22,
0.2597,0.0538,6.4953,15,
0.0517,0.0010,3.0464,4,
0.2754,0.0108,1.9857,21,
0.1656,0.0058,1.6986,8,
0.0752,0.0044,6.9657,6,
0.1422,0.0116,5.3996,11,
0.0993,0.0333,20.1142,7,
0.1011,0.0006,0.4866,4,
0.8994,0.0038,0.0906,22,
0.1556,0.0306,14.1849,11,
0.0579,0.0010,5.3517,4,
0.2857,0.0198,8.1478,21,
0.1313,0.0017,0.9354,7,
0.0755,0.0024,4.1028,6,
0.1507,0.0186,6.6871,12,
0.0911,0.0220,21.2517,5,
0.1057,0.0014,1.0582,4,
0.8694,0.0045,0.0980,22,
0.1591,0.0293,13.5842,11,
0.0536,0.0020,6.2251,4,
0.2661,0.0133,3.8823,21,
0.1407,0.0023,0.9586,7,
0.0752,0.0023,3.6199,6,
0.1397,0.0078,3.9251,12,
0.0766,0.0195,25.7501,5,
0.1361,0.0023,1.2316,5,
0.8678,0.0043,2.1295,22,
0.1126,0.0159,15.6174,9,
0.0562,0.0011,11.0295,4,
0.2655,0.0144,4.7067,20,
0.1442,0.0039,2.6239,7,
0.0641,0.0010,8.4246,5,
0.1773,0.0316,6.7411,12,
0.0951,0.0311,22.0820,7,
0.1022,0.0008,0.7614,4,
0.8818,0.0094,0.1068,22,
0.0219,0.0041,73.1352,8,
0.0402,0.0005,2.7674,4,
0.2782,0.0213,12.9660,21,
0.1246,0.0044,2.1636,6,
0.0613,0.0010,2.3097,5,
0.2465,0.0159,3.7525,14,
0.1102,0.0018,1.9832,4,
0.1096,0.0264,15.4729,7,
0.1027,0.0008,0.7493,4,
0.8789,0.0059,0.0767,22,
0.2527,0.0422,6.9546,14,
0.0547,0.0029,7.5004,4,
0.2633,0.0128,3.9026,21,
0.1120,0.0020,1.3277,6,
0.0787,0.0015,8.1786,6,
0.2274,0.0241,3.8685,13,
0.0965,0.0329,21.7624,6,
0.1025,0.0004,0.3792,4,
0.8842,0.0067,0.0698,22,
0.2440,0.0477,8.1607,16,
0.0477,0.0017,5.6832,4,
0.2660,0.0108,2.1395,21,
0.1089,0.0017,1.2802,6,
0.0848,0.0035,5.3823,6,
0.1228,0.0048,3.9744,11,
0.1024,0.0310,20.1601,6,
0.1029,0.0008,0.7455,4,
0.8815,0.0044,0.0812,22,
0.2508,0.0449,6.6523,16,
0.0524,0.0025,7.0599,4,
0.2697,0.0130,2.6583,21,
0.1254,0.0039,2.2423,7,
0.0816,0.0047,7.3322,6,
0.2311,0.0150,3.6017,13,
0.0873,0.0266,23.6878,6,
0.1037,0.0014,1.1962,4,
0.8703,0.0041,0.1338,22,
0.0200,0.0034,112.5493,9,
0.0566,0.0026,6.4116,4,
0.2732,0.0153,3.0443,21,
0.1340,0.0027,6.0935,8,
0.0828,0.0057,6.7207,6,
0.1180,0.0072,4.6898,11,
0.0980,0.0031,21.2091,5,
0.0972,0.0209,19.2435,5,
0.1074,0.0003,0.2425,4,
0.8771,0.0055,0.3870,22,
0.2461,0.0493,6.9261,15,
0.0500,0.0026,8.2875,4,
0.2639,0.0076,1.7554,21,
0.2800,0.0205,5.2722,14,
0.0801,0.0041,7.1791,6,
0.1281,0.0102,5.3590,11,
0.0908,0.0280,22.9081,6,
0.1010,0.0032,2.8465,4,
0.8806,0.0093,0.0961,22,
0.0200,0.0051,115.6729,10,
0.0501,0.0036,11.0186,4,
0.2675,0.0106,2.3472,21,
0.2804,0.0322,7.1365,18,
0.0580,0.0041,10.1516,5,
0.1496,0.0189,6.8232,12,
0.1002,0.0038,13.2220,6,
0.1126,0.0237,15.6094,6,
0.1027,0.0002,0.9049,4,
0.8399,0.0065,0.0736,21,
0.0192,0.0031,91.8724,9,
0.0582,0.0011,23.9177,4,
0.2836,0.0162,4.1972,22,
0.2808,0.0536,6.6231,22,
0.0742,0.0063,9.9604,6,
0.1354,0.0084,4.1737,11,
0.0804,0.0240,26.2961,5,
0.1378,0.0038,1.6076,5,
0.8989,0.0123,0.1178,22,
0.2513,0.0521,6.3275,15,
0.0494,0.0006,49.4777,4,
0.2680,0.0127,3.2220,21,
0.2248,0.0555,12.1594,20,
0.0851,0.0044,19.4509,6,
0.1101,0.0090,6.0104,10,
0.0851,0.0212,23.0443,5,
0.1024,0.0032,2.4336,4,
0.8948,0.0064,0.6411,22,
0.2586,0.0444,6.0147,15,
0.0577,0.0031,7.6323,4,
0.2145,0.0075,1.8753,16,
0.0343,0.0098,50.0114,6,
0.1744,0.0044,6.5904,15,
0.0812,0.0091,11.5040,6,
0.1210,0.0164,8.3500,10,
0.0753,0.0251,29.0804,5,
0.1359,0.0063,2.6112,5,
0.9022,0.0025,0.1299,22,
0.0219,0.0041,89.5644,10,
0.2792,0.0091,2.3157,23,
0.1703,0.0063,1.7199,15,
0.0763,0.0051,7.6869,6,
0.1241,0.0033,5.4573,11,
0.1000,0.0025,5.7001,5,
0.0873,0.0208,21.9639,5,
0.1351,0.0006,0.3422,5,
0.8727,0.0100,0.1107,22,
0.1618,0.0291,12.9002,13,
0.2746,0.0131,3.3902,21,
0.2274,0.0261,5.7045,16,
0.1075,0.0249,14.4700,6,
0.1221,0.0073,4.5353,11,
0.0784,0.0205,26.9099,5,
0.1462,0.0038,1.5315,5,
0.8592,0.0048,0.1425,22,
0.0201,0.0030,109.3759,9,
0.2805,0.0176,12.9191,22,
0.1691,0.0035,1.6275,15,
0.0916,0.0193,15.6854,6,
0.1202,0.0075,5.0385,11,
0.0922,0.0258,21.8820,6,
0.1033,0.0023,1.7997,4,
0.8677,0.0069,0.1446,22,
0.1120,0.0170,15.7398,9,
0.0634,0.0014,2.7866,4,
0.3284,0.0614,4.5374,22,
0.2122,0.0258,4.8269,16,
0.0631,0.0017,3.7858,5,
0.1614,0.0234,6.5702,12,
0.0736,0.0218,27.6294,5,
0.1360,0.0053,2.3685,5,
0.9171,0.0052,0.6892,23,
0.2514,0.0439,6.8676,13,
0.0515,0.0027,7.7797,4,
0.2822,0.0126,3.1635,22,
0.2133,0.0252,5.2385,16,
0.0609,0.0036,8.0407,5,
0.1625,0.0263,6.8893,12,
0.0952,0.0233,19.4952,6,
0.1025,0.0005,0.4635,4,
0.8842,0.0062,0.0578,22,
0.2512,0.0520,7.4078,16,
0.2789,0.0127,8.3175,21,
0.1753,0.0037,4.6444,15,
0.0794,0.0060,8.9975,6,
0.1365,0.0073,4.0108,12,
0.0847,0.0219,24.6424,5,
0.1370,0.0031,1.4755,5,
0.8682,0.0071,0.1025,22,
0.2476,0.0403,7.1195,14,
0.2813,0.0150,10.4395,22,
0.1940,0.0051,4.4961,16,
0.0845,0.0131,13.8123,6,
0.1381,0.0117,5.0972,11,
0.1077,0.0283,17.3737,5,
0.1030,0.0014,1.2102,4,
0.8814,0.0030,0.0690,22,
0.1616,0.0368,12.8755,11,
0.2842,0.0074,2.2084,22,
0.1914,0.0057,5.6641,16,
0.0800,0.0043,5.7829,6,
0.1288,0.0094,5.1786,11,
0.0312,0.0006,5.2408,3,
0.0945,0.0184,17.6650,5,
0.1006,0.0012,1.0373,4,
0.8979,0.0126,0.1263,22,
0.1106,0.0151,15.7021,10,
0.3011,0.0194,4.1456,23,
0.1850,0.0077,11.9884,16,
0.0893,0.0095,11.1489,6,
0.1197,0.0074,5.2144,10,
0.0711,0.0241,28.4982,5,
0.1365,0.0045,1.9598,5,
0.9067,0.0096,1.0804,23,
0.1082,0.0141,17.0021,11,
0.2864,0.0106,5.1303,22,
0.2169,0.0277,5.3767,16,
0.0624,0.0008,4.1349,5,
0.1271,0.0205,8.8738,10,
0.0822,0.0175,20.2841,6,
0.1371,0.0033,1.4651,5,
0.8730,0.0091,0.2885,22,
0.2560,0.0322,7.0184,13,
0.2927,0.0123,11.1861,23,
0.1954,0.0091,14.9452,16,
0.0783,0.0037,5.6000,6,
0.1107,0.0077,5.4087,10,
0.0878,0.0233,22.4689,6,
0.1014,0.0018,1.9720,4,
0.8903,0.0089,0.0946,22,
0.1071,0.0145,16.5757,10,
0.2914,0.0115,2.8972,23,
0.2056,0.0173,5.7285,16,
0.0607,0.0004,2.2808,5,
0.1450,0.0260,8.4981,11,
0.0804,0.0179,21.8690,5,
0.1365,0.0073,3.2563,5,
0.8735,0.0082,0.2543,22,
0.2505,0.0524,7.2862,15,
0.2918,0.0076,7.5747,23,
0.1704,0.0036,9.4513,15,
0.0850,0.0108,12.0350,6,
0.1069,0.0087,7.5696,10,
0.0765,0.0179,22.6448,4,
0.1383,0.0053,2.2009,5,
0.9206,0.0047,0.0900,23,
0.2651,0.0553,6.4643,16,
0.2954,0.0107,11.1141,23,
0.2005,0.0108,10.9940,16,
0.0791,0.0072,9.5481,6,
0.1324,0.0094,4.5130,12,
0.0903,0.0219,21.1644,5,
0.1346,0.0053,2.3643,5,
0.8500,0.0050,0.0730,22,
0.1100,0.0155,14.8025,9,
0.3026,0.0174,9.5574,23,
0.1675,0.0028,1.9734,15,
0.0606,0.0066,13.4173,5,
0.1440,0.0149,5.9273,12,
0.0999,0.0199,16.3783,5,
0.1411,0.0016,0.6025,5,
0.8767,0.0063,0.0905,22,
0.0196,0.0027,95.6584,9,
0.2933,0.0106,8.3622,23,
0.1813,0.0053,2.2196,15,
0.0805,0.0098,12.3006,6,
0.1286,0.0112,5.2407,11,
0.1013,0.0019,2.5931,4,
0.0758,0.0165,22.3836,5,
0.1355,0.0053,2.2861,5,
0.9061,0.0123,0.1756,23,
0.0191,0.0030,110.5202,9,
0.2916,0.0123,5.1715,23,
0.1760,0.0090,2.8737,14,
0.0771,0.0041,5.9739,6,
0.1402,0.0126,5.0575,12,
0.1033,0.0026,4.4933,4,
0.0974,0.0239,19.1342,6,
0.1034,0.0021,1.6313,4,
0.8889,0.0079,0.0843,22,
0.1546,0.0364,13.7883,12,
0.3061,0.0243,3.6893,23,
0.1800,0.0047,3.0638,14,
0.0634,0.0032,6.0607,5,
0.2318,0.0161,10.1285,13,
0.0759,0.0150,21.7450,5,
0.1362,0.0038,1.7461,5,
0.8804,0.0090,0.6480,22,
0.1100,0.0158,15.5199,10,
0.2845,0.0090,10.3656,22,
0.1504,0.0279,21.0547,18,
0.0612,0.0042,8.6063,5,
0.1431,0.0143,5.4822,12,
0.0794,0.0197,23.3446,4,
0.1381,0.0038,1.7441,5,
0.9101,0.0159,0.1630,23,
0.1080,0.0151,16.5749,11,
0.2955,0.0131,11.2459,22,
0.2041,0.0608,11.3414,20,
0.0655,0.0031,8.3394,5,
0.1655,0.0218,6.3262,13,
0.0798,0.0260,25.0325,5,
0.1385,0.0029,1.1843,5,
0.9266,0.0072,0.1056,23,
0.0216,0.0041,96.1396,9,
0.2944,0.0121,12.1532,22,
0.2655,0.0678,9.3018,20,
0.0764,0.0054,6.8108,6,
0.1350,0.0086,4.1417,12,
0.1002,0.0036,18.8556,4,
0.1350,0.0002,0.3385,5,
0.8698,0.0022,0.1024,22,
0.0200,0.0041,123.3214,9,
0.2935,0.0117,10.7550,22,
0.2703,0.0560,10.1184,17,
0.0782,0.0087,11.9386,6,
0.1227,0.0077,4.3367,11,
0.1042,0.0120,18.6918,5,
0.0995,0.0231,17.9992,6,
0.1340,0.0129,5.4653,5,
0.8558,0.0070,0.2303,22,
0.1590,0.0337,13.4381,12,
0.2841,0.0086,6.1952,20,
0.1351,0.0093,3.9948,8,
0.0605,0.0042,8.7567,5,
0.1661,0.0280,7.0071,12,
0.0841,0.0217,23.4078,5,
0.1344,0.0009,0.4507,5,
0.8732,0.0091,1.6923,22,
0.0189,0.0038,104.6638,10,
0.2870,0.0152,13.6230,21,
0.1083,0.0063,4.0139,7,
0.0785,0.0060,8.2684,6,
0.1361,0.0110,5.0187,12,
0.1032,0.0110,19.2627,5,
0.0749,0.0212,24.9391,5,
0.1379,0.0067,3.6863,5,
0.8794,0.0072,0.0720,22,
0.2520,0.0415,6.2766,14,
0.2988,0.0179,4.1643,23,
0.0945,0.0021,2.0504,6,
0.0698,0.0034,11.8628,6,
0.1256,0.0091,5.3486,11,
0.0815,0.0163,19.6535,6,
0.1338,0.0043,2.1263,5,
0.8895,0.0055,0.0593,22,
0.1644,0.0272,12.0418,12,
0.2892,0.0080,4.9733,23,
0.0831,0.0053,5.7382,5,
0.0639,0.0003,3.5324,5,
0.1497,0.0275,8.1711,10,
0.0960,0.0268,20.4642,6,
0.1369,0.0014,0.6563,5,
0.8950,0.0065,0.7745,22,
0.1090,0.0157,16.0159,10,
0.2911,0.0103,10.8968,22,
0.0771,0.0019,2.6421,5,
0.0635,0.0008,2.5520,5,
0.1646,0.0290,7.2011,12,
0.0823,0.0175,21.1026,4,
0.1431,0.0130,5.4533,5,
0.8173,0.0041,0.0776,21,
0.0201,0.0038,89.8230,8,
0.3017,0.0185,6.7098,23,
0.0828,0.0020,2.5351,5,
0.0746,0.0024,13.4700,6,
0.1082,0.0065,6.5084,10,
0.1005,0.0023,19.1409,4,
0.1414,0.0038,1.5852,5,
0.8717,0.0024,0.2843,22,
0.0210,0.0038,108.7527,10,
0.2970,0.0140,5.6208,23,
0.0803,0.0029,3.8387,5,
0.0630,0.0029,5.8712,5,
0.1330,0.0240,9.0168,10,
0.0932,0.0269,21.5161,6,
0.1358,0.0055,2.2008,5,
0.8634,0.0062,0.7405,22,
0.0181,0.0040,112.5266,10,
0.2957,0.0111,6.3851,23,
0.0973,0.0019,1.6648,6,
0.0613,0.0004,1.2542,5,
0.1267,0.0185,8.3777,10,
0.0725,0.0247,27.4742,5,
0.1374,0.0006,0.3154,5,
0.8811,0.0115,0.1363,22,
0.0201,0.0048,93.4751,9,
0.2874,0.0109,8.1026,22,
0.1322,0.0012,2.3384,8,
0.0600,0.0056,12.6359,5,
0.1198,0.0112,6.8410,10,
0.0879,0.0221,22.4588,5,
0.1368,0.0038,1.6182,5,
0.8926,0.0105,0.1240,22,
0.0197,0.0040,92.0879,10,
0.2904,0.0153,12.3043,21,
0.1254,0.0028,1.4500,8,
0.0714,0.0017,19.7446,6,
0.1096,0.0071,4.8145,10,
0.1061,0.0337,18.1926,5,
0.0831,0.0250,23.8020,5,
0.1367,0.0014,0.5925,5,
0.8275,0.0058,0.1034,21,
0.0183,0.0030,113.0630,9,
0.2981,0.0173,5.7155,23,
0.1426,0.0038,1.4668,9,
0.0791,0.0072,9.1387,6,
0.0994,0.0073,6.7151,9,
0.1064,0.0029,6.2839,4,
0.0773,0.0213,24.5995,6,
0.1375,0.0014,0.6539,5,
0.8817,0.0052,0.0674,22,
0.1674,0.0318,10.9461,10,
0.2833,0.0081,5.9091,22,
0.1682,0.0050,1.5869,10,
0.0805,0.0059,7.4537,6,
0.1189,0.0090,5.2481,11,
0.0967,0.0203,18.3144,5,
0.1027,0.0011,1.8453,4,
0.8746,0.0046,0.0646,22,
0.0200,0.0033,101.6193,9,
0.2928,0.0142,5.1093,21,
0.1894,0.0089,2.1314,11,
0.0790,0.0044,6.0156,6,
0.1088,0.0076,5.6259,10,
0.0934,0.0040,21.4367,4,
0.0743,0.0189,23.8658,5,
0.1406,0.0048,1.9252,5,
0.8769,0.0109,0.1332,22,
0.0189,0.0052,129.6525,10,
0.3064,0.0234,5.1948,23,
0.2016,0.0177,3.5720,11,
0.0635,0.0002,1.7361,5,
0.1402,0.0163,6.5293,12,
0.0884,0.0187,18.6306,5,
0.1429,0.0022,0.8833,5,
0.8647,0.0095,0.3807,22,
0.0555,0.0046,12.1532,4,
0.0197,0.0043,114.3041,9,
0.2934,0.0144,3.0483,23,
0.1894,0.0114,2.6402,11,
0.0777,0.0053,7.2132,6,
0.1227,0.0100,5.7996,11,
0.1014,0.0027,5.3462,4,
0.0966,0.0196,16.9373,5,
0.1367,0.0006,1.6314,5,
0.8676,0.0058,0.2574,22,
0.1480,0.0320,14.6965,11,
0.0681,0.0189,28.4373,4,
0.2901,0.0126,6.8474,23,
0.1996,0.0137,2.8290,11,
0.0753,0.0011,1.7533,6,
0.1222,0.0088,4.9883,11,
0.0747,0.0184,24.4930,5,
0.1373,0.0043,1.8099,5,
0.8862,0.0085,0.0894,22,
0.1082,0.0153,16.0305,10,
0.2863,0.0082,3.0972,22,
0.1650,0.0093,2.8885,10,
0.0630,0.0014,5.1439,5,
0.1505,0.0177,6.3840,12,
0.0315,0.0016,13.6977,4,
0.0804,0.0192,21.5519,5,
0.1389,0.0048,2.1175,5,
0.8821,0.0183,0.1978,22,
0.1075,0.0151,17.3341,11,
0.2999,0.0140,10.9191,23,
0.1984,0.0109,2.3133,11,
0.0635,0.0005,0.9177,5,
0.1332,0.0222,8.6125,10,
0.0084,0.0027,225.5913,4,
0.0831,0.0171,20.5092,5,
0.1369,0.0012,0.5918,5,
0.9185,0.0032,0.0632,23,
0.1105,0.0160,16.4058,10,
0.2805,0.0121,12.0137,21,
0.1704,0.0085,2.4189,10,
0.0656,0.0030,6.1708,5,
0.1332,0.0206,8.1766,11,
0.1021,0.0216,17.3547,5,
0.1332,0.0009,1.8628,5,
0.8739,0.0021,0.1030,22,
0.2559,0.0448,6.2038,14,
0.2978,0.0119,5.5134,22,
0.1544,0.0056,1.9668,9,
0.0590,0.0033,11.8869,5,
0.1211,0.0125,6.9943,10,
0.0988,0.0290,20.5688,6,
0.1365,0.0004,0.2709,5,
0.8779,0.0104,0.1477,22,
0.1067,0.0152,17.3272,11,
0.2913,0.0188,1.7729,21,
0.1961,0.0093,2.0722,10,
0.0830,0.0076,8.9460,6,
0.1082,0.0072,5.8266,10,
0.0075,0.0005,333.2832,4,
0.0797,0.0186,23.3666,5,
0.1365,0.0025,1.0578,5,
0.9116,0.0187,0.6837,23,
0.1061,0.0128,16.6800,11,
0.0648,0.0012,2.4353,4,
0.2832,0.0136,1.6848,20,
0.1780,0.0093,2.6668,9,
0.0628,0.0007,2.2995,5,
0.1239,0.0131,7.0337,10,
0.0778,0.0187,24.0448,5,
0.1396,0.0106,4.4935,5,
0.8764,0.0075,0.1108,22,
0.1663,0.0209,12.4424,11,
0.2710,0.0170,1.6707,19,
0.1579,0.0079,2.5535,8,
0.0606,0.0021,44.8642,5,
0.2167,0.0084,10.7344,11,
0.0702,0.0026,29.6719,4,
0.0947,0.0225,21.0420,5,
0.1351,0.0028,2.2563,5,
0.8965,0.0106,0.1505,22,
0.2483,0.0414,6.3063,15,
0.2663,0.0222,2.3572,19,
0.1397,0.0061,2.9825,7,
0.0799,0.0055,7.3383,6,
0.1127,0.0097,5.9860,10,
0.0822,0.0212,24.7860,4,
0.1375,0.0058,2.3339,5,
0.8803,0.0066,0.1118,22,
0.2508,0.0442,7.5948,17,
0.1506,0.0153,5.5353,16,
0.1103,0.0030,2.0999,6,
0.0792,0.0055,7.6254,6,
0.1049,0.0075,5.6579,9,
0.0763,0.0205,25.2859,5,
0.1355,0.0053,2.5251,5,
0.8874,0.0043,0.1345,22,
0.0206,0.0041,97.7467,10,
0.1571,0.0181,5.4408,16,
0.0874,0.0006,0.7112,5,
0.0942,0.0150,17.2729,6,
0.1075,0.0056,4.8608,10,
0.1096,0.0071,11.6355,5,
0.0929,0.0239,22.1270,5,
0.1366,0.0009,0.3792,5,
0.8921,0.0147,0.1629,22,
0.0195,0.0031,108.9930,10,
0.1409,0.0138,6.0206,15,
0.0964,0.0016,2.7191,5,
0.0753,0.0020,23.3502,6,
0.1066,0.0082,6.2158,10,
0.1076,0.0015,3.5467,4,
0.1479,0.0237,7.8250,5,
0.8717,0.0039,0.3167,22,
0.2454,0.0425,6.8691,15,
0.1382,0.0116,4.9084,17,
0.0694,0.0015,2.4665,4,
0.0806,0.0065,7.7928,6,
0.1116,0.0088,6.3437,10,
0.0708,0.0203,26.7872,5,
0.1016,0.0018,1.3973,4,
0.8931,0.0062,0.1608,22,
0.1078,0.0157,16.7326,11,
0.0650,0.0200,28.0603,9,
0.0768,0.0043,6.7220,6,
0.1021,0.0077,6.6781,9,
0.0775,0.0213,26.2620,6,
0.1354,0.0038,1.6033,5,
0.8367,0.0040,0.0916,21,
0.1074,0.0135,17.4366,11,
0.0987,0.0488,22.3926,12,
0.0706,0.0021,3.3672,4,
0.0640,0.0018,4.2011,5,
0.2340,0.0267,6.7728,12,
0.0720,0.0144,23.7423,4,
0.1381,0.0072,3.0695,5,
0.8850,0.0026,0.0578,22,
0.1103,0.0159,16.1105,10,
0.0845,0.0064,9.5989,8,
0.0786,0.0026,3.5108,6,
0.1212,0.0092,5.4076,11,
0.0315,0.0018,15.2865,4,
0.0807,0.0160,20.2804,5,
0.1383,0.0034,1.5435,5,
0.8768,0.0083,0.1082,22,
0.1670,0.0319,12.3508,13,
0.0651,0.0025,5.5678,5,
0.1345,0.0116,5.0428,11,
0.0960,0.0169,20.1279,4,
0.1386,0.0014,0.8849,5,
0.9112,0.0066,0.2723,22,
0.0238,0.0035,63.5124,9,
0.0629,0.0042,8.5682,5,
0.2139,0.0092,16.3584,11,
0.1047,0.0032,8.2482,4,
0.0819,0.0238,23.6748,6,
0.1389,0.0087,3.9190,5,
0.8786,0.0044,0.0984,22,
0.1625,0.0434,13.4006,12,
0.0627,0.0031,6.6877,5,
0.1432,0.0227,8.0212,11,
0.0295,0.0027,31.3469,4,
0.0977,0.0194,18.8553,4,
0.1455,0.0056,2.1213,5,
0.8526,0.0094,0.1121,22,
0.0709,0.0029,6.8328,4,
0.0190,0.0044,102.1017,10,
0.0363,0.0102,47.1333,7,
0.0665,0.0032,17.0821,6,
0.0814,0.0025,7.6926,6,
0.0987,0.0072,7.6864,9,
0.0786,0.0190,22.9349,5,
0.1372,0.0019,0.8563,5,
0.8787,0.0048,0.2319,22,
0.1383,0.0355,16.1234,11,
0.0330,0.0089,50.6711,6,
0.0957,0.0063,9.4111,8,
0.0604,0.0032,7.0794,5,
0.1260,0.0132,6.8601,10,
0.0773,0.0210,24.1991,5,
0.1027,0.0002,0.9030,4,
0.8841,0.0050,0.0544,22,
0.2452,0.0369,8.1137,15,
0.0730,0.0050,8.8755,5,
0.0381,0.0090,41.4409,7,
0.1091,0.0122,10.2299,8,
0.0813,0.0068,9.0914,6,
0.1118,0.0084,5.8276,10,
0.0806,0.0205,23.0860,5,
0.1382,0.0072,3.0636,5,
0.8822,0.0095,0.0997,22,
0.2506,0.0529,6.6095,15,
0.0658,0.0032,8.2846,4,
0.0457,0.0064,26.9487,9,
0.0930,0.0076,9.2475,7,
0.0806,0.0086,9.9774,4,
0.0631,0.0024,34.7667,5,
0.1366,0.0236,8.3539,11,
0.0846,0.0165,19.5340,5,
0.1369,0.0031,1.4282,5,
0.8695,0.0062,0.0968,22,
0.1599,0.0357,13.8207,11,
0.0676,0.0017,17.0291,4,
0.0491,0.0143,38.8770,11,
0.0845,0.0053,8.6300,6,
0.0862,0.0080,8.1109,4,
0.0845,0.0097,13.8118,6,
0.1452,0.0303,9.0401,11,
0.1061,0.0139,9.9581,4,
0.1032,0.0021,1.6383,4,
0.8705,0.0039,0.0869,22,
0.0168,0.0042,128.4789,8,
0.0625,0.0207,36.4930,14,
0.0803,0.0054,27.6452,5,
0.0866,0.0077,7.7073,4,
0.0789,0.0038,5.4300,6,
0.1224,0.0201,9.1248,10,
0.1002,0.0247,18.6407,6,
0.1073,0.0012,0.8262,4,
0.8499,0.0065,0.1489,22,
0.0759,0.0022,7.2252,4,
0.0196,0.0048,117.2566,9,
0.0925,0.0121,28.3490,14,
0.0871,0.0056,8.9345,7,
0.0723,0.0012,1.8397,4,
0.0783,0.0045,9.5084,6,
0.1124,0.0084,5.2984,10,
0.0724,0.0201,26.4156,5,
0.1379,0.0071,3.1880,5,
0.8718,0.0058,0.1034,22,
0.0824,0.0043,10.0891,5,
0.0229,0.0032,96.7873,8,
0.0947,0.0160,18.5765,12,
0.1301,0.0076,7.3988,10,
0.0732,0.0017,2.4524,4,
0.0824,0.0018,32.8061,6,
0.0978,0.0049,15.3300,9,
0.1068,0.0346,19.4397,7,
0.1373,0.0073,3.0802,5,
0.8931,0.0189,0.1997,22,
0.0720,0.0029,6.7000,4,
0.0216,0.0049,111.3721,8,
0.0539,0.0035,18.9748,9,
0.1301,0.0112,6.6958,10,
0.0760,0.0042,5.6156,4,
0.0777,0.0049,6.5073,6,
0.1316,0.0129,6.3162,11,
0.1133,0.0059,6.0728,5,
0.1313,0.0401,14.5766,11,
0.1390,0.0063,2.8595,5,
0.8881,0.0083,0.1019,22,
0.1111,0.0149,15.7277,9,
0.0858,0.0035,26.0185,5,
0.0520,0.0078,25.1368,8,
0.1280,0.0076,5.6992,9,
0.0805,0.0066,7.6327,4,
0.0802,0.0038,5.1072,6,
0.1246,0.0070,3.8033,11,
0.0063,0.0025,369.0186,4,
0.1397,0.0400,13.0766,12,
0.1362,0.0012,0.5969,5,
0.9112,0.0050,0.0822,23,
0.2570,0.0457,6.6610,14,
0.0709,0.0027,14.3633,4,
0.0354,0.0049,82.8372,7,
0.1044,0.0053,20.3180,7,
0.0634,0.0014,3.0650,4,
0.0786,0.0023,20.9042,6,
0.1285,0.0051,2.6506,11,
0.1340,0.0382,14.6144,12,
0.1718,0.0117,3.2075,6,
0.8959,0.0078,0.0845,22,
0.0770,0.0006,1.1612,4,
0.0202,0.0039,89.0398,8,
0.0966,0.0075,6.8659,6,
0.0770,0.0052,6.5546,4,
0.0759,0.0030,4.6217,6,
0.1315,0.0102,5.0308,12,
0.1123,0.0088,10.9433,5,
0.1632,0.0341,9.4020,14,
0.1443,0.0058,2.3678,5,
0.8696,0.0072,0.0818,22,
0.0777,0.0036,7.5527,5,
0.0197,0.0040,104.3101,10,
0.0711,0.0084,12.2797,5,
0.0861,0.0053,5.5451,4,
0.0758,0.0035,4.7198,6,
0.1161,0.0066,4.3521,10,
0.0998,0.0053,14.3179,6,
0.1671,0.0365,9.5287,16,
0.1365,0.0054,2.9261,5,
0.8660,0.0095,0.1283,22,
0.1108,0.0147,15.4087,9,
0.0741,0.0026,15.2215,5,
0.0886,0.0110,12.8317,5,
0.0655,0.0018,4.6146,4,
0.0777,0.0035,4.9841,6,
0.1296,0.0096,5.1172,11,
0.1692,0.0346,8.1745,14,
0.1345,0.0063,2.6123,5,
0.8778,0.0096,0.1966,22,
0.1720,0.0355,11.5460,10,
0.0748,0.0008,1.7184,5,
0.0663,0.0090,14.6060,5,
0.1038,0.0061,4.3237,5,
0.0750,0.0037,5.5891,6,
0.1280,0.0076,4.4421,11,
0.1920,0.0343,6.8244,15,
0.1354,0.0038,1.6475,5,
0.8804,0.0020,0.0564,22,
0.2524,0.0463,6.5246,14,
0.0717,0.0031,16.2432,5,
0.0629,0.0056,11.1808,5,
0.0690,0.0001,0.1616,4,
0.1016,0.0065,10.3246,7,
0.1094,0.0074,6.4113,10,
0.1637,0.0268,8.4443,14,
0.1374,0.0024,1.0696,5,
0.8790,0.0042,0.2280,22,
0.2564,0.0452,7.1988,16,
0.0725,0.0023,9.2795,4,
0.0695,0.0042,9.2477,5,
0.0697,0.0003,1.9726,4,
0.0896,0.0140,12.7937,7,
0.1278,0.0033,22.0089,11,
0.1599,0.0278,9.5201,14,
0.1369,0.0053,2.9231,5,
0.8804,0.0041,0.1064,22,
0.1615,0.0259,12.5538,13,
0.0786,0.0026,6.4671,5,
0.0755,0.0032,26.6351,5,
0.0715,0.0024,3.7363,4,
0.0737,0.0029,11.8576,6,
0.1445,0.0066,14.1229,11,
0.1585,0.0241,7.5996,14,
0.1464,0.0108,4.2389,5,
0.8779,0.0048,0.1204,22,
0.0751,0.0036,6.8844,4,
0.0181,0.0038,130.0557,10,
0.0689,0.0061,9.9657,5,
0.0833,0.0067,7.4651,4,
0.0743,0.0039,5.3020,6,
0.1213,0.0101,5.4530,11,
0.1697,0.0114,4.4912,6,
0.1612,0.0336,9.9139,14,
0.1374,0.0024,1.1556,5,
0.8766,0.0060,0.0995,22,
0.1615,0.0386,12.7555,11,
0.0737,0.0026,22.3635,5,
0.0663,0.0085,13.8625,5,
0.0809,0.0062,7.1445,4,
0.0754,0.0044,6.5058,6,
0.1205,0.0103,5.7804,11,
0.1592,0.0324,9.7040,13,
0.1375,0.0038,1.6136,5,
0.8813,0.0095,0.0964,22,
0.1552,0.0406,14.1439,12,
0.0767,0.0005,0.9718,4,
0.0620,0.0059,12.3733,5,
0.0739,0.0029,4.0632,4,
0.0767,0.0051,7.9582,6,
0.1792,0.0280,6.6197,11,
0.0342,0.0011,9.2068,3,
0.1904,0.0438,8.5308,18,
0.1369,0.0019,0.7544,5,
0.8910,0.0081,0.1043,22,
0.0739,0.0026,8.9920,5,
0.0196,0.0053,111.1016,9,
0.0526,0.0053,14.8842,4,
0.0792,0.0048,5.7674,4,
0.0785,0.0024,3.4607,6,
0.1276,0.0083,4.8968,10,
0.1616,0.0341,10.4532,14,
0.1395,0.0115,4.8412,5,
